#
# There is insufficient memory for the Java Runtime Environment to continue.
# Native memory allocation (mmap) failed to map 677380096 bytes. Error detail: G1 virtual space
# Possible reasons:
#   The system is out of physical RAM or swap space
#   This process is running with CompressedOops enabled, and the Java Heap may be blocking the growth of the native heap
# Possible solutions:
#   Reduce memory load on the system
#   Increase physical memory or swap space
#   Check if swap backing store is full
#   Decrease Java heap size (-Xmx/-Xms)
#   Decrease number of Java threads
#   Decrease Java thread stack sizes (-Xss)
#   Set larger code cache with -XX:ReservedCodeCacheSize=
#   JVM is running with Zero Based Compressed Oops mode in which the Java heap is
#     placed in the first 32GB address space. The Java Heap base address is the
#     maximum limit for the native heap growth. Please use -XX:HeapBaseMinAddress
#     to set the Java Heap base and to place the Java Heap above 32GB virtual address.
# This output file may be truncated or incomplete.
#
#  Out of Memory Error (os_windows.cpp:3703), pid=13380, tid=29136
#
# JRE version: Java(TM) SE Runtime Environment (23.0+37) (build 23+37-2369)
# Java VM: Java HotSpot(TM) 64-Bit Server VM (23+37-2369, mixed mode, emulated-client, sharing, tiered, compressed oops, compressed class ptrs, g1 gc, windows-amd64)
# No core dump will be written. Minidumps are not enabled by default on client versions of Windows
#

---------------  S U M M A R Y ------------

Command Line: -XX:TieredStopAtLevel=1 demo.ticket_app.TicketAppApplication

Host: 11th Gen Intel(R) Core(TM) i5-11400H @ 2.70GHz, 12 cores, 15G,  Windows 11 , 64 bit Build 26100 (10.0.26100.7920)
Time: Mon Apr 13 01:11:37 2026 SE Asia Standard Time elapsed time: 343.781268 seconds (0d 0h 5m 43s)

---------------  T H R E A D  ---------------

Current thread (0x000001f2d249e7f0):  VMThread "VM Thread"          [id=29136, stack(0x00000031c1200000,0x00000031c1300000) (1024K)]

Stack: [0x00000031c1200000,0x00000031c1300000]
Native frames: (J=compiled Java code, j=interpreted, Vv=VM code, C=native code)
V  [jvm.dll+0x6e08a9]  (no source info available)
V  [jvm.dll+0x87da63]  (no source info available)
V  [jvm.dll+0x87feee]  (no source info available)
V  [jvm.dll+0x8805c3]  (no source info available)
V  [jvm.dll+0x27aee6]  (no source info available)
V  [jvm.dll+0x6dd1b5]  (no source info available)
V  [jvm.dll+0x6d103a]  (no source info available)
V  [jvm.dll+0x35b3ea]  (no source info available)
V  [jvm.dll+0x3637f6]  (no source info available)
V  [jvm.dll+0x34fd5e]  (no source info available)
V  [jvm.dll+0x34fff8]  (no source info available)
V  [jvm.dll+0x3289cc]  (no source info available)
V  [jvm.dll+0x328a5a]  (no source info available)
V  [jvm.dll+0x374c92]  (no source info available)
V  [jvm.dll+0x373392]  (no source info available)
V  [jvm.dll+0x3281a7]  (no source info available)
V  [jvm.dll+0x372b44]  (no source info available)
V  [jvm.dll+0x886500]  (no source info available)
V  [jvm.dll+0x887827]  (no source info available)
V  [jvm.dll+0x887d58]  (no source info available)
V  [jvm.dll+0x887ff3]  (no source info available)
V  [jvm.dll+0x824f1b]  (no source info available)
V  [jvm.dll+0x6df055]  (no source info available)
C  [ucrtbase.dll+0x37b0]  (no source info available)
C  [KERNEL32.DLL+0x2e8d7]  (no source info available)
C  [ntdll.dll+0x8c48c]  (no source info available)

VM_Operation (0x00000031c34f6780): G1CollectForAllocation, mode: safepoint, requested by thread 0x000001f31a521590


---------------  P R O C E S S  ---------------

Threads class SMR info:
_java_thread_list=0x000001f320bbc650, length=32, elements={
0x000001f2d24ba8d0, 0x000001f2d24bb620, 0x000001f2d24be9f0, 0x000001f2d24bf540,
0x000001f2d24c0090, 0x000001f2d2918090, 0x000001f2d2919710, 0x000001f2d2a4de00,
0x000001f2d2a4d770, 0x000001f2d2a4ca50, 0x000001f2d2a4b010, 0x000001f31a51fb50,
0x000001f31a520870, 0x000001f31a5201e0, 0x000001f31a51d3f0, 0x000001f31a520f00,
0x000001f31a51e7a0, 0x000001f31a521590, 0x000001f31a521c20, 0x000001f31a5222b0,
0x000001f31a51ee30, 0x000001f31a524380, 0x000001f31a524a10, 0x000001f31a522fd0,
0x000001f31a522940, 0x000001f31a523660, 0x000001f31a523cf0, 0x000001f32056ed50,
0x000001f320570790, 0x000001f320571b40, 0x000001f320572ef0, 0x000001f31afed810
}

Java Threads: ( => current thread )
  0x000001f2d24ba8d0 JavaThread "Reference Handler"          daemon [_thread_blocked, id=17152, stack(0x00000031c1300000,0x00000031c1400000) (1024K)]
  0x000001f2d24bb620 JavaThread "Finalizer"                  daemon [_thread_blocked, id=27244, stack(0x00000031c1400000,0x00000031c1500000) (1024K)]
  0x000001f2d24be9f0 JavaThread "Signal Dispatcher"          daemon [_thread_blocked, id=10428, stack(0x00000031c1500000,0x00000031c1600000) (1024K)]
  0x000001f2d24bf540 JavaThread "Attach Listener"            daemon [_thread_blocked, id=29620, stack(0x00000031c1600000,0x00000031c1700000) (1024K)]
  0x000001f2d24c0090 JavaThread "Service Thread"             daemon [_thread_blocked, id=24392, stack(0x00000031c1700000,0x00000031c1800000) (1024K)]
  0x000001f2d2918090 JavaThread "Monitor Deflation Thread"   daemon [_thread_blocked, id=6968, stack(0x00000031c1800000,0x00000031c1900000) (1024K)]
  0x000001f2d2919710 JavaThread "C1 CompilerThread0"         daemon [_thread_blocked, id=17932, stack(0x00000031c1900000,0x00000031c1a00000) (1024K)]
  0x000001f2d2a4de00 JavaThread "Notification Thread"        daemon [_thread_blocked, id=19548, stack(0x00000031c1b00000,0x00000031c1c00000) (1024K)]
  0x000001f2d2a4d770 JavaThread "Common-Cleaner"             daemon [_thread_blocked, id=28160, stack(0x00000031c1c00000,0x00000031c1d00000) (1024K)]
  0x000001f2d2a4ca50 JavaThread "Cleaner-0"                  daemon [_thread_blocked, id=27252, stack(0x00000031c2b00000,0x00000031c2c00000) (1024K)]
  0x000001f2d2a4b010 JavaThread "HikariPool-1:housekeeper"   daemon [_thread_blocked, id=20468, stack(0x00000031c2c00000,0x00000031c2d00000) (1024K)]
  0x000001f31a51fb50 JavaThread "Catalina-utility-1"                [_thread_blocked, id=25452, stack(0x00000031c2e00000,0x00000031c2f00000) (1024K)]
  0x000001f31a520870 JavaThread "Catalina-utility-2"                [_thread_blocked, id=26020, stack(0x00000031c2f00000,0x00000031c3000000) (1024K)]
  0x000001f31a5201e0 JavaThread "container-0"                       [_thread_blocked, id=19612, stack(0x00000031c3000000,0x00000031c3100000) (1024K)]
  0x000001f31a51d3f0 JavaThread "lettuce-timer-3-1"          daemon [_thread_blocked, id=24552, stack(0x00000031c3100000,0x00000031c3200000) (1024K)]
  0x000001f31a520f00 JavaThread "http-nio-8081-exec-1"       daemon [_thread_blocked, id=5080, stack(0x00000031c3200000,0x00000031c3300000) (1024K)]
  0x000001f31a51e7a0 JavaThread "http-nio-8081-exec-2"       daemon [_thread_blocked, id=3892, stack(0x00000031c3300000,0x00000031c3400000) (1024K)]
  0x000001f31a521590 JavaThread "http-nio-8081-exec-3"       daemon [_thread_blocked, id=15208, stack(0x00000031c3400000,0x00000031c3500000) (1024K)]
  0x000001f31a521c20 JavaThread "http-nio-8081-exec-4"       daemon [_thread_blocked, id=20320, stack(0x00000031c3500000,0x00000031c3600000) (1024K)]
  0x000001f31a5222b0 JavaThread "http-nio-8081-exec-5"       daemon [_thread_blocked, id=25756, stack(0x00000031c3600000,0x00000031c3700000) (1024K)]
  0x000001f31a51ee30 JavaThread "http-nio-8081-exec-6"       daemon [_thread_blocked, id=22460, stack(0x00000031c3700000,0x00000031c3800000) (1024K)]
  0x000001f31a524380 JavaThread "http-nio-8081-exec-7"       daemon [_thread_blocked, id=25840, stack(0x00000031c3800000,0x00000031c3900000) (1024K)]
  0x000001f31a524a10 JavaThread "http-nio-8081-exec-8"       daemon [_thread_blocked, id=27268, stack(0x00000031c3900000,0x00000031c3a00000) (1024K)]
  0x000001f31a522fd0 JavaThread "http-nio-8081-exec-9"       daemon [_thread_blocked, id=18860, stack(0x00000031c3a00000,0x00000031c3b00000) (1024K)]
  0x000001f31a522940 JavaThread "http-nio-8081-exec-10"      daemon [_thread_blocked, id=17860, stack(0x00000031c3b00000,0x00000031c3c00000) (1024K)]
  0x000001f31a523660 JavaThread "http-nio-8081-Poller"       daemon [_thread_blocked, id=25524, stack(0x00000031c3c00000,0x00000031c3d00000) (1024K)]
  0x000001f31a523cf0 JavaThread "http-nio-8081-Acceptor"     daemon [_thread_in_native, id=4152, stack(0x00000031c3d00000,0x00000031c3e00000) (1024K)]
  0x000001f32056ed50 JavaThread "scheduled-1"                       [_thread_blocked, id=29300, stack(0x00000031c3e00000,0x00000031c3f00000) (1024K)]
  0x000001f320570790 JavaThread "scheduled-2"                       [_thread_blocked, id=29624, stack(0x00000031c3f00000,0x00000031c4000000) (1024K)]
  0x000001f320571b40 JavaThread "DestroyJavaVM"                     [_thread_blocked, id=21984, stack(0x00000031c0b00000,0x00000031c0c00000) (1024K)]
  0x000001f320572ef0 JavaThread "lettuce-nioEventLoop-4-1"   daemon [_thread_in_native, id=27964, stack(0x00000031c1a00000,0x00000031c1b00000) (1024K)]
  0x000001f31afed810 JavaThread "C1 CompilerThread1"         daemon [_thread_blocked, id=16700, stack(0x00000031c0900000,0x00000031c0a00000) (1024K)]
Total: 32

Other Threads:
=>0x000001f2d249e7f0 VMThread "VM Thread"                           [id=29136, stack(0x00000031c1200000,0x00000031c1300000) (1024K)]
  0x000001f2d248bbc0 WatcherThread "VM Periodic Task Thread"        [id=25612, stack(0x00000031c1100000,0x00000031c1200000) (1024K)]
  0x000001f2bf340eb0 WorkerThread "GC Thread#0"                     [id=21240, stack(0x00000031c0c00000,0x00000031c0d00000) (1024K)]
  0x000001f31884ee40 WorkerThread "GC Thread#1"                     [id=23172, stack(0x00000031c1f00000,0x00000031c2000000) (1024K)]
  0x000001f31884f1f0 WorkerThread "GC Thread#2"                     [id=29164, stack(0x00000031c2000000,0x00000031c2100000) (1024K)]
  0x000001f31885b260 WorkerThread "GC Thread#3"                     [id=11096, stack(0x00000031c2100000,0x00000031c2200000) (1024K)]
  0x000001f318867a40 WorkerThread "GC Thread#4"                     [id=26052, stack(0x00000031c2200000,0x00000031c2300000) (1024K)]
  0x000001f318868400 WorkerThread "GC Thread#5"                     [id=2472, stack(0x00000031c2300000,0x00000031c2400000) (1024K)]
  0x000001f318a584b0 WorkerThread "GC Thread#6"                     [id=24020, stack(0x00000031c2500000,0x00000031c2600000) (1024K)]
  0x000001f318ad58c0 WorkerThread "GC Thread#7"                     [id=24968, stack(0x00000031c2600000,0x00000031c2700000) (1024K)]
  0x000001f318a4f280 WorkerThread "GC Thread#8"                     [id=26708, stack(0x00000031c2700000,0x00000031c2800000) (1024K)]
  0x000001f318a4eb20 WorkerThread "GC Thread#9"                     [id=23656, stack(0x00000031c2800000,0x00000031c2900000) (1024K)]
  0x000001f2bf355d10 ConcurrentGCThread "G1 Main Marker"            [id=29612, stack(0x00000031c0d00000,0x00000031c0e00000) (1024K)]
  0x000001f2bf359250 WorkerThread "G1 Conc#0"                       [id=28096, stack(0x00000031c0e00000,0x00000031c0f00000) (1024K)]
  0x000001f318a4dc60 WorkerThread "G1 Conc#1"                       [id=13572, stack(0x00000031c2900000,0x00000031c2a00000) (1024K)]
  0x000001f318a4e010 WorkerThread "G1 Conc#2"                       [id=10816, stack(0x00000031c2a00000,0x00000031c2b00000) (1024K)]
  0x000001f2d235a090 ConcurrentGCThread "G1 Refine#0"               [id=19844, stack(0x00000031c0f00000,0x00000031c1000000) (1024K)]
  0x000001f2d235aab0 ConcurrentGCThread "G1 Service"                [id=19052, stack(0x00000031c1000000,0x00000031c1100000) (1024K)]
Total: 18

Threads with active compile tasks:
Total: 0

VM state: at safepoint (normal execution)

VM Mutex/Monitor currently owned by a thread:  ([mutex/lock_event])
[0x00007ffdb7203910] Threads_lock - owner thread: 0x000001f2d249e7f0
[0x00007ffdb7203a10] Heap_lock - owner thread: 0x000001f31a521590

Heap address: 0x0000000704000000, size: 4032 MB, Compressed Oops mode: Zero based, Oop shift amount: 3

CDS archive(s) mapped at: [0x000001f2d3000000-0x000001f2d3d70000-0x000001f2d3d70000), size 14090240, SharedBaseAddress: 0x000001f2d3000000, ArchiveRelocationMode: 1.
Compressed class space mapped at: 0x000001f2d4000000-0x000001f314000000, reserved size: 1073741824
Narrow klass base: 0x000001f2d3000000, Narrow klass shift: 0, Narrow klass range: 0x41000000

GC Precious Log:
 CardTable entry size: 512
 Card Set container configuration: InlinePtr #cards 4 size 8 Array Of Cards #cards 16 size 48 Howl #buckets 8 coarsen threshold 3686 Howl Bitmap #cards 512 size 80 coarsen threshold 460 Card regions per heap region 1 cards per card region 4096
 CPUs: 12 total, 12 available
 Memory: 16122M
 Large Page Support: Disabled
 NUMA Support: Disabled
 Compressed Oops: Enabled (Zero based)
 Heap Region Size: 2M
 Heap Min Capacity: 8M
 Heap Initial Capacity: 252M
 Heap Max Capacity: 4032M
 Pre-touch: Disabled
 Parallel Workers: 10
 Concurrent Workers: 3
 Concurrent Refinement Workers: 10
 Periodic GC: Disabled

Heap:
 garbage-first heap   total reserved 4128768K, committed 970752K, used 772096K [0x0000000704000000, 0x0000000800000000)
  region size 2048K, 6 young (12288K), 6 survivors (12288K)
 Metaspace       used 100749K, committed 102208K, reserved 1179648K
  class space    used 15165K, committed 15744K, reserved 1048576K

Heap Regions: E=young(eden), S=young(survivor), O=old, HS=humongous(starts), HC=humongous(continues), CS=collection set, F=free, TAMS=top-at-mark-start, PB=parsable bottom
|   0|0x0000000704000000, 0x0000000704200000, 0x0000000704200000|100%| O|  |TAMS 0x0000000704200000| PB 0x0000000704000000| Untracked |  0
|   1|0x0000000704200000, 0x0000000704400000, 0x0000000704400000|100%| O|  |TAMS 0x0000000704400000| PB 0x0000000704200000| Untracked |  0
|   2|0x0000000704400000, 0x0000000704600000, 0x0000000704600000|100%| O|  |TAMS 0x0000000704600000| PB 0x0000000704400000| Untracked |  0
|   3|0x0000000704600000, 0x0000000704800000, 0x0000000704800000|100%| O|  |TAMS 0x0000000704800000| PB 0x0000000704600000| Untracked |  0
|   4|0x0000000704800000, 0x0000000704a00000, 0x0000000704a00000|100%| O|  |TAMS 0x0000000704a00000| PB 0x0000000704800000| Untracked |  0
|   5|0x0000000704a00000, 0x0000000704c00000, 0x0000000704c00000|100%| O|  |TAMS 0x0000000704c00000| PB 0x0000000704a00000| Untracked |  0
|   6|0x0000000704c00000, 0x0000000704e00000, 0x0000000704e00000|100%| O|  |TAMS 0x0000000704e00000| PB 0x0000000704c00000| Untracked |  0
|   7|0x0000000704e00000, 0x0000000705000000, 0x0000000705000000|100%| O|  |TAMS 0x0000000705000000| PB 0x0000000704e00000| Untracked |  0
|   8|0x0000000705000000, 0x0000000705200000, 0x0000000705200000|100%| O|  |TAMS 0x0000000705200000| PB 0x0000000705000000| Untracked |  0
|   9|0x0000000705200000, 0x0000000705400000, 0x0000000705400000|100%| O|  |TAMS 0x0000000705400000| PB 0x0000000705200000| Untracked |  0
|  10|0x0000000705400000, 0x0000000705600000, 0x0000000705600000|100%| O|  |TAMS 0x0000000705600000| PB 0x0000000705400000| Untracked |  0
|  11|0x0000000705600000, 0x0000000705800000, 0x0000000705800000|100%| O|  |TAMS 0x0000000705800000| PB 0x0000000705600000| Untracked |  0
|  12|0x0000000705800000, 0x0000000705a00000, 0x0000000705a00000|100%| O|  |TAMS 0x0000000705a00000| PB 0x0000000705800000| Untracked |  0
|  13|0x0000000705a00000, 0x0000000705c00000, 0x0000000705c00000|100%| O|  |TAMS 0x0000000705c00000| PB 0x0000000705a00000| Untracked |  0
|  14|0x0000000705c00000, 0x0000000705e00000, 0x0000000705e00000|100%| O|  |TAMS 0x0000000705e00000| PB 0x0000000705c00000| Untracked |  0
|  15|0x0000000705e00000, 0x0000000706000000, 0x0000000706000000|100%| O|  |TAMS 0x0000000706000000| PB 0x0000000705e00000| Untracked |  0
|  16|0x0000000706000000, 0x0000000706200000, 0x0000000706200000|100%| O|  |TAMS 0x0000000706200000| PB 0x0000000706000000| Untracked |  0
|  17|0x0000000706200000, 0x0000000706400000, 0x0000000706400000|100%| O|  |TAMS 0x0000000706400000| PB 0x0000000706200000| Untracked |  0
|  18|0x0000000706400000, 0x0000000706600000, 0x0000000706600000|100%| O|  |TAMS 0x0000000706600000| PB 0x0000000706400000| Untracked |  0
|  19|0x0000000706600000, 0x0000000706800000, 0x0000000706800000|100%| O|  |TAMS 0x0000000706800000| PB 0x0000000706600000| Untracked |  0
|  20|0x0000000706800000, 0x0000000706a00000, 0x0000000706a00000|100%| O|  |TAMS 0x0000000706a00000| PB 0x0000000706800000| Untracked |  0
|  21|0x0000000706a00000, 0x0000000706c00000, 0x0000000706c00000|100%| O|  |TAMS 0x0000000706c00000| PB 0x0000000706a00000| Untracked |  0
|  22|0x0000000706c00000, 0x0000000706e00000, 0x0000000706e00000|100%| O|  |TAMS 0x0000000706c00000| PB 0x0000000706c00000| Untracked |  0
|  23|0x0000000706e00000, 0x0000000707000000, 0x0000000707000000|100%| O|  |TAMS 0x0000000707000000| PB 0x0000000706e00000| Untracked |  0
|  24|0x0000000707000000, 0x0000000707200000, 0x0000000707200000|100%| O|  |TAMS 0x0000000707200000| PB 0x0000000707000000| Untracked |  0
|  25|0x0000000707200000, 0x0000000707400000, 0x0000000707400000|100%| O|  |TAMS 0x0000000707400000| PB 0x0000000707200000| Untracked |  0
|  26|0x0000000707400000, 0x0000000707600000, 0x0000000707600000|100%| O|  |TAMS 0x0000000707600000| PB 0x0000000707400000| Untracked |  0
|  27|0x0000000707600000, 0x0000000707800000, 0x0000000707800000|100%| O|  |TAMS 0x0000000707800000| PB 0x0000000707600000| Untracked |  0
|  28|0x0000000707800000, 0x0000000707a00000, 0x0000000707a00000|100%| O|  |TAMS 0x0000000707a00000| PB 0x0000000707800000| Untracked |  0
|  29|0x0000000707a00000, 0x0000000707c00000, 0x0000000707c00000|100%| O|  |TAMS 0x0000000707c00000| PB 0x0000000707a00000| Untracked |  0
|  30|0x0000000707c00000, 0x0000000707e00000, 0x0000000707e00000|100%| O|  |TAMS 0x0000000707e00000| PB 0x0000000707c00000| Untracked |  0
|  31|0x0000000707e00000, 0x0000000708000000, 0x0000000708000000|100%| O|  |TAMS 0x0000000708000000| PB 0x0000000707e00000| Untracked |  0
|  32|0x0000000708000000, 0x0000000708200000, 0x0000000708200000|100%| O|  |TAMS 0x0000000708200000| PB 0x0000000708000000| Untracked |  0
|  33|0x0000000708200000, 0x0000000708400000, 0x0000000708400000|100%| O|  |TAMS 0x0000000708400000| PB 0x0000000708200000| Untracked |  0
|  34|0x0000000708400000, 0x0000000708600000, 0x0000000708600000|100%| O|  |TAMS 0x0000000708600000| PB 0x0000000708400000| Untracked |  0
|  35|0x0000000708600000, 0x0000000708800000, 0x0000000708800000|100%| O|  |TAMS 0x0000000708800000| PB 0x0000000708600000| Untracked |  0
|  36|0x0000000708800000, 0x0000000708a00000, 0x0000000708a00000|100%| O|  |TAMS 0x0000000708a00000| PB 0x0000000708800000| Untracked |  0
|  37|0x0000000708a00000, 0x0000000708c00000, 0x0000000708c00000|100%| O|  |TAMS 0x0000000708c00000| PB 0x0000000708a00000| Untracked |  0
|  38|0x0000000708c00000, 0x0000000708e00000, 0x0000000708e00000|100%| O|  |TAMS 0x0000000708e00000| PB 0x0000000708c00000| Untracked |  0
|  39|0x0000000708e00000, 0x0000000709000000, 0x0000000709000000|100%|HS|  |TAMS 0x0000000709000000| PB 0x0000000708e00000| Complete |  0
|  40|0x0000000709000000, 0x0000000709200000, 0x0000000709200000|100%| O|  |TAMS 0x0000000709200000| PB 0x0000000709000000| Untracked |  0
|  41|0x0000000709200000, 0x0000000709400000, 0x0000000709400000|100%| O|  |TAMS 0x0000000709400000| PB 0x0000000709200000| Untracked |  0
|  42|0x0000000709400000, 0x0000000709600000, 0x0000000709600000|100%| O|  |TAMS 0x0000000709600000| PB 0x0000000709400000| Untracked |  0
|  43|0x0000000709600000, 0x0000000709800000, 0x0000000709800000|100%| O|  |TAMS 0x0000000709800000| PB 0x0000000709600000| Untracked |  0
|  44|0x0000000709800000, 0x0000000709a00000, 0x0000000709a00000|100%| O|  |TAMS 0x0000000709a00000| PB 0x0000000709800000| Untracked |  0
|  45|0x0000000709a00000, 0x0000000709c00000, 0x0000000709c00000|100%| O|  |TAMS 0x0000000709c00000| PB 0x0000000709a00000| Untracked |  0
|  46|0x0000000709c00000, 0x0000000709e00000, 0x0000000709e00000|100%| O|  |TAMS 0x0000000709e00000| PB 0x0000000709c00000| Untracked |  0
|  47|0x0000000709e00000, 0x000000070a000000, 0x000000070a000000|100%| O|  |TAMS 0x000000070a000000| PB 0x0000000709e00000| Untracked |  0
|  48|0x000000070a000000, 0x000000070a200000, 0x000000070a200000|100%| O|  |TAMS 0x000000070a200000| PB 0x000000070a000000| Untracked |  0
|  49|0x000000070a200000, 0x000000070a400000, 0x000000070a400000|100%| O|  |TAMS 0x000000070a400000| PB 0x000000070a200000| Untracked |  0
|  50|0x000000070a400000, 0x000000070a600000, 0x000000070a600000|100%| O|  |TAMS 0x000000070a600000| PB 0x000000070a400000| Untracked |  0
|  51|0x000000070a600000, 0x000000070a800000, 0x000000070a800000|100%| O|  |TAMS 0x000000070a600000| PB 0x000000070a600000| Untracked |  0
|  52|0x000000070a800000, 0x000000070aa00000, 0x000000070aa00000|100%| O|  |TAMS 0x000000070aa00000| PB 0x000000070a800000| Untracked |  0
|  53|0x000000070aa00000, 0x000000070ac00000, 0x000000070ac00000|100%| O|  |TAMS 0x000000070ac00000| PB 0x000000070aa00000| Untracked |  0
|  54|0x000000070ac00000, 0x000000070ae00000, 0x000000070ae00000|100%| O|  |TAMS 0x000000070ae00000| PB 0x000000070ac00000| Untracked |  0
|  55|0x000000070ae00000, 0x000000070b000000, 0x000000070b000000|100%| O|  |TAMS 0x000000070b000000| PB 0x000000070ae00000| Untracked |  0
|  56|0x000000070b000000, 0x000000070b200000, 0x000000070b200000|100%| O|  |TAMS 0x000000070b200000| PB 0x000000070b000000| Untracked |  0
|  57|0x000000070b200000, 0x000000070b400000, 0x000000070b400000|100%| O|  |TAMS 0x000000070b400000| PB 0x000000070b200000| Untracked |  0
|  58|0x000000070b400000, 0x000000070b600000, 0x000000070b600000|100%| O|  |TAMS 0x000000070b600000| PB 0x000000070b400000| Untracked |  0
|  59|0x000000070b600000, 0x000000070b800000, 0x000000070b800000|100%| O|  |TAMS 0x000000070b800000| PB 0x000000070b600000| Untracked |  0
|  60|0x000000070b800000, 0x000000070ba00000, 0x000000070ba00000|100%| O|  |TAMS 0x000000070ba00000| PB 0x000000070b800000| Untracked |  0
|  61|0x000000070ba00000, 0x000000070bc00000, 0x000000070bc00000|100%| O|  |TAMS 0x000000070bc00000| PB 0x000000070ba00000| Untracked |  0
|  62|0x000000070bc00000, 0x000000070be00000, 0x000000070be00000|100%| O|  |TAMS 0x000000070be00000| PB 0x000000070bc00000| Untracked |  0
|  63|0x000000070be00000, 0x000000070c000000, 0x000000070c000000|100%| O|  |TAMS 0x000000070c000000| PB 0x000000070be00000| Untracked |  0
|  64|0x000000070c000000, 0x000000070c200000, 0x000000070c200000|100%| O|  |TAMS 0x000000070c200000| PB 0x000000070c000000| Untracked |  0
|  65|0x000000070c200000, 0x000000070c400000, 0x000000070c400000|100%| O|  |TAMS 0x000000070c400000| PB 0x000000070c200000| Untracked |  0
|  66|0x000000070c400000, 0x000000070c600000, 0x000000070c600000|100%| O|  |TAMS 0x000000070c600000| PB 0x000000070c400000| Untracked |  0
|  67|0x000000070c600000, 0x000000070c800000, 0x000000070c800000|100%| O|  |TAMS 0x000000070c800000| PB 0x000000070c600000| Untracked |  0
|  68|0x000000070c800000, 0x000000070ca00000, 0x000000070ca00000|100%| O|  |TAMS 0x000000070ca00000| PB 0x000000070c800000| Untracked |  0
|  69|0x000000070ca00000, 0x000000070cc00000, 0x000000070cc00000|100%| O|  |TAMS 0x000000070cc00000| PB 0x000000070ca00000| Untracked |  0
|  70|0x000000070cc00000, 0x000000070ce00000, 0x000000070ce00000|100%| O|  |TAMS 0x000000070ce00000| PB 0x000000070cc00000| Untracked |  0
|  71|0x000000070ce00000, 0x000000070d000000, 0x000000070d000000|100%| O|  |TAMS 0x000000070d000000| PB 0x000000070ce00000| Untracked |  0
|  72|0x000000070d000000, 0x000000070d200000, 0x000000070d200000|100%| O|  |TAMS 0x000000070d200000| PB 0x000000070d000000| Untracked |  0
|  73|0x000000070d200000, 0x000000070d400000, 0x000000070d400000|100%| O|  |TAMS 0x000000070d400000| PB 0x000000070d200000| Untracked |  0
|  74|0x000000070d400000, 0x000000070d600000, 0x000000070d600000|100%| O|  |TAMS 0x000000070d600000| PB 0x000000070d400000| Untracked |  0
|  75|0x000000070d600000, 0x000000070d800000, 0x000000070d800000|100%| O|  |TAMS 0x000000070d800000| PB 0x000000070d600000| Untracked |  0
|  76|0x000000070d800000, 0x000000070da00000, 0x000000070da00000|100%| O|  |TAMS 0x000000070da00000| PB 0x000000070d800000| Untracked |  0
|  77|0x000000070da00000, 0x000000070dc00000, 0x000000070dc00000|100%| O|  |TAMS 0x000000070dc00000| PB 0x000000070da00000| Untracked |  0
|  78|0x000000070dc00000, 0x000000070de00000, 0x000000070de00000|100%| O|  |TAMS 0x000000070de00000| PB 0x000000070dc00000| Untracked |  0
|  79|0x000000070de00000, 0x000000070e000000, 0x000000070e000000|100%| O|  |TAMS 0x000000070e000000| PB 0x000000070de00000| Untracked |  0
|  80|0x000000070e000000, 0x000000070e200000, 0x000000070e200000|100%| O|  |TAMS 0x000000070e200000| PB 0x000000070e000000| Untracked |  0
|  81|0x000000070e200000, 0x000000070e400000, 0x000000070e400000|100%| O|  |TAMS 0x000000070e400000| PB 0x000000070e200000| Untracked |  0
|  82|0x000000070e400000, 0x000000070e600000, 0x000000070e600000|100%| O|  |TAMS 0x000000070e600000| PB 0x000000070e400000| Untracked |  0
|  83|0x000000070e600000, 0x000000070e800000, 0x000000070e800000|100%| O|  |TAMS 0x000000070e800000| PB 0x000000070e600000| Untracked |  0
|  84|0x000000070e800000, 0x000000070ea00000, 0x000000070ea00000|100%| O|  |TAMS 0x000000070ea00000| PB 0x000000070e800000| Untracked |  0
|  85|0x000000070ea00000, 0x000000070ec00000, 0x000000070ec00000|100%| O|  |TAMS 0x000000070ec00000| PB 0x000000070ea00000| Untracked |  0
|  86|0x000000070ec00000, 0x000000070ee00000, 0x000000070ee00000|100%| O|  |TAMS 0x000000070ee00000| PB 0x000000070ec00000| Untracked |  0
|  87|0x000000070ee00000, 0x000000070f000000, 0x000000070f000000|100%| O|  |TAMS 0x000000070f000000| PB 0x000000070ee00000| Untracked |  0
|  88|0x000000070f000000, 0x000000070f200000, 0x000000070f200000|100%| O|  |TAMS 0x000000070f200000| PB 0x000000070f000000| Untracked |  0
|  89|0x000000070f200000, 0x000000070f400000, 0x000000070f400000|100%| O|  |TAMS 0x000000070f400000| PB 0x000000070f200000| Untracked |  0
|  90|0x000000070f400000, 0x000000070f600000, 0x000000070f600000|100%| O|  |TAMS 0x000000070f600000| PB 0x000000070f400000| Untracked |  0
|  91|0x000000070f600000, 0x000000070f800000, 0x000000070f800000|100%| O|  |TAMS 0x000000070f800000| PB 0x000000070f600000| Untracked |  0
|  92|0x000000070f800000, 0x000000070fa00000, 0x000000070fa00000|100%| O|  |TAMS 0x000000070fa00000| PB 0x000000070f800000| Untracked |  0
|  93|0x000000070fa00000, 0x000000070fc00000, 0x000000070fc00000|100%| O|  |TAMS 0x000000070fc00000| PB 0x000000070fa00000| Untracked |  0
|  94|0x000000070fc00000, 0x000000070fe00000, 0x000000070fe00000|100%| O|  |TAMS 0x000000070fc00000| PB 0x000000070fc00000| Untracked |  0
|  95|0x000000070fe00000, 0x0000000710000000, 0x0000000710000000|100%| O|  |TAMS 0x0000000710000000| PB 0x000000070fe00000| Untracked |  0
|  96|0x0000000710000000, 0x0000000710200000, 0x0000000710200000|100%| O|  |TAMS 0x0000000710200000| PB 0x0000000710000000| Untracked |  0
|  97|0x0000000710200000, 0x0000000710400000, 0x0000000710400000|100%| O|  |TAMS 0x0000000710400000| PB 0x0000000710200000| Untracked |  0
|  98|0x0000000710400000, 0x0000000710600000, 0x0000000710600000|100%| O|  |TAMS 0x0000000710400000| PB 0x0000000710400000| Untracked |  0
|  99|0x0000000710600000, 0x0000000710800000, 0x0000000710800000|100%| O|  |TAMS 0x0000000710800000| PB 0x0000000710600000| Untracked |  0
| 100|0x0000000710800000, 0x0000000710a00000, 0x0000000710a00000|100%| O|  |TAMS 0x0000000710a00000| PB 0x0000000710800000| Untracked |  0
| 101|0x0000000710a00000, 0x0000000710c00000, 0x0000000710c00000|100%| O|  |TAMS 0x0000000710c00000| PB 0x0000000710a00000| Untracked |  0
| 102|0x0000000710c00000, 0x0000000710e00000, 0x0000000710e00000|100%| O|  |TAMS 0x0000000710e00000| PB 0x0000000710c00000| Untracked |  0
| 103|0x0000000710e00000, 0x0000000711000000, 0x0000000711000000|100%| O|  |TAMS 0x0000000711000000| PB 0x0000000710e00000| Untracked |  0
| 104|0x0000000711000000, 0x0000000711200000, 0x0000000711200000|100%| O|  |TAMS 0x0000000711200000| PB 0x0000000711000000| Untracked |  0
| 105|0x0000000711200000, 0x0000000711400000, 0x0000000711400000|100%| O|  |TAMS 0x0000000711400000| PB 0x0000000711200000| Untracked |  0
| 106|0x0000000711400000, 0x0000000711600000, 0x0000000711600000|100%| O|  |TAMS 0x0000000711600000| PB 0x0000000711400000| Untracked |  0
| 107|0x0000000711600000, 0x0000000711800000, 0x0000000711800000|100%| O|  |TAMS 0x0000000711800000| PB 0x0000000711600000| Untracked |  0
| 108|0x0000000711800000, 0x0000000711a00000, 0x0000000711a00000|100%| O|  |TAMS 0x0000000711a00000| PB 0x0000000711800000| Untracked |  0
| 109|0x0000000711a00000, 0x0000000711c00000, 0x0000000711c00000|100%| O|  |TAMS 0x0000000711c00000| PB 0x0000000711a00000| Untracked |  0
| 110|0x0000000711c00000, 0x0000000711e00000, 0x0000000711e00000|100%| O|  |TAMS 0x0000000711e00000| PB 0x0000000711c00000| Untracked |  0
| 111|0x0000000711e00000, 0x0000000712000000, 0x0000000712000000|100%| O|  |TAMS 0x0000000712000000| PB 0x0000000711e00000| Untracked |  0
| 112|0x0000000712000000, 0x0000000712200000, 0x0000000712200000|100%| O|  |TAMS 0x0000000712200000| PB 0x0000000712000000| Untracked |  0
| 113|0x0000000712200000, 0x0000000712400000, 0x0000000712400000|100%| O|  |TAMS 0x0000000712400000| PB 0x0000000712200000| Untracked |  0
| 114|0x0000000712400000, 0x0000000712600000, 0x0000000712600000|100%| O|  |TAMS 0x0000000712600000| PB 0x0000000712400000| Untracked |  0
| 115|0x0000000712600000, 0x0000000712800000, 0x0000000712800000|100%| O|  |TAMS 0x0000000712800000| PB 0x0000000712600000| Untracked |  0
| 116|0x0000000712800000, 0x0000000712a00000, 0x0000000712a00000|100%| O|  |TAMS 0x0000000712a00000| PB 0x0000000712800000| Untracked |  0
| 117|0x0000000712a00000, 0x0000000712c00000, 0x0000000712c00000|100%| O|  |TAMS 0x0000000712c00000| PB 0x0000000712a00000| Untracked |  0
| 118|0x0000000712c00000, 0x0000000712e00000, 0x0000000712e00000|100%| O|  |TAMS 0x0000000712e00000| PB 0x0000000712c00000| Untracked |  0
| 119|0x0000000712e00000, 0x0000000713000000, 0x0000000713000000|100%| O|  |TAMS 0x0000000713000000| PB 0x0000000712e00000| Untracked |  0
| 120|0x0000000713000000, 0x0000000713200000, 0x0000000713200000|100%| O|  |TAMS 0x0000000713200000| PB 0x0000000713000000| Untracked |  0
| 121|0x0000000713200000, 0x0000000713400000, 0x0000000713400000|100%| O|  |TAMS 0x0000000713400000| PB 0x0000000713200000| Untracked |  0
| 122|0x0000000713400000, 0x0000000713600000, 0x0000000713600000|100%| O|  |TAMS 0x0000000713600000| PB 0x0000000713400000| Untracked |  0
| 123|0x0000000713600000, 0x0000000713800000, 0x0000000713800000|100%| O|  |TAMS 0x0000000713800000| PB 0x0000000713600000| Untracked |  0
| 124|0x0000000713800000, 0x0000000713a00000, 0x0000000713a00000|100%| O|  |TAMS 0x0000000713a00000| PB 0x0000000713800000| Untracked |  0
| 125|0x0000000713a00000, 0x0000000713c00000, 0x0000000713c00000|100%| O|  |TAMS 0x0000000713c00000| PB 0x0000000713a00000| Untracked |  0
| 126|0x0000000713c00000, 0x0000000713e00000, 0x0000000713e00000|100%| O|  |TAMS 0x0000000713e00000| PB 0x0000000713c00000| Untracked |  0
| 127|0x0000000713e00000, 0x0000000714000000, 0x0000000714000000|100%| O|  |TAMS 0x0000000714000000| PB 0x0000000713e00000| Untracked |  0
| 128|0x0000000714000000, 0x0000000714200000, 0x0000000714200000|100%| O|  |TAMS 0x0000000714200000| PB 0x0000000714000000| Untracked |  0
| 129|0x0000000714200000, 0x0000000714400000, 0x0000000714400000|100%| O|  |TAMS 0x0000000714400000| PB 0x0000000714200000| Untracked |  0
| 130|0x0000000714400000, 0x0000000714600000, 0x0000000714600000|100%| O|  |TAMS 0x0000000714600000| PB 0x0000000714400000| Untracked |  0
| 131|0x0000000714600000, 0x0000000714800000, 0x0000000714800000|100%| O|  |TAMS 0x0000000714800000| PB 0x0000000714600000| Untracked |  0
| 132|0x0000000714800000, 0x0000000714a00000, 0x0000000714a00000|100%| O|  |TAMS 0x0000000714a00000| PB 0x0000000714800000| Untracked |  0
| 133|0x0000000714a00000, 0x0000000714c00000, 0x0000000714c00000|100%| O|  |TAMS 0x0000000714c00000| PB 0x0000000714a00000| Untracked |  0
| 134|0x0000000714c00000, 0x0000000714e00000, 0x0000000714e00000|100%| O|  |TAMS 0x0000000714e00000| PB 0x0000000714c00000| Untracked |  0
| 135|0x0000000714e00000, 0x0000000715000000, 0x0000000715000000|100%| O|  |TAMS 0x0000000715000000| PB 0x0000000714e00000| Untracked |  0
| 136|0x0000000715000000, 0x0000000715200000, 0x0000000715200000|100%| O|  |TAMS 0x0000000715200000| PB 0x0000000715000000| Untracked |  0
| 137|0x0000000715200000, 0x0000000715400000, 0x0000000715400000|100%| O|  |TAMS 0x0000000715400000| PB 0x0000000715200000| Untracked |  0
| 138|0x0000000715400000, 0x0000000715600000, 0x0000000715600000|100%| O|  |TAMS 0x0000000715600000| PB 0x0000000715400000| Untracked |  0
| 139|0x0000000715600000, 0x0000000715800000, 0x0000000715800000|100%| O|  |TAMS 0x0000000715800000| PB 0x0000000715600000| Untracked |  0
| 140|0x0000000715800000, 0x0000000715a00000, 0x0000000715a00000|100%| O|  |TAMS 0x0000000715a00000| PB 0x0000000715800000| Untracked |  0
| 141|0x0000000715a00000, 0x0000000715c00000, 0x0000000715c00000|100%| O|  |TAMS 0x0000000715c00000| PB 0x0000000715a00000| Untracked |  0
| 142|0x0000000715c00000, 0x0000000715e00000, 0x0000000715e00000|100%| O|  |TAMS 0x0000000715e00000| PB 0x0000000715c00000| Untracked |  0
| 143|0x0000000715e00000, 0x0000000716000000, 0x0000000716000000|100%| O|  |TAMS 0x0000000716000000| PB 0x0000000715e00000| Untracked |  0
| 144|0x0000000716000000, 0x0000000716200000, 0x0000000716200000|100%| O|  |TAMS 0x0000000716200000| PB 0x0000000716000000| Untracked |  0
| 145|0x0000000716200000, 0x0000000716400000, 0x0000000716400000|100%| O|  |TAMS 0x0000000716400000| PB 0x0000000716200000| Untracked |  0
| 146|0x0000000716400000, 0x0000000716600000, 0x0000000716600000|100%| O|  |TAMS 0x0000000716600000| PB 0x0000000716400000| Untracked |  0
| 147|0x0000000716600000, 0x0000000716800000, 0x0000000716800000|100%| O|  |TAMS 0x0000000716800000| PB 0x0000000716600000| Untracked |  0
| 148|0x0000000716800000, 0x0000000716a00000, 0x0000000716a00000|100%| O|  |TAMS 0x0000000716a00000| PB 0x0000000716800000| Untracked |  0
| 149|0x0000000716a00000, 0x0000000716c00000, 0x0000000716c00000|100%| O|  |TAMS 0x0000000716c00000| PB 0x0000000716a00000| Untracked |  0
| 150|0x0000000716c00000, 0x0000000716e00000, 0x0000000716e00000|100%| O|  |TAMS 0x0000000716e00000| PB 0x0000000716c00000| Untracked |  0
| 151|0x0000000716e00000, 0x0000000717000000, 0x0000000717000000|100%| O|  |TAMS 0x0000000717000000| PB 0x0000000716e00000| Untracked |  0
| 152|0x0000000717000000, 0x0000000717200000, 0x0000000717200000|100%| O|  |TAMS 0x0000000717200000| PB 0x0000000717000000| Untracked |  0
| 153|0x0000000717200000, 0x0000000717400000, 0x0000000717400000|100%| O|  |TAMS 0x0000000717400000| PB 0x0000000717200000| Untracked |  0
| 154|0x0000000717400000, 0x0000000717600000, 0x0000000717600000|100%| O|  |TAMS 0x0000000717600000| PB 0x0000000717400000| Untracked |  0
| 155|0x0000000717600000, 0x0000000717800000, 0x0000000717800000|100%| O|  |TAMS 0x0000000717800000| PB 0x0000000717600000| Untracked |  0
| 156|0x0000000717800000, 0x0000000717a00000, 0x0000000717a00000|100%| O|  |TAMS 0x0000000717a00000| PB 0x0000000717800000| Untracked |  0
| 157|0x0000000717a00000, 0x0000000717c00000, 0x0000000717c00000|100%| O|  |TAMS 0x0000000717c00000| PB 0x0000000717a00000| Untracked |  0
| 158|0x0000000717c00000, 0x0000000717e00000, 0x0000000717e00000|100%| O|  |TAMS 0x0000000717e00000| PB 0x0000000717c00000| Untracked |  0
| 159|0x0000000717e00000, 0x0000000718000000, 0x0000000718000000|100%| O|  |TAMS 0x0000000718000000| PB 0x0000000717e00000| Untracked |  0
| 160|0x0000000718000000, 0x0000000718200000, 0x0000000718200000|100%| O|  |TAMS 0x0000000718200000| PB 0x0000000718000000| Untracked |  0
| 161|0x0000000718200000, 0x0000000718400000, 0x0000000718400000|100%| O|  |TAMS 0x0000000718400000| PB 0x0000000718200000| Untracked |  0
| 162|0x0000000718400000, 0x0000000718600000, 0x0000000718600000|100%|HS|  |TAMS 0x0000000718600000| PB 0x0000000718400000| Complete |  0
| 163|0x0000000718600000, 0x0000000718800000, 0x0000000718800000|100%|HC|  |TAMS 0x0000000718800000| PB 0x0000000718600000| Complete |  0
| 164|0x0000000718800000, 0x0000000718a00000, 0x0000000718a00000|100%| O|  |TAMS 0x0000000718a00000| PB 0x0000000718800000| Untracked |  0
| 165|0x0000000718a00000, 0x0000000718c00000, 0x0000000718c00000|100%| O|  |TAMS 0x0000000718c00000| PB 0x0000000718a00000| Untracked |  0
| 166|0x0000000718c00000, 0x0000000718e00000, 0x0000000718e00000|100%| O|  |TAMS 0x0000000718e00000| PB 0x0000000718c00000| Untracked |  0
| 167|0x0000000718e00000, 0x0000000719000000, 0x0000000719000000|100%| O|  |TAMS 0x0000000719000000| PB 0x0000000718e00000| Untracked |  0
| 168|0x0000000719000000, 0x0000000719200000, 0x0000000719200000|100%| O|  |TAMS 0x0000000719200000| PB 0x0000000719000000| Untracked |  0
| 169|0x0000000719200000, 0x0000000719400000, 0x0000000719400000|100%| O|  |TAMS 0x0000000719400000| PB 0x0000000719200000| Untracked |  0
| 170|0x0000000719400000, 0x0000000719600000, 0x0000000719600000|100%| O|  |TAMS 0x0000000719600000| PB 0x0000000719400000| Untracked |  0
| 171|0x0000000719600000, 0x0000000719800000, 0x0000000719800000|100%| O|  |TAMS 0x0000000719800000| PB 0x0000000719600000| Untracked |  0
| 172|0x0000000719800000, 0x0000000719a00000, 0x0000000719a00000|100%| O|  |TAMS 0x0000000719a00000| PB 0x0000000719800000| Untracked |  0
| 173|0x0000000719a00000, 0x0000000719c00000, 0x0000000719c00000|100%| O|  |TAMS 0x0000000719c00000| PB 0x0000000719a00000| Untracked |  0
| 174|0x0000000719c00000, 0x0000000719e00000, 0x0000000719e00000|100%| O|  |TAMS 0x0000000719e00000| PB 0x0000000719c00000| Untracked |  0
| 175|0x0000000719e00000, 0x000000071a000000, 0x000000071a000000|100%| O|  |TAMS 0x000000071a000000| PB 0x0000000719e00000| Untracked |  0
| 176|0x000000071a000000, 0x000000071a200000, 0x000000071a200000|100%| O|  |TAMS 0x000000071a200000| PB 0x000000071a000000| Untracked |  0
| 177|0x000000071a200000, 0x000000071a400000, 0x000000071a400000|100%| O|  |TAMS 0x000000071a400000| PB 0x000000071a200000| Untracked |  0
| 178|0x000000071a400000, 0x000000071a600000, 0x000000071a600000|100%| O|  |TAMS 0x000000071a600000| PB 0x000000071a400000| Untracked |  0
| 179|0x000000071a600000, 0x000000071a800000, 0x000000071a800000|100%| O|  |TAMS 0x000000071a600000| PB 0x000000071a600000| Untracked |  0
| 180|0x000000071a800000, 0x000000071aa00000, 0x000000071aa00000|100%| O|  |TAMS 0x000000071aa00000| PB 0x000000071a800000| Untracked |  0
| 181|0x000000071aa00000, 0x000000071ac00000, 0x000000071ac00000|100%| O|  |TAMS 0x000000071ac00000| PB 0x000000071aa00000| Untracked |  0
| 182|0x000000071ac00000, 0x000000071ae00000, 0x000000071ae00000|100%| O|  |TAMS 0x000000071ae00000| PB 0x000000071ac00000| Untracked |  0
| 183|0x000000071ae00000, 0x000000071b000000, 0x000000071b000000|100%| O|  |TAMS 0x000000071b000000| PB 0x000000071ae00000| Untracked |  0
| 184|0x000000071b000000, 0x000000071b200000, 0x000000071b200000|100%| O|  |TAMS 0x000000071b200000| PB 0x000000071b000000| Untracked |  0
| 185|0x000000071b200000, 0x000000071b400000, 0x000000071b400000|100%| O|  |TAMS 0x000000071b400000| PB 0x000000071b200000| Untracked |  0
| 186|0x000000071b400000, 0x000000071b600000, 0x000000071b600000|100%| O|  |TAMS 0x000000071b600000| PB 0x000000071b400000| Untracked |  0
| 187|0x000000071b600000, 0x000000071b800000, 0x000000071b800000|100%| O|  |TAMS 0x000000071b800000| PB 0x000000071b600000| Untracked |  0
| 188|0x000000071b800000, 0x000000071ba00000, 0x000000071ba00000|100%| O|  |TAMS 0x000000071ba00000| PB 0x000000071b800000| Untracked |  0
| 189|0x000000071ba00000, 0x000000071bc00000, 0x000000071bc00000|100%| O|  |TAMS 0x000000071bc00000| PB 0x000000071ba00000| Untracked |  0
| 190|0x000000071bc00000, 0x000000071be00000, 0x000000071be00000|100%| O|  |TAMS 0x000000071be00000| PB 0x000000071bc00000| Untracked |  0
| 191|0x000000071be00000, 0x000000071c000000, 0x000000071c000000|100%| O|  |TAMS 0x000000071c000000| PB 0x000000071be00000| Untracked |  0
| 192|0x000000071c000000, 0x000000071c200000, 0x000000071c200000|100%| O|  |TAMS 0x000000071c200000| PB 0x000000071c000000| Untracked |  0
| 193|0x000000071c200000, 0x000000071c400000, 0x000000071c400000|100%| O|  |TAMS 0x000000071c400000| PB 0x000000071c200000| Untracked |  0
| 194|0x000000071c400000, 0x000000071c600000, 0x000000071c600000|100%| O|  |TAMS 0x000000071c600000| PB 0x000000071c400000| Untracked |  0
| 195|0x000000071c600000, 0x000000071c800000, 0x000000071c800000|100%| O|  |TAMS 0x000000071c800000| PB 0x000000071c600000| Untracked |  0
| 196|0x000000071c800000, 0x000000071ca00000, 0x000000071ca00000|100%| O|  |TAMS 0x000000071ca00000| PB 0x000000071c800000| Untracked |  0
| 197|0x000000071ca00000, 0x000000071cc00000, 0x000000071cc00000|100%| O|  |TAMS 0x000000071cc00000| PB 0x000000071ca00000| Untracked |  0
| 198|0x000000071cc00000, 0x000000071ce00000, 0x000000071ce00000|100%| O|  |TAMS 0x000000071ce00000| PB 0x000000071cc00000| Untracked |  0
| 199|0x000000071ce00000, 0x000000071d000000, 0x000000071d000000|100%| O|  |TAMS 0x000000071d000000| PB 0x000000071ce00000| Untracked |  0
| 200|0x000000071d000000, 0x000000071d200000, 0x000000071d200000|100%| O|  |TAMS 0x000000071d200000| PB 0x000000071d000000| Untracked |  0
| 201|0x000000071d200000, 0x000000071d400000, 0x000000071d400000|100%| O|  |TAMS 0x000000071d400000| PB 0x000000071d200000| Untracked |  0
| 202|0x000000071d400000, 0x000000071d600000, 0x000000071d600000|100%| O|  |TAMS 0x000000071d600000| PB 0x000000071d400000| Untracked |  0
| 203|0x000000071d600000, 0x000000071d800000, 0x000000071d800000|100%| O|  |TAMS 0x000000071d800000| PB 0x000000071d600000| Untracked |  0
| 204|0x000000071d800000, 0x000000071da00000, 0x000000071da00000|100%| O|  |TAMS 0x000000071da00000| PB 0x000000071d800000| Untracked |  0
| 205|0x000000071da00000, 0x000000071dc00000, 0x000000071dc00000|100%| O|  |TAMS 0x000000071dc00000| PB 0x000000071da00000| Untracked |  0
| 206|0x000000071dc00000, 0x000000071de00000, 0x000000071de00000|100%| O|  |TAMS 0x000000071de00000| PB 0x000000071dc00000| Untracked |  0
| 207|0x000000071de00000, 0x000000071e000000, 0x000000071e000000|100%| O|  |TAMS 0x000000071e000000| PB 0x000000071de00000| Untracked |  0
| 208|0x000000071e000000, 0x000000071e200000, 0x000000071e200000|100%| O|  |TAMS 0x000000071e200000| PB 0x000000071e000000| Untracked |  0
| 209|0x000000071e200000, 0x000000071e400000, 0x000000071e400000|100%| O|  |TAMS 0x000000071e400000| PB 0x000000071e200000| Untracked |  0
| 210|0x000000071e400000, 0x000000071e600000, 0x000000071e600000|100%| O|  |TAMS 0x000000071e600000| PB 0x000000071e400000| Untracked |  0
| 211|0x000000071e600000, 0x000000071e800000, 0x000000071e800000|100%| O|  |TAMS 0x000000071e800000| PB 0x000000071e600000| Untracked |  0
| 212|0x000000071e800000, 0x000000071ea00000, 0x000000071ea00000|100%| O|  |TAMS 0x000000071ea00000| PB 0x000000071e800000| Untracked |  0
| 213|0x000000071ea00000, 0x000000071ec00000, 0x000000071ec00000|100%| O|  |TAMS 0x000000071ec00000| PB 0x000000071ea00000| Untracked |  0
| 214|0x000000071ec00000, 0x000000071ee00000, 0x000000071ee00000|100%| O|  |TAMS 0x000000071ee00000| PB 0x000000071ec00000| Untracked |  0
| 215|0x000000071ee00000, 0x000000071f000000, 0x000000071f000000|100%| O|  |TAMS 0x000000071f000000| PB 0x000000071ee00000| Untracked |  0
| 216|0x000000071f000000, 0x000000071f200000, 0x000000071f200000|100%| O|  |TAMS 0x000000071f200000| PB 0x000000071f000000| Untracked |  0
| 217|0x000000071f200000, 0x000000071f400000, 0x000000071f400000|100%| O|  |TAMS 0x000000071f400000| PB 0x000000071f200000| Untracked |  0
| 218|0x000000071f400000, 0x000000071f600000, 0x000000071f600000|100%| O|  |TAMS 0x000000071f600000| PB 0x000000071f400000| Untracked |  0
| 219|0x000000071f600000, 0x000000071f800000, 0x000000071f800000|100%| O|  |TAMS 0x000000071f800000| PB 0x000000071f600000| Untracked |  0
| 220|0x000000071f800000, 0x000000071fa00000, 0x000000071fa00000|100%| O|  |TAMS 0x000000071fa00000| PB 0x000000071f800000| Untracked |  0
| 221|0x000000071fa00000, 0x000000071fc00000, 0x000000071fc00000|100%| O|  |TAMS 0x000000071fc00000| PB 0x000000071fa00000| Untracked |  0
| 222|0x000000071fc00000, 0x000000071fe00000, 0x000000071fe00000|100%| O|  |TAMS 0x000000071fe00000| PB 0x000000071fc00000| Untracked |  0
| 223|0x000000071fe00000, 0x0000000720000000, 0x0000000720000000|100%| O|  |TAMS 0x0000000720000000| PB 0x000000071fe00000| Untracked |  0
| 224|0x0000000720000000, 0x0000000720200000, 0x0000000720200000|100%| O|  |TAMS 0x0000000720200000| PB 0x0000000720000000| Untracked |  0
| 225|0x0000000720200000, 0x0000000720400000, 0x0000000720400000|100%| O|  |TAMS 0x0000000720400000| PB 0x0000000720200000| Untracked |  0
| 226|0x0000000720400000, 0x0000000720600000, 0x0000000720600000|100%| O|  |TAMS 0x0000000720600000| PB 0x0000000720400000| Untracked |  0
| 227|0x0000000720600000, 0x0000000720800000, 0x0000000720800000|100%| O|  |TAMS 0x0000000720800000| PB 0x0000000720600000| Untracked |  0
| 228|0x0000000720800000, 0x0000000720a00000, 0x0000000720a00000|100%| O|  |TAMS 0x0000000720a00000| PB 0x0000000720800000| Untracked |  0
| 229|0x0000000720a00000, 0x0000000720c00000, 0x0000000720c00000|100%| O|  |TAMS 0x0000000720c00000| PB 0x0000000720a00000| Untracked |  0
| 230|0x0000000720c00000, 0x0000000720e00000, 0x0000000720e00000|100%| O|  |TAMS 0x0000000720e00000| PB 0x0000000720c00000| Untracked |  0
| 231|0x0000000720e00000, 0x0000000721000000, 0x0000000721000000|100%| O|  |TAMS 0x0000000721000000| PB 0x0000000720e00000| Untracked |  0
| 232|0x0000000721000000, 0x0000000721200000, 0x0000000721200000|100%| O|  |TAMS 0x0000000721200000| PB 0x0000000721000000| Untracked |  0
| 233|0x0000000721200000, 0x0000000721400000, 0x0000000721400000|100%| O|  |TAMS 0x0000000721400000| PB 0x0000000721200000| Untracked |  0
| 234|0x0000000721400000, 0x0000000721600000, 0x0000000721600000|100%| O|  |TAMS 0x0000000721400000| PB 0x0000000721400000| Untracked |  0
| 235|0x0000000721600000, 0x0000000721800000, 0x0000000721800000|100%| O|  |TAMS 0x0000000721600000| PB 0x0000000721600000| Untracked |  0
| 236|0x0000000721800000, 0x0000000721a00000, 0x0000000721a00000|100%| O|  |TAMS 0x0000000721a00000| PB 0x0000000721800000| Untracked |  0
| 237|0x0000000721a00000, 0x0000000721c00000, 0x0000000721c00000|100%| O|  |TAMS 0x0000000721c00000| PB 0x0000000721a00000| Untracked |  0
| 238|0x0000000721c00000, 0x0000000721e00000, 0x0000000721e00000|100%| O|  |TAMS 0x0000000721e00000| PB 0x0000000721c00000| Untracked |  0
| 239|0x0000000721e00000, 0x0000000722000000, 0x0000000722000000|100%| O|  |TAMS 0x0000000722000000| PB 0x0000000721e00000| Untracked |  0
| 240|0x0000000722000000, 0x0000000722200000, 0x0000000722200000|100%| O|  |TAMS 0x0000000722200000| PB 0x0000000722000000| Untracked |  0
| 241|0x0000000722200000, 0x0000000722400000, 0x0000000722400000|100%| O|  |TAMS 0x0000000722400000| PB 0x0000000722200000| Untracked |  0
| 242|0x0000000722400000, 0x0000000722600000, 0x0000000722600000|100%| O|  |TAMS 0x0000000722600000| PB 0x0000000722400000| Untracked |  0
| 243|0x0000000722600000, 0x0000000722800000, 0x0000000722800000|100%| O|  |TAMS 0x0000000722800000| PB 0x0000000722600000| Untracked |  0
| 244|0x0000000722800000, 0x0000000722a00000, 0x0000000722a00000|100%| O|  |TAMS 0x0000000722a00000| PB 0x0000000722800000| Untracked |  0
| 245|0x0000000722a00000, 0x0000000722c00000, 0x0000000722c00000|100%| O|  |TAMS 0x0000000722c00000| PB 0x0000000722a00000| Untracked |  0
| 246|0x0000000722c00000, 0x0000000722e00000, 0x0000000722e00000|100%| O|  |TAMS 0x0000000722e00000| PB 0x0000000722c00000| Untracked |  0
| 247|0x0000000722e00000, 0x0000000723000000, 0x0000000723000000|100%| O|  |TAMS 0x0000000723000000| PB 0x0000000722e00000| Untracked |  0
| 248|0x0000000723000000, 0x0000000723200000, 0x0000000723200000|100%| O|  |TAMS 0x0000000723200000| PB 0x0000000723000000| Untracked |  0
| 249|0x0000000723200000, 0x0000000723400000, 0x0000000723400000|100%| O|  |TAMS 0x0000000723400000| PB 0x0000000723200000| Untracked |  0
| 250|0x0000000723400000, 0x0000000723600000, 0x0000000723600000|100%| O|  |TAMS 0x0000000723600000| PB 0x0000000723400000| Untracked |  0
| 251|0x0000000723600000, 0x0000000723800000, 0x0000000723800000|100%| O|  |TAMS 0x0000000723800000| PB 0x0000000723600000| Untracked |  0
| 252|0x0000000723800000, 0x0000000723a00000, 0x0000000723a00000|100%| O|  |TAMS 0x0000000723a00000| PB 0x0000000723800000| Untracked |  0
| 253|0x0000000723a00000, 0x0000000723c00000, 0x0000000723c00000|100%| O|  |TAMS 0x0000000723c00000| PB 0x0000000723a00000| Untracked |  0
| 254|0x0000000723c00000, 0x0000000723e00000, 0x0000000723e00000|100%| O|  |TAMS 0x0000000723e00000| PB 0x0000000723c00000| Untracked |  0
| 255|0x0000000723e00000, 0x0000000724000000, 0x0000000724000000|100%| O|  |TAMS 0x0000000724000000| PB 0x0000000723e00000| Untracked |  0
| 256|0x0000000724000000, 0x0000000724200000, 0x0000000724200000|100%| O|  |TAMS 0x0000000724200000| PB 0x0000000724000000| Untracked |  0
| 257|0x0000000724200000, 0x0000000724400000, 0x0000000724400000|100%| O|  |TAMS 0x0000000724400000| PB 0x0000000724200000| Untracked |  0
| 258|0x0000000724400000, 0x0000000724600000, 0x0000000724600000|100%| O|  |TAMS 0x0000000724600000| PB 0x0000000724400000| Untracked |  0
| 259|0x0000000724600000, 0x0000000724800000, 0x0000000724800000|100%| O|  |TAMS 0x0000000724800000| PB 0x0000000724600000| Untracked |  0
| 260|0x0000000724800000, 0x0000000724a00000, 0x0000000724a00000|100%| O|  |TAMS 0x0000000724a00000| PB 0x0000000724800000| Untracked |  0
| 261|0x0000000724a00000, 0x0000000724c00000, 0x0000000724c00000|100%| O|  |TAMS 0x0000000724c00000| PB 0x0000000724a00000| Untracked |  0
| 262|0x0000000724c00000, 0x0000000724e00000, 0x0000000724e00000|100%| O|  |TAMS 0x0000000724e00000| PB 0x0000000724c00000| Untracked |  0
| 263|0x0000000724e00000, 0x0000000725000000, 0x0000000725000000|100%| O|  |TAMS 0x0000000725000000| PB 0x0000000724e00000| Untracked |  0
| 264|0x0000000725000000, 0x0000000725200000, 0x0000000725200000|100%| O|  |TAMS 0x0000000725200000| PB 0x0000000725000000| Untracked |  0
| 265|0x0000000725200000, 0x0000000725400000, 0x0000000725400000|100%| O|  |TAMS 0x0000000725400000| PB 0x0000000725200000| Untracked |  0
| 266|0x0000000725400000, 0x0000000725600000, 0x0000000725600000|100%| O|  |TAMS 0x0000000725600000| PB 0x0000000725400000| Untracked |  0
| 267|0x0000000725600000, 0x0000000725800000, 0x0000000725800000|100%| O|  |TAMS 0x0000000725800000| PB 0x0000000725600000| Untracked |  0
| 268|0x0000000725800000, 0x0000000725a00000, 0x0000000725a00000|100%|HS|  |TAMS 0x0000000725a00000| PB 0x0000000725800000| Complete |  0
| 269|0x0000000725a00000, 0x0000000725c00000, 0x0000000725c00000|100%|HC|  |TAMS 0x0000000725c00000| PB 0x0000000725a00000| Complete |  0
| 270|0x0000000725c00000, 0x0000000725e00000, 0x0000000725e00000|100%|HS|  |TAMS 0x0000000725e00000| PB 0x0000000725c00000| Complete |  0
| 271|0x0000000725e00000, 0x0000000726000000, 0x0000000726000000|100%|HC|  |TAMS 0x0000000726000000| PB 0x0000000725e00000| Complete |  0
| 272|0x0000000726000000, 0x0000000726200000, 0x0000000726200000|100%|HC|  |TAMS 0x0000000726200000| PB 0x0000000726000000| Complete |  0
| 273|0x0000000726200000, 0x0000000726400000, 0x0000000726400000|100%| O|  |TAMS 0x0000000726400000| PB 0x0000000726200000| Untracked |  0
| 274|0x0000000726400000, 0x0000000726600000, 0x0000000726600000|100%| O|  |TAMS 0x0000000726600000| PB 0x0000000726400000| Untracked |  0
| 275|0x0000000726600000, 0x0000000726800000, 0x0000000726800000|100%| O|  |TAMS 0x0000000726800000| PB 0x0000000726600000| Untracked |  0
| 276|0x0000000726800000, 0x0000000726a00000, 0x0000000726a00000|100%| O|  |TAMS 0x0000000726a00000| PB 0x0000000726800000| Untracked |  0
| 277|0x0000000726a00000, 0x0000000726c00000, 0x0000000726c00000|100%| O|  |TAMS 0x0000000726c00000| PB 0x0000000726a00000| Untracked |  0
| 278|0x0000000726c00000, 0x0000000726e00000, 0x0000000726e00000|100%| O|  |TAMS 0x0000000726e00000| PB 0x0000000726c00000| Untracked |  0
| 279|0x0000000726e00000, 0x0000000727000000, 0x0000000727000000|100%| O|  |TAMS 0x0000000727000000| PB 0x0000000726e00000| Untracked |  0
| 280|0x0000000727000000, 0x0000000727200000, 0x0000000727200000|100%| O|  |TAMS 0x0000000727200000| PB 0x0000000727000000| Untracked |  0
| 281|0x0000000727200000, 0x0000000727400000, 0x0000000727400000|100%| O|  |TAMS 0x0000000727400000| PB 0x0000000727200000| Untracked |  0
| 282|0x0000000727400000, 0x0000000727600000, 0x0000000727600000|100%| O|  |TAMS 0x0000000727600000| PB 0x0000000727400000| Untracked |  0
| 283|0x0000000727600000, 0x0000000727800000, 0x0000000727800000|100%| O|  |TAMS 0x0000000727800000| PB 0x0000000727600000| Untracked |  0
| 284|0x0000000727800000, 0x0000000727a00000, 0x0000000727a00000|100%| O|  |TAMS 0x0000000727a00000| PB 0x0000000727800000| Untracked |  0
| 285|0x0000000727a00000, 0x0000000727c00000, 0x0000000727c00000|100%| O|  |TAMS 0x0000000727c00000| PB 0x0000000727a00000| Untracked |  0
| 286|0x0000000727c00000, 0x0000000727e00000, 0x0000000727e00000|100%| O|  |TAMS 0x0000000727e00000| PB 0x0000000727c00000| Untracked |  0
| 287|0x0000000727e00000, 0x0000000728000000, 0x0000000728000000|100%| O|  |TAMS 0x0000000728000000| PB 0x0000000727e00000| Untracked |  0
| 288|0x0000000728000000, 0x0000000728200000, 0x0000000728200000|100%| O|  |TAMS 0x0000000728200000| PB 0x0000000728000000| Untracked |  0
| 289|0x0000000728200000, 0x0000000728400000, 0x0000000728400000|100%| O|  |TAMS 0x0000000728400000| PB 0x0000000728200000| Untracked |  0
| 290|0x0000000728400000, 0x0000000728600000, 0x0000000728600000|100%| O|  |TAMS 0x0000000728600000| PB 0x0000000728400000| Untracked |  0
| 291|0x0000000728600000, 0x0000000728800000, 0x0000000728800000|100%| O|  |TAMS 0x0000000728800000| PB 0x0000000728600000| Untracked |  0
| 292|0x0000000728800000, 0x0000000728a00000, 0x0000000728a00000|100%| O|  |TAMS 0x0000000728a00000| PB 0x0000000728800000| Untracked |  0
| 293|0x0000000728a00000, 0x0000000728c00000, 0x0000000728c00000|100%| O|  |TAMS 0x0000000728c00000| PB 0x0000000728a00000| Untracked |  0
| 294|0x0000000728c00000, 0x0000000728e00000, 0x0000000728e00000|100%| O|  |TAMS 0x0000000728e00000| PB 0x0000000728c00000| Untracked |  0
| 295|0x0000000728e00000, 0x0000000729000000, 0x0000000729000000|100%| O|  |TAMS 0x0000000729000000| PB 0x0000000728e00000| Untracked |  0
| 296|0x0000000729000000, 0x0000000729200000, 0x0000000729200000|100%| O|  |TAMS 0x0000000729200000| PB 0x0000000729000000| Untracked |  0
| 297|0x0000000729200000, 0x0000000729400000, 0x0000000729400000|100%| O|  |TAMS 0x0000000729400000| PB 0x0000000729200000| Untracked |  0
| 298|0x0000000729400000, 0x0000000729600000, 0x0000000729600000|100%| O|  |TAMS 0x0000000729600000| PB 0x0000000729400000| Untracked |  0
| 299|0x0000000729600000, 0x0000000729800000, 0x0000000729800000|100%| O|  |TAMS 0x0000000729800000| PB 0x0000000729600000| Untracked |  0
| 300|0x0000000729800000, 0x0000000729a00000, 0x0000000729a00000|100%| O|  |TAMS 0x0000000729a00000| PB 0x0000000729800000| Untracked |  0
| 301|0x0000000729a00000, 0x0000000729c00000, 0x0000000729c00000|100%| O|  |TAMS 0x0000000729c00000| PB 0x0000000729a00000| Untracked |  0
| 302|0x0000000729c00000, 0x0000000729e00000, 0x0000000729e00000|100%|HS|  |TAMS 0x0000000729e00000| PB 0x0000000729c00000| Complete |  0
| 303|0x0000000729e00000, 0x000000072a000000, 0x000000072a000000|100%| O|  |TAMS 0x000000072a000000| PB 0x0000000729e00000| Untracked |  0
| 304|0x000000072a000000, 0x000000072a200000, 0x000000072a200000|100%| O|  |TAMS 0x000000072a200000| PB 0x000000072a000000| Untracked |  0
| 305|0x000000072a200000, 0x000000072a400000, 0x000000072a400000|100%| O|  |TAMS 0x000000072a400000| PB 0x000000072a200000| Untracked |  0
| 306|0x000000072a400000, 0x000000072a600000, 0x000000072a600000|100%| O|  |TAMS 0x000000072a600000| PB 0x000000072a400000| Untracked |  0
| 307|0x000000072a600000, 0x000000072a800000, 0x000000072a800000|100%| O|  |TAMS 0x000000072a800000| PB 0x000000072a600000| Untracked |  0
| 308|0x000000072a800000, 0x000000072aa00000, 0x000000072aa00000|100%| O|  |TAMS 0x000000072aa00000| PB 0x000000072a800000| Untracked |  0
| 309|0x000000072aa00000, 0x000000072ac00000, 0x000000072ac00000|100%| O|  |TAMS 0x000000072ac00000| PB 0x000000072aa00000| Untracked |  0
| 310|0x000000072ac00000, 0x000000072ae00000, 0x000000072ae00000|100%| O|  |TAMS 0x000000072ae00000| PB 0x000000072ac00000| Untracked |  0
| 311|0x000000072ae00000, 0x000000072b000000, 0x000000072b000000|100%| O|  |TAMS 0x000000072b000000| PB 0x000000072ae00000| Untracked |  0
| 312|0x000000072b000000, 0x000000072b200000, 0x000000072b200000|100%| O|  |TAMS 0x000000072b200000| PB 0x000000072b000000| Untracked |  0
| 313|0x000000072b200000, 0x000000072b400000, 0x000000072b400000|100%| O|  |TAMS 0x000000072b400000| PB 0x000000072b200000| Untracked |  0
| 314|0x000000072b400000, 0x000000072b600000, 0x000000072b600000|100%| O|  |TAMS 0x000000072b600000| PB 0x000000072b400000| Untracked |  0
| 315|0x000000072b600000, 0x000000072b800000, 0x000000072b800000|100%| O|  |TAMS 0x000000072b800000| PB 0x000000072b600000| Untracked |  0
| 316|0x000000072b800000, 0x000000072ba00000, 0x000000072ba00000|100%| O|  |TAMS 0x000000072ba00000| PB 0x000000072b800000| Untracked |  0
| 317|0x000000072ba00000, 0x000000072bc00000, 0x000000072bc00000|100%| O|  |TAMS 0x000000072bc00000| PB 0x000000072ba00000| Untracked |  0
| 318|0x000000072bc00000, 0x000000072be00000, 0x000000072be00000|100%| O|  |TAMS 0x000000072be00000| PB 0x000000072bc00000| Untracked |  0
| 319|0x000000072be00000, 0x000000072c000000, 0x000000072c000000|100%| O|  |TAMS 0x000000072c000000| PB 0x000000072be00000| Untracked |  0
| 320|0x000000072c000000, 0x000000072c200000, 0x000000072c200000|100%| O|  |TAMS 0x000000072c200000| PB 0x000000072c000000| Untracked |  0
| 321|0x000000072c200000, 0x000000072c400000, 0x000000072c400000|100%| O|  |TAMS 0x000000072c400000| PB 0x000000072c200000| Untracked |  0
| 322|0x000000072c400000, 0x000000072c600000, 0x000000072c600000|100%| O|  |TAMS 0x000000072c600000| PB 0x000000072c400000| Untracked |  0
| 323|0x000000072c600000, 0x000000072c800000, 0x000000072c800000|100%| O|  |TAMS 0x000000072c800000| PB 0x000000072c600000| Untracked |  0
| 324|0x000000072c800000, 0x000000072ca00000, 0x000000072ca00000|100%| O|  |TAMS 0x000000072ca00000| PB 0x000000072c800000| Untracked |  0
| 325|0x000000072ca00000, 0x000000072cc00000, 0x000000072cc00000|100%| O|  |TAMS 0x000000072cc00000| PB 0x000000072ca00000| Untracked |  0
| 326|0x000000072cc00000, 0x000000072ce00000, 0x000000072ce00000|100%| O|  |TAMS 0x000000072ce00000| PB 0x000000072cc00000| Untracked |  0
| 327|0x000000072ce00000, 0x000000072d000000, 0x000000072d000000|100%| O|  |TAMS 0x000000072d000000| PB 0x000000072ce00000| Untracked |  0
| 328|0x000000072d000000, 0x000000072d200000, 0x000000072d200000|100%| O|  |TAMS 0x000000072d200000| PB 0x000000072d000000| Untracked |  0
| 329|0x000000072d200000, 0x000000072d400000, 0x000000072d400000|100%| O|  |TAMS 0x000000072d400000| PB 0x000000072d200000| Untracked |  0
| 330|0x000000072d400000, 0x000000072d600000, 0x000000072d600000|100%| O|  |TAMS 0x000000072d600000| PB 0x000000072d400000| Untracked |  0
| 331|0x000000072d600000, 0x000000072d800000, 0x000000072d800000|100%| O|  |TAMS 0x000000072d800000| PB 0x000000072d600000| Untracked |  0
| 332|0x000000072d800000, 0x000000072da00000, 0x000000072da00000|100%| O|  |TAMS 0x000000072da00000| PB 0x000000072d800000| Untracked |  0
| 333|0x000000072da00000, 0x000000072dc00000, 0x000000072dc00000|100%| O|  |TAMS 0x000000072dc00000| PB 0x000000072da00000| Untracked |  0
| 334|0x000000072dc00000, 0x000000072de00000, 0x000000072de00000|100%| O|  |TAMS 0x000000072de00000| PB 0x000000072dc00000| Untracked |  0
| 335|0x000000072de00000, 0x000000072e000000, 0x000000072e000000|100%| O|  |TAMS 0x000000072e000000| PB 0x000000072de00000| Untracked |  0
| 336|0x000000072e000000, 0x000000072e200000, 0x000000072e200000|100%| O|  |TAMS 0x000000072e200000| PB 0x000000072e000000| Untracked |  0
| 337|0x000000072e200000, 0x000000072e400000, 0x000000072e400000|100%| O|  |TAMS 0x000000072e400000| PB 0x000000072e200000| Untracked |  0
| 338|0x000000072e400000, 0x000000072e600000, 0x000000072e600000|100%| O|  |TAMS 0x000000072e600000| PB 0x000000072e400000| Untracked |  0
| 339|0x000000072e600000, 0x000000072e800000, 0x000000072e800000|100%| O|  |TAMS 0x000000072e800000| PB 0x000000072e600000| Untracked |  0
| 340|0x000000072e800000, 0x000000072ea00000, 0x000000072ea00000|100%| O|  |TAMS 0x000000072ea00000| PB 0x000000072e800000| Untracked |  0
| 341|0x000000072ea00000, 0x000000072ec00000, 0x000000072ec00000|100%| O|  |TAMS 0x000000072ec00000| PB 0x000000072ea00000| Untracked |  0
| 342|0x000000072ec00000, 0x000000072ee00000, 0x000000072ee00000|100%| O|  |TAMS 0x000000072ee00000| PB 0x000000072ec00000| Untracked |  0
| 343|0x000000072ee00000, 0x000000072f000000, 0x000000072f000000|100%| O|  |TAMS 0x000000072f000000| PB 0x000000072ee00000| Untracked |  0
| 344|0x000000072f000000, 0x000000072f200000, 0x000000072f200000|100%| O|  |TAMS 0x000000072f200000| PB 0x000000072f000000| Untracked |  0
| 345|0x000000072f200000, 0x000000072f400000, 0x000000072f400000|100%| O|  |TAMS 0x000000072f400000| PB 0x000000072f200000| Untracked |  0
| 346|0x000000072f400000, 0x000000072f600000, 0x000000072f600000|100%| O|  |TAMS 0x000000072f600000| PB 0x000000072f400000| Untracked |  0
| 347|0x000000072f600000, 0x000000072f800000, 0x000000072f800000|100%| O|  |TAMS 0x000000072f800000| PB 0x000000072f600000| Untracked |  0
| 348|0x000000072f800000, 0x000000072fa00000, 0x000000072fa00000|100%| O|  |TAMS 0x000000072fa00000| PB 0x000000072f800000| Untracked |  0
| 349|0x000000072fa00000, 0x000000072fc00000, 0x000000072fc00000|100%| O|  |TAMS 0x000000072fc00000| PB 0x000000072fa00000| Untracked |  0
| 350|0x000000072fc00000, 0x000000072fe00000, 0x000000072fe00000|100%| O|  |TAMS 0x000000072fc00000| PB 0x000000072fc00000| Untracked |  0
| 351|0x000000072fe00000, 0x0000000730000000, 0x0000000730000000|100%| O|  |TAMS 0x000000072fe00000| PB 0x000000072fe00000| Untracked |  0
| 352|0x0000000730000000, 0x0000000730200000, 0x0000000730200000|100%| O|  |TAMS 0x0000000730000000| PB 0x0000000730000000| Untracked |  0
| 353|0x0000000730200000, 0x0000000730400000, 0x0000000730400000|100%| O|  |TAMS 0x0000000730200000| PB 0x0000000730200000| Untracked |  0
| 354|0x0000000730400000, 0x0000000730600000, 0x0000000730600000|100%| O|  |TAMS 0x0000000730400000| PB 0x0000000730400000| Untracked |  0
| 355|0x0000000730600000, 0x0000000730800000, 0x0000000730800000|100%| O|  |TAMS 0x0000000730600000| PB 0x0000000730600000| Untracked |  0
| 356|0x0000000730800000, 0x0000000730a00000, 0x0000000730a00000|100%| O|  |TAMS 0x0000000730800000| PB 0x0000000730800000| Untracked |  0
| 357|0x0000000730a00000, 0x0000000730c00000, 0x0000000730c00000|100%| O|  |TAMS 0x0000000730a00000| PB 0x0000000730a00000| Untracked |  0
| 358|0x0000000730c00000, 0x0000000730e00000, 0x0000000730e00000|100%| O|  |TAMS 0x0000000730c00000| PB 0x0000000730c00000| Untracked |  0
| 359|0x0000000730e00000, 0x0000000731000000, 0x0000000731000000|100%| O|  |TAMS 0x0000000730e00000| PB 0x0000000730e00000| Untracked |  0
| 360|0x0000000731000000, 0x0000000731200000, 0x0000000731200000|100%| O|  |TAMS 0x0000000731000000| PB 0x0000000731000000| Untracked |  0
| 361|0x0000000731200000, 0x0000000731200000, 0x0000000731400000|  0%| F|  |TAMS 0x0000000731200000| PB 0x0000000731200000| Untracked |  0
| 362|0x0000000731400000, 0x0000000731400000, 0x0000000731600000|  0%| F|  |TAMS 0x0000000731400000| PB 0x0000000731400000| Untracked |  0
| 363|0x0000000731600000, 0x0000000731600000, 0x0000000731800000|  0%| F|  |TAMS 0x0000000731600000| PB 0x0000000731600000| Untracked |  0
| 364|0x0000000731800000, 0x0000000731800000, 0x0000000731a00000|  0%| F|  |TAMS 0x0000000731800000| PB 0x0000000731800000| Untracked |  0
| 365|0x0000000731a00000, 0x0000000731a00000, 0x0000000731c00000|  0%| F|  |TAMS 0x0000000731a00000| PB 0x0000000731a00000| Untracked |  0
| 366|0x0000000731c00000, 0x0000000731c00000, 0x0000000731e00000|  0%| F|  |TAMS 0x0000000731c00000| PB 0x0000000731c00000| Untracked |  0
| 367|0x0000000731e00000, 0x0000000731e00000, 0x0000000732000000|  0%| F|  |TAMS 0x0000000731e00000| PB 0x0000000731e00000| Untracked |  0
| 368|0x0000000732000000, 0x0000000732000000, 0x0000000732200000|  0%| F|  |TAMS 0x0000000732000000| PB 0x0000000732000000| Untracked |  0
| 369|0x0000000732200000, 0x0000000732200000, 0x0000000732400000|  0%| F|  |TAMS 0x0000000732200000| PB 0x0000000732200000| Untracked |  0
| 370|0x0000000732400000, 0x0000000732400000, 0x0000000732600000|  0%| F|  |TAMS 0x0000000732400000| PB 0x0000000732400000| Untracked |  0
| 371|0x0000000732600000, 0x0000000732600000, 0x0000000732800000|  0%| F|  |TAMS 0x0000000732600000| PB 0x0000000732600000| Untracked |  0
| 372|0x0000000732800000, 0x0000000732800000, 0x0000000732a00000|  0%| F|  |TAMS 0x0000000732800000| PB 0x0000000732800000| Untracked |  0
| 373|0x0000000732a00000, 0x0000000732a00000, 0x0000000732c00000|  0%| F|  |TAMS 0x0000000732a00000| PB 0x0000000732a00000| Untracked |  0
| 374|0x0000000732c00000, 0x0000000732c00000, 0x0000000732e00000|  0%| F|  |TAMS 0x0000000732c00000| PB 0x0000000732c00000| Untracked |  0
| 375|0x0000000732e00000, 0x0000000732e00000, 0x0000000733000000|  0%| F|  |TAMS 0x0000000732e00000| PB 0x0000000732e00000| Untracked |  0
| 376|0x0000000733000000, 0x0000000733000000, 0x0000000733200000|  0%| F|  |TAMS 0x0000000733000000| PB 0x0000000733000000| Untracked |  0
| 377|0x0000000733200000, 0x0000000733200000, 0x0000000733400000|  0%| F|  |TAMS 0x0000000733200000| PB 0x0000000733200000| Untracked |  0
| 378|0x0000000733400000, 0x0000000733400000, 0x0000000733600000|  0%| F|  |TAMS 0x0000000733400000| PB 0x0000000733400000| Untracked |  0
| 379|0x0000000733600000, 0x0000000733600000, 0x0000000733800000|  0%| F|  |TAMS 0x0000000733600000| PB 0x0000000733600000| Untracked |  0
| 380|0x0000000733800000, 0x0000000733800000, 0x0000000733a00000|  0%| F|  |TAMS 0x0000000733800000| PB 0x0000000733800000| Untracked |  0
| 381|0x0000000733a00000, 0x0000000733a00000, 0x0000000733c00000|  0%| F|  |TAMS 0x0000000733a00000| PB 0x0000000733a00000| Untracked |  0
| 382|0x0000000733c00000, 0x0000000733c00000, 0x0000000733e00000|  0%| F|  |TAMS 0x0000000733c00000| PB 0x0000000733c00000| Untracked |  0
| 383|0x0000000733e00000, 0x0000000733e00000, 0x0000000734000000|  0%| F|  |TAMS 0x0000000733e00000| PB 0x0000000733e00000| Untracked |  0
| 384|0x0000000734000000, 0x0000000734000000, 0x0000000734200000|  0%| F|  |TAMS 0x0000000734000000| PB 0x0000000734000000| Untracked |  0
| 385|0x0000000734200000, 0x0000000734200000, 0x0000000734400000|  0%| F|  |TAMS 0x0000000734200000| PB 0x0000000734200000| Untracked |  0
| 386|0x0000000734400000, 0x0000000734400000, 0x0000000734600000|  0%| F|  |TAMS 0x0000000734400000| PB 0x0000000734400000| Untracked |  0
| 387|0x0000000734600000, 0x0000000734600000, 0x0000000734800000|  0%| F|  |TAMS 0x0000000734600000| PB 0x0000000734600000| Untracked |  0
| 388|0x0000000734800000, 0x0000000734800000, 0x0000000734a00000|  0%| F|  |TAMS 0x0000000734800000| PB 0x0000000734800000| Untracked |  0
| 389|0x0000000734a00000, 0x0000000734a00000, 0x0000000734c00000|  0%| F|  |TAMS 0x0000000734a00000| PB 0x0000000734a00000| Untracked |  0
| 390|0x0000000734c00000, 0x0000000734c00000, 0x0000000734e00000|  0%| F|  |TAMS 0x0000000734c00000| PB 0x0000000734c00000| Untracked |  0
| 391|0x0000000734e00000, 0x0000000734e00000, 0x0000000735000000|  0%| F|  |TAMS 0x0000000734e00000| PB 0x0000000734e00000| Untracked |  0
| 392|0x0000000735000000, 0x0000000735000000, 0x0000000735200000|  0%| F|  |TAMS 0x0000000735000000| PB 0x0000000735000000| Untracked |  0
| 393|0x0000000735200000, 0x0000000735200000, 0x0000000735400000|  0%| F|  |TAMS 0x0000000735200000| PB 0x0000000735200000| Untracked |  0
| 394|0x0000000735400000, 0x0000000735400000, 0x0000000735600000|  0%| F|  |TAMS 0x0000000735400000| PB 0x0000000735400000| Untracked |  0
| 395|0x0000000735600000, 0x0000000735600000, 0x0000000735800000|  0%| F|  |TAMS 0x0000000735600000| PB 0x0000000735600000| Untracked |  0
| 396|0x0000000735800000, 0x0000000735800000, 0x0000000735a00000|  0%| F|  |TAMS 0x0000000735800000| PB 0x0000000735800000| Untracked |  0
| 397|0x0000000735a00000, 0x0000000735a00000, 0x0000000735c00000|  0%| F|  |TAMS 0x0000000735a00000| PB 0x0000000735a00000| Untracked |  0
| 398|0x0000000735c00000, 0x0000000735c00000, 0x0000000735e00000|  0%| F|  |TAMS 0x0000000735c00000| PB 0x0000000735c00000| Untracked |  0
| 399|0x0000000735e00000, 0x0000000735e00000, 0x0000000736000000|  0%| F|  |TAMS 0x0000000735e00000| PB 0x0000000735e00000| Untracked |  0
| 400|0x0000000736000000, 0x0000000736000000, 0x0000000736200000|  0%| F|  |TAMS 0x0000000736000000| PB 0x0000000736000000| Untracked |  0
| 401|0x0000000736200000, 0x0000000736200000, 0x0000000736400000|  0%| F|  |TAMS 0x0000000736200000| PB 0x0000000736200000| Untracked |  0
| 402|0x0000000736400000, 0x0000000736400000, 0x0000000736600000|  0%| F|  |TAMS 0x0000000736400000| PB 0x0000000736400000| Untracked |  0
| 403|0x0000000736600000, 0x0000000736600000, 0x0000000736800000|  0%| F|  |TAMS 0x0000000736600000| PB 0x0000000736600000| Untracked |  0
| 404|0x0000000736800000, 0x0000000736800000, 0x0000000736a00000|  0%| F|  |TAMS 0x0000000736800000| PB 0x0000000736800000| Untracked |  0
| 405|0x0000000736a00000, 0x0000000736a00000, 0x0000000736c00000|  0%| F|  |TAMS 0x0000000736a00000| PB 0x0000000736a00000| Untracked |  0
| 406|0x0000000736c00000, 0x0000000736c00000, 0x0000000736e00000|  0%| F|  |TAMS 0x0000000736c00000| PB 0x0000000736c00000| Untracked |  0
| 407|0x0000000736e00000, 0x0000000736e00000, 0x0000000737000000|  0%| F|  |TAMS 0x0000000736e00000| PB 0x0000000736e00000| Untracked |  0
| 408|0x0000000737000000, 0x0000000737000000, 0x0000000737200000|  0%| F|  |TAMS 0x0000000737000000| PB 0x0000000737000000| Untracked |  0
| 409|0x0000000737200000, 0x0000000737200000, 0x0000000737400000|  0%| F|  |TAMS 0x0000000737200000| PB 0x0000000737200000| Untracked |  0
| 410|0x0000000737400000, 0x0000000737400000, 0x0000000737600000|  0%| F|  |TAMS 0x0000000737400000| PB 0x0000000737400000| Untracked |  0
| 411|0x0000000737600000, 0x0000000737600000, 0x0000000737800000|  0%| F|  |TAMS 0x0000000737600000| PB 0x0000000737600000| Untracked |  0
| 412|0x0000000737800000, 0x0000000737800000, 0x0000000737a00000|  0%| F|  |TAMS 0x0000000737800000| PB 0x0000000737800000| Untracked |  0
| 413|0x0000000737a00000, 0x0000000737a00000, 0x0000000737c00000|  0%| F|  |TAMS 0x0000000737a00000| PB 0x0000000737a00000| Untracked |  0
| 414|0x0000000737c00000, 0x0000000737c00000, 0x0000000737e00000|  0%| F|  |TAMS 0x0000000737c00000| PB 0x0000000737c00000| Untracked |  0
| 415|0x0000000737e00000, 0x0000000737e00000, 0x0000000738000000|  0%| F|  |TAMS 0x0000000737e00000| PB 0x0000000737e00000| Untracked |  0
| 416|0x0000000738000000, 0x0000000738000000, 0x0000000738200000|  0%| F|  |TAMS 0x0000000738000000| PB 0x0000000738000000| Untracked |  0
| 417|0x0000000738200000, 0x0000000738200000, 0x0000000738400000|  0%| F|  |TAMS 0x0000000738200000| PB 0x0000000738200000| Untracked |  0
| 418|0x0000000738400000, 0x0000000738400000, 0x0000000738600000|  0%| F|  |TAMS 0x0000000738400000| PB 0x0000000738400000| Untracked |  0
| 419|0x0000000738600000, 0x0000000738600000, 0x0000000738800000|  0%| F|  |TAMS 0x0000000738600000| PB 0x0000000738600000| Untracked |  0
| 420|0x0000000738800000, 0x0000000738800000, 0x0000000738a00000|  0%| F|  |TAMS 0x0000000738800000| PB 0x0000000738800000| Untracked |  0
| 421|0x0000000738a00000, 0x0000000738c00000, 0x0000000738c00000|100%| S|CS|TAMS 0x0000000738a00000| PB 0x0000000738a00000| Complete |  0
| 422|0x0000000738c00000, 0x0000000738e00000, 0x0000000738e00000|100%| S|CS|TAMS 0x0000000738c00000| PB 0x0000000738c00000| Complete |  0
| 423|0x0000000738e00000, 0x0000000739000000, 0x0000000739000000|100%| S|CS|TAMS 0x0000000738e00000| PB 0x0000000738e00000| Complete |  0
| 424|0x0000000739000000, 0x0000000739200000, 0x0000000739200000|100%| S|CS|TAMS 0x0000000739000000| PB 0x0000000739000000| Complete |  0
| 425|0x0000000739200000, 0x0000000739400000, 0x0000000739400000|100%| S|CS|TAMS 0x0000000739200000| PB 0x0000000739200000| Complete |  0
| 426|0x0000000739400000, 0x0000000739600000, 0x0000000739600000|100%| S|CS|TAMS 0x0000000739400000| PB 0x0000000739400000| Complete |  0
| 427|0x0000000739600000, 0x0000000739600000, 0x0000000739800000|  0%| F|  |TAMS 0x0000000739600000| PB 0x0000000739600000| Untracked |  0
| 428|0x0000000739800000, 0x0000000739800000, 0x0000000739a00000|  0%| F|  |TAMS 0x0000000739800000| PB 0x0000000739800000| Untracked |  0
| 429|0x0000000739a00000, 0x0000000739a00000, 0x0000000739c00000|  0%| F|  |TAMS 0x0000000739a00000| PB 0x0000000739a00000| Untracked |  0
| 430|0x0000000739c00000, 0x0000000739c00000, 0x0000000739e00000|  0%| F|  |TAMS 0x0000000739c00000| PB 0x0000000739c00000| Untracked |  0
| 431|0x0000000739e00000, 0x0000000739e00000, 0x000000073a000000|  0%| F|  |TAMS 0x0000000739e00000| PB 0x0000000739e00000| Untracked |  0
| 432|0x000000073a000000, 0x000000073a000000, 0x000000073a200000|  0%| F|  |TAMS 0x000000073a000000| PB 0x000000073a000000| Untracked |  0
| 433|0x000000073a200000, 0x000000073a200000, 0x000000073a400000|  0%| F|  |TAMS 0x000000073a200000| PB 0x000000073a200000| Untracked |  0
| 434|0x000000073a400000, 0x000000073a400000, 0x000000073a600000|  0%| F|  |TAMS 0x000000073a400000| PB 0x000000073a400000| Untracked |  0
| 435|0x000000073a600000, 0x000000073a600000, 0x000000073a800000|  0%| F|  |TAMS 0x000000073a600000| PB 0x000000073a600000| Untracked |  0
| 436|0x000000073a800000, 0x000000073a800000, 0x000000073aa00000|  0%| F|  |TAMS 0x000000073a800000| PB 0x000000073a800000| Untracked |  0
| 437|0x000000073aa00000, 0x000000073aa00000, 0x000000073ac00000|  0%| F|  |TAMS 0x000000073aa00000| PB 0x000000073aa00000| Untracked |  0
| 438|0x000000073ac00000, 0x000000073ac00000, 0x000000073ae00000|  0%| F|  |TAMS 0x000000073ac00000| PB 0x000000073ac00000| Untracked |  0
| 439|0x000000073ae00000, 0x000000073ae00000, 0x000000073b000000|  0%| F|  |TAMS 0x000000073ae00000| PB 0x000000073ae00000| Untracked |  0
| 440|0x000000073b000000, 0x000000073b000000, 0x000000073b200000|  0%| F|  |TAMS 0x000000073b000000| PB 0x000000073b000000| Untracked |  0
| 441|0x000000073b200000, 0x000000073b200000, 0x000000073b400000|  0%| F|  |TAMS 0x000000073b200000| PB 0x000000073b200000| Untracked |  0
| 442|0x000000073b400000, 0x000000073b400000, 0x000000073b600000|  0%| F|  |TAMS 0x000000073b400000| PB 0x000000073b400000| Untracked |  0
| 443|0x000000073b600000, 0x000000073b600000, 0x000000073b800000|  0%| F|  |TAMS 0x000000073b600000| PB 0x000000073b600000| Untracked |  0
| 444|0x000000073b800000, 0x000000073b800000, 0x000000073ba00000|  0%| F|  |TAMS 0x000000073b800000| PB 0x000000073b800000| Untracked |  0
| 445|0x000000073ba00000, 0x000000073ba00000, 0x000000073bc00000|  0%| F|  |TAMS 0x000000073ba00000| PB 0x000000073ba00000| Untracked |  0
| 446|0x000000073bc00000, 0x000000073bc00000, 0x000000073be00000|  0%| F|  |TAMS 0x000000073bc00000| PB 0x000000073bc00000| Untracked |  0
| 447|0x000000073be00000, 0x000000073be00000, 0x000000073c000000|  0%| F|  |TAMS 0x000000073be00000| PB 0x000000073be00000| Untracked |  0
|1990|0x00000007fcc00000, 0x00000007fcc00000, 0x00000007fce00000|  0%| F|  |TAMS 0x00000007fcc00000| PB 0x00000007fcc00000| Untracked |  0
|1991|0x00000007fce00000, 0x00000007fd000000, 0x00000007fd000000|100%| O|  |TAMS 0x00000007fd000000| PB 0x00000007fce00000| Untracked |  0
|1992|0x00000007fd000000, 0x00000007fd200000, 0x00000007fd200000|100%| O|  |TAMS 0x00000007fd200000| PB 0x00000007fd000000| Untracked |  0
|1993|0x00000007fd200000, 0x00000007fd400000, 0x00000007fd400000|100%| O|  |TAMS 0x00000007fd400000| PB 0x00000007fd200000| Untracked |  0
|1994|0x00000007fd400000, 0x00000007fd600000, 0x00000007fd600000|100%| O|  |TAMS 0x00000007fd600000| PB 0x00000007fd400000| Untracked |  0
|1995|0x00000007fd600000, 0x00000007fd800000, 0x00000007fd800000|100%| O|  |TAMS 0x00000007fd800000| PB 0x00000007fd600000| Untracked |  0
|1996|0x00000007fd800000, 0x00000007fda00000, 0x00000007fda00000|100%| O|  |TAMS 0x00000007fda00000| PB 0x00000007fd800000| Untracked |  0
|1997|0x00000007fda00000, 0x00000007fdc00000, 0x00000007fdc00000|100%| O|  |TAMS 0x00000007fdc00000| PB 0x00000007fda00000| Untracked |  0
|1998|0x00000007fdc00000, 0x00000007fde00000, 0x00000007fde00000|100%| O|  |TAMS 0x00000007fde00000| PB 0x00000007fdc00000| Untracked |  0
|1999|0x00000007fde00000, 0x00000007fe000000, 0x00000007fe000000|100%| O|  |TAMS 0x00000007fe000000| PB 0x00000007fde00000| Untracked |  0
|2000|0x00000007fe000000, 0x00000007fe200000, 0x00000007fe200000|100%| O|  |TAMS 0x00000007fe200000| PB 0x00000007fe000000| Untracked |  0
|2001|0x00000007fe200000, 0x00000007fe200000, 0x00000007fe400000|  0%| F|  |TAMS 0x00000007fe200000| PB 0x00000007fe200000| Untracked |  0
|2002|0x00000007fe400000, 0x00000007fe400000, 0x00000007fe600000|  0%| F|  |TAMS 0x00000007fe400000| PB 0x00000007fe400000| Untracked |  0
|2003|0x00000007fe600000, 0x00000007fe600000, 0x00000007fe800000|  0%| F|  |TAMS 0x00000007fe600000| PB 0x00000007fe600000| Untracked |  0
|2004|0x00000007fe800000, 0x00000007fe800000, 0x00000007fea00000|  0%| F|  |TAMS 0x00000007fe800000| PB 0x00000007fe800000| Untracked |  0
|2005|0x00000007fea00000, 0x00000007fea00000, 0x00000007fec00000|  0%| F|  |TAMS 0x00000007fea00000| PB 0x00000007fea00000| Untracked |  0
|2006|0x00000007fec00000, 0x00000007fec00000, 0x00000007fee00000|  0%| F|  |TAMS 0x00000007fec00000| PB 0x00000007fec00000| Untracked |  0
|2007|0x00000007fee00000, 0x00000007fee00000, 0x00000007ff000000|  0%| F|  |TAMS 0x00000007fee00000| PB 0x00000007fee00000| Untracked |  0
|2008|0x00000007ff000000, 0x00000007ff000000, 0x00000007ff200000|  0%| F|  |TAMS 0x00000007ff000000| PB 0x00000007ff000000| Untracked |  0
|2009|0x00000007ff200000, 0x00000007ff200000, 0x00000007ff400000|  0%| F|  |TAMS 0x00000007ff200000| PB 0x00000007ff200000| Untracked |  0
|2010|0x00000007ff400000, 0x00000007ff400000, 0x00000007ff600000|  0%| F|  |TAMS 0x00000007ff400000| PB 0x00000007ff400000| Untracked |  0
|2011|0x00000007ff600000, 0x00000007ff600000, 0x00000007ff800000|  0%| F|  |TAMS 0x00000007ff600000| PB 0x00000007ff600000| Untracked |  0
|2012|0x00000007ff800000, 0x00000007ff800000, 0x00000007ffa00000|  0%| F|  |TAMS 0x00000007ff800000| PB 0x00000007ff800000| Untracked |  0
|2013|0x00000007ffa00000, 0x00000007ffa00000, 0x00000007ffc00000|  0%| F|  |TAMS 0x00000007ffa00000| PB 0x00000007ffa00000| Untracked |  0
|2014|0x00000007ffc00000, 0x00000007ffc00000, 0x00000007ffe00000|  0%| F|  |TAMS 0x00000007ffc00000| PB 0x00000007ffc00000| Untracked |  0
|2015|0x00000007ffe00000, 0x00000007ffe00000, 0x0000000800000000|  0%| F|  |TAMS 0x00000007ffe00000| PB 0x00000007ffe00000| Untracked |  0

Card table byte_map: [0x000001f2cb500000,0x000001f2cbce0000] _byte_map_base: 0x000001f2c7ce0000

Marking Bits: (CMBitMap*) 0x000001f2bf3415c0
 Bits: [0x000001f2cbce0000, 0x000001f2cfbe0000)

Polling page: 0x000001f2bd0f0000

Metaspace:

Usage:
  Non-class:     83.58 MB used.
      Class:     14.81 MB used.
       Both:     98.39 MB used.

Virtual space:
  Non-class space:      128.00 MB reserved,      84.44 MB ( 66%) committed,  2 nodes.
      Class space:        1.00 GB reserved,      15.38 MB (  2%) committed,  1 nodes.
             Both:        1.12 GB reserved,      99.81 MB (  9%) committed. 

Chunk freelists:
   Non-Class:  11.68 MB
       Class:  646.00 KB
        Both:  12.31 MB

MaxMetaspaceSize: unlimited
CompressedClassSpaceSize: 1.00 GB
Initial GC threshold: 21.00 MB
Current GC threshold: 166.19 MB
CDS: on
 - commit_granule_bytes: 65536.
 - commit_granule_words: 8192.
 - virtual_space_node_default_size: 8388608.
 - enlarge_chunks_in_place: 1.
 - use_allocation_guard: 0.


Internal statistics:

num_allocs_failed_limit: 9.
num_arena_births: 1978.
num_arena_deaths: 598.
num_vsnodes_births: 3.
num_vsnodes_deaths: 0.
num_space_committed: 1597.
num_space_uncommitted: 0.
num_chunks_returned_to_freelist: 682.
num_chunks_taken_from_freelist: 5843.
num_chunk_merges: 177.
num_chunk_splits: 4103.
num_chunks_enlarged: 3150.
num_inconsistent_stats: 0.

CodeCache: size=49152Kb used=16368Kb max_used=21721Kb free=32783Kb
 bounds [0x000001f2c79f0000, 0x000001f2c8f80000, 0x000001f2ca9f0000]
 total_blobs=11807, nmethods=10995, adapters=734, full_count=0
Compilation: enabled, stopped_count=0, restarted_count=0

Compilation events (20 events):
Event: 343.190 Thread 0x000001f2d2919710 16269       1       demo.ticket_app.entity.User$HibernateProxy::getHibernateLazyInitializer (20 bytes)
Event: 343.190 Thread 0x000001f2d2919710 nmethod 16269 0x000001f2c7e6bf88 code [0x000001f2c7e6c0c0, 0x000001f2c7e6c360]
Event: 343.191 Thread 0x000001f2d2919710 16270       1       demo.ticket_app.entity.User$HibernateProxy::<init> (5 bytes)
Event: 343.191 Thread 0x000001f2d2919710 nmethod 16270 0x000001f2c7b83608 code [0x000001f2c7b83720, 0x000001f2c7b837e8]
Event: 343.194 Thread 0x000001f2d2919710 16271       1       java.lang.invoke.LambdaForm$DMH/0x000001f2d4e6c800::newInvokeSpecial (27 bytes)
Event: 343.194 Thread 0x000001f2d2919710 nmethod 16271 0x000001f2c7bafe88 code [0x000001f2c7baffa0, 0x000001f2c7bb0078]
Event: 343.288 Thread 0x000001f2d2919710 16272       1       com.fasterxml.jackson.core.io.JsonStringEncoder::quoteAsUTF8 (528 bytes)
Event: 343.288 Thread 0x000001f31afed810 16273       1       com.fasterxml.jackson.core.io.JsonStringEncoder::_initialByteBufSize (22 bytes)
Event: 343.288 Thread 0x000001f31afed810 nmethod 16273 0x000001f2c7bb1e88 code [0x000001f2c7bb1fa0, 0x000001f2c7bb2068]
Event: 343.289 Thread 0x000001f2d2919710 nmethod 16272 0x000001f2c8372f08 code [0x000001f2c83731a0, 0x000001f2c8374458]
Event: 343.291 Thread 0x000001f2d2919710 16274       1       com.fasterxml.jackson.core.json.UTF8JsonGenerator::_flushBuffer (28 bytes)
Event: 343.291 Thread 0x000001f31afed810 16275       1       org.apache.catalina.connector.OutputBuffer::isFull (17 bytes)
Event: 343.291 Thread 0x000001f2d2919710 nmethod 16274 0x000001f2c7bb2e08 code [0x000001f2c7bb2f20, 0x000001f2c7bb3038]
Event: 343.291 Thread 0x000001f31afed810 nmethod 16275 0x000001f2c7bb6908 code [0x000001f2c7bb6a20, 0x000001f2c7bb6b08]
Event: 343.296 Thread 0x000001f31afed810 16276       1       org.apache.catalina.connector.OutputBuffer::writeBytes (38 bytes)
Event: 343.296 Thread 0x000001f2d2919710 16277       1       org.apache.catalina.connector.OutputBuffer::append (70 bytes)
Event: 343.296 Thread 0x000001f31afed810 nmethod 16276 0x000001f2c7c8c108 code [0x000001f2c7c8c260, 0x000001f2c7c8c488]
Event: 343.296 Thread 0x000001f2d2919710 nmethod 16277 0x000001f2c7f91588 code [0x000001f2c7f91700, 0x000001f2c7f919b8]
Event: 343.389 Thread 0x000001f2d2919710 16278       1       com.fasterxml.jackson.core.json.UTF8JsonGenerator::_writeBytes (63 bytes)
Event: 343.389 Thread 0x000001f2d2919710 nmethod 16278 0x000001f2c7cc1488 code [0x000001f2c7cc15c0, 0x000001f2c7cc1840]

GC Heap History (20 events):
Event: 181.402 GC heap after
{Heap after GC invocations=38 (full 0):
 garbage-first heap   total reserved 4128768K, committed 366592K, used 226449K [0x0000000704000000, 0x0000000800000000)
  region size 2048K, 4 young (8192K), 4 survivors (8192K)
 Metaspace       used 100866K, committed 102080K, reserved 1179648K
  class space    used 15228K, committed 15744K, reserved 1048576K
}
Event: 340.956 GC heap before
{Heap before GC invocations=39 (full 0):
 garbage-first heap   total reserved 4128768K, committed 366592K, used 253073K [0x0000000704000000, 0x0000000800000000)
  region size 2048K, 38 young (77824K), 4 survivors (8192K)
 Metaspace       used 100873K, committed 102208K, reserved 1179648K
  class space    used 15202K, committed 15744K, reserved 1048576K
}
Event: 340.966 GC heap after
{Heap after GC invocations=40 (full 0):
 garbage-first heap   total reserved 4128768K, committed 366592K, used 202177K [0x0000000704000000, 0x0000000800000000)
  region size 2048K, 5 young (10240K), 5 survivors (10240K)
 Metaspace       used 100873K, committed 102208K, reserved 1179648K
  class space    used 15202K, committed 15744K, reserved 1048576K
}
Event: 341.119 GC heap before
{Heap before GC invocations=40 (full 0):
 garbage-first heap   total reserved 4128768K, committed 366592K, used 284097K [0x0000000704000000, 0x0000000800000000)
  region size 2048K, 46 young (94208K), 5 survivors (10240K)
 Metaspace       used 100882K, committed 102208K, reserved 1179648K
  class space    used 15204K, committed 15744K, reserved 1048576K
}
Event: 341.150 GC heap after
{Heap after GC invocations=41 (full 0):
 garbage-first heap   total reserved 4128768K, committed 389120K, used 258048K [0x0000000704000000, 0x0000000800000000)
  region size 2048K, 6 young (12288K), 6 survivors (12288K)
 Metaspace       used 100882K, committed 102208K, reserved 1179648K
  class space    used 15204K, committed 15744K, reserved 1048576K
}
Event: 341.317 GC heap before
{Heap before GC invocations=41 (full 0):
 garbage-first heap   total reserved 4128768K, committed 389120K, used 309248K [0x0000000704000000, 0x0000000800000000)
  region size 2048K, 31 young (63488K), 6 survivors (12288K)
 Metaspace       used 100882K, committed 102208K, reserved 1179648K
  class space    used 15204K, committed 15744K, reserved 1048576K
}
Event: 341.342 GC heap after
{Heap after GC invocations=42 (full 0):
 garbage-first heap   total reserved 4128768K, committed 389120K, used 302080K [0x0000000704000000, 0x0000000800000000)
  region size 2048K, 4 young (8192K), 4 survivors (8192K)
 Metaspace       used 100882K, committed 102208K, reserved 1179648K
  class space    used 15204K, committed 15744K, reserved 1048576K
}
Event: 341.427 GC heap before
{Heap before GC invocations=42 (full 0):
 garbage-first heap   total reserved 4128768K, committed 389120K, used 328704K [0x0000000704000000, 0x0000000800000000)
  region size 2048K, 18 young (36864K), 4 survivors (8192K)
 Metaspace       used 100882K, committed 102208K, reserved 1179648K
  class space    used 15204K, committed 15744K, reserved 1048576K
}
Event: 341.440 GC heap after
{Heap after GC invocations=43 (full 0):
 garbage-first heap   total reserved 4128768K, committed 778240K, used 328704K [0x0000000704000000, 0x0000000800000000)
  region size 2048K, 3 young (6144K), 3 survivors (6144K)
 Metaspace       used 100882K, committed 102208K, reserved 1179648K
  class space    used 15204K, committed 15744K, reserved 1048576K
}
Event: 341.899 GC heap before
{Heap before GC invocations=44 (full 0):
 garbage-first heap   total reserved 4128768K, committed 778240K, used 422912K [0x0000000704000000, 0x0000000800000000)
  region size 2048K, 78 young (159744K), 3 survivors (6144K)
 Metaspace       used 100724K, committed 102208K, reserved 1179648K
  class space    used 15158K, committed 15744K, reserved 1048576K
}
Event: 341.943 GC heap after
{Heap after GC invocations=45 (full 0):
 garbage-first heap   total reserved 4128768K, committed 778240K, used 407552K [0x0000000704000000, 0x0000000800000000)
  region size 2048K, 10 young (20480K), 10 survivors (20480K)
 Metaspace       used 100724K, committed 102208K, reserved 1179648K
  class space    used 15158K, committed 15744K, reserved 1048576K
}
Event: 342.194 GC heap before
{Heap before GC invocations=45 (full 0):
 garbage-first heap   total reserved 4128768K, committed 778240K, used 532480K [0x0000000704000000, 0x0000000800000000)
  region size 2048K, 70 young (143360K), 10 survivors (20480K)
 Metaspace       used 100724K, committed 102208K, reserved 1179648K
  class space    used 15158K, committed 15744K, reserved 1048576K
}
Event: 342.245 GC heap after
{Heap after GC invocations=46 (full 0):
 garbage-first heap   total reserved 4128768K, committed 778240K, used 513024K [0x0000000704000000, 0x0000000800000000)
  region size 2048K, 9 young (18432K), 9 survivors (18432K)
 Metaspace       used 100724K, committed 102208K, reserved 1179648K
  class space    used 15158K, committed 15744K, reserved 1048576K
}
Event: 342.464 GC heap before
{Heap before GC invocations=46 (full 0):
 garbage-first heap   total reserved 4128768K, committed 778240K, used 584704K [0x0000000704000000, 0x0000000800000000)
  region size 2048K, 46 young (94208K), 9 survivors (18432K)
 Metaspace       used 100724K, committed 102208K, reserved 1179648K
  class space    used 15158K, committed 15744K, reserved 1048576K
}
Event: 342.497 GC heap after
{Heap after GC invocations=47 (full 0):
 garbage-first heap   total reserved 4128768K, committed 778240K, used 582656K [0x0000000704000000, 0x0000000800000000)
  region size 2048K, 7 young (14336K), 7 survivors (14336K)
 Metaspace       used 100724K, committed 102208K, reserved 1179648K
  class space    used 15158K, committed 15744K, reserved 1048576K
}
Event: 342.873 GC heap before
{Heap before GC invocations=48 (full 0):
 garbage-first heap   total reserved 4128768K, committed 970752K, used 650240K [0x0000000704000000, 0x0000000800000000)
  region size 2048K, 38 young (77824K), 7 survivors (14336K)
 Metaspace       used 100724K, committed 102208K, reserved 1179648K
  class space    used 15158K, committed 15744K, reserved 1048576K
}
Event: 342.898 GC heap after
{Heap after GC invocations=49 (full 0):
 garbage-first heap   total reserved 4128768K, committed 970752K, used 649216K [0x0000000704000000, 0x0000000800000000)
  region size 2048K, 5 young (10240K), 5 survivors (10240K)
 Metaspace       used 100724K, committed 102208K, reserved 1179648K
  class space    used 15158K, committed 15744K, reserved 1048576K
}
Event: 343.230 GC heap before
{Heap before GC invocations=49 (full 0):
 garbage-first heap   total reserved 4128768K, committed 970752K, used 753664K [0x0000000704000000, 0x0000000800000000)
  region size 2048K, 56 young (114688K), 5 survivors (10240K)
 Metaspace       used 100749K, committed 102208K, reserved 1179648K
  class space    used 15165K, committed 15744K, reserved 1048576K
}
Event: 343.261 GC heap after
{Heap after GC invocations=50 (full 0):
 garbage-first heap   total reserved 4128768K, committed 970752K, used 737280K [0x0000000704000000, 0x0000000800000000)
  region size 2048K, 7 young (14336K), 7 survivors (14336K)
 Metaspace       used 100749K, committed 102208K, reserved 1179648K
  class space    used 15165K, committed 15744K, reserved 1048576K
}
Event: 343.683 GC heap before
{Heap before GC invocations=50 (full 0):
 garbage-first heap   total reserved 4128768K, committed 970752K, used 813056K [0x0000000704000000, 0x0000000800000000)
  region size 2048K, 44 young (90112K), 7 survivors (14336K)
 Metaspace       used 100749K, committed 102208K, reserved 1179648K
  class space    used 15165K, committed 15744K, reserved 1048576K
}

Dll operation events (10 events):
Event: 0.008 Loaded shared library C:\Program Files\Java\jdk-23\bin\java.dll
Event: 0.105 Loaded shared library C:\Program Files\Java\jdk-23\bin\net.dll
Event: 0.106 Loaded shared library C:\Program Files\Java\jdk-23\bin\nio.dll
Event: 0.111 Loaded shared library C:\Program Files\Java\jdk-23\bin\zip.dll
Event: 0.189 Loaded shared library C:\Program Files\Java\jdk-23\bin\verify.dll
Event: 0.197 Loaded shared library C:\Program Files\Java\jdk-23\bin\jimage.dll
Event: 1.082 Loaded shared library C:\Program Files\Java\jdk-23\bin\sunmscapi.dll
Event: 2.501 Loaded shared library C:\Program Files\Java\jdk-23\bin\management.dll
Event: 2.502 Loaded shared library C:\Program Files\Java\jdk-23\bin\management_ext.dll
Event: 3.167 Loaded shared library C:\Program Files\Java\jdk-23\bin\extnet.dll

Deoptimization events (14 events):
Event: 4.130 Thread 0x000001f2bf2d12b0 DEOPT PACKING pc=0x000001f2c848ac5c sp=0x00000031c0bf9060
Event: 4.130 Thread 0x000001f2bf2d12b0 DEOPT UNPACKING pc=0x000001f2c7a484c2 sp=0x00000031c0bf84f8 mode 0
Event: 157.160 Thread 0x000001f31a524a10 DEOPT PACKING pc=0x000001f2c87376d2 sp=0x00000031c39f9620
Event: 157.160 Thread 0x000001f31a524a10 DEOPT UNPACKING pc=0x000001f2c7a484c2 sp=0x00000031c39f8a88 mode 0
Event: 157.977 Thread 0x000001f31a524a10 DEOPT PACKING pc=0x000001f2c8b334be sp=0x00000031c39f8700
Event: 157.977 Thread 0x000001f31a524a10 DEOPT UNPACKING pc=0x000001f2c7a484c2 sp=0x00000031c39f7b80 mode 0
Event: 180.444 Thread 0x000001f31a520f00 DEOPT PACKING pc=0x000001f2c8b104c4 sp=0x00000031c32f65c0
Event: 180.444 Thread 0x000001f31a520f00 DEOPT UNPACKING pc=0x000001f2c7a484c2 sp=0x00000031c32f5b08 mode 0
Event: 231.085 Thread 0x000001f31a524380 DEOPT PACKING pc=0x000001f2c89256e0 sp=0x00000031c38fc740
Event: 231.085 Thread 0x000001f31a524380 DEOPT UNPACKING pc=0x000001f2c7a484c2 sp=0x00000031c38fbcf8 mode 3
Event: 231.085 Thread 0x000001f31a521590 DEOPT PACKING pc=0x000001f2c89256e0 sp=0x00000031c34fc750
Event: 231.085 Thread 0x000001f31a521590 DEOPT UNPACKING pc=0x000001f2c7a484c2 sp=0x00000031c34fbd08 mode 3
Event: 231.171 Thread 0x000001f31a522fd0 DEOPT PACKING pc=0x000001f2c8ae9f30 sp=0x00000031c3af8240
Event: 231.171 Thread 0x000001f31a522fd0 DEOPT UNPACKING pc=0x000001f2c7a484c2 sp=0x00000031c3af77d8 mode 3

Classes loaded (20 events):
Event: 230.799 Loading class jdk/internal/icu/impl/UCharacterProperty$IntProperty
Event: 230.799 Loading class jdk/internal/icu/impl/UCharacterProperty$IntProperty done
Event: 230.799 Loading class jdk/internal/icu/impl/UCharacterProperty$BiDiIntProperty done
Event: 230.799 Loading class jdk/internal/icu/impl/UCharacterProperty$1 done
Event: 230.800 Loading class jdk/internal/icu/impl/UCharacterProperty$IsAcceptable
Event: 230.800 Loading class jdk/internal/icu/impl/UCharacterProperty$IsAcceptable done
Event: 230.800 Loading class jdk/internal/icu/impl/Trie2_16
Event: 230.801 Loading class jdk/internal/icu/impl/Trie2
Event: 230.801 Loading class jdk/internal/icu/impl/Trie2 done
Event: 230.801 Loading class jdk/internal/icu/impl/Trie2_16 done
Event: 230.801 Loading class jdk/internal/icu/impl/Trie2$1
Event: 230.801 Loading class jdk/internal/icu/impl/Trie2$ValueMapper
Event: 230.801 Loading class jdk/internal/icu/impl/Trie2$ValueMapper done
Event: 230.801 Loading class jdk/internal/icu/impl/Trie2$1 done
Event: 230.801 Loading class jdk/internal/icu/impl/Trie2$UTrie2Header
Event: 230.801 Loading class jdk/internal/icu/impl/Trie2$UTrie2Header done
Event: 340.800 Loading class java/time/format/DateTimeParseContext
Event: 340.801 Loading class java/time/format/DateTimeParseContext done
Event: 340.801 Loading class java/time/format/Parsed
Event: 340.803 Loading class java/time/format/Parsed done

Classes unloaded (20 events):
Event: 341.564 Thread 0x000001f2d249e7f0 Unloading class 0x000001f2d44b0400 'java/lang/invoke/LambdaForm$MH+0x000001f2d44b0400'
Event: 341.564 Thread 0x000001f2d249e7f0 Unloading class 0x000001f2d44b0000 'java/lang/invoke/LambdaForm$MH+0x000001f2d44b0000'
Event: 341.564 Thread 0x000001f2d249e7f0 Unloading class 0x000001f2d44a8c00 'java/lang/invoke/LambdaForm$MH+0x000001f2d44a8c00'
Event: 341.564 Thread 0x000001f2d249e7f0 Unloading class 0x000001f2d44a8400 'java/lang/invoke/LambdaForm$MH+0x000001f2d44a8400'
Event: 341.564 Thread 0x000001f2d249e7f0 Unloading class 0x000001f2d44a8000 'java/lang/invoke/LambdaForm$MH+0x000001f2d44a8000'
Event: 341.565 Thread 0x000001f2d249e7f0 Unloading class 0x000001f2d4494000 'java/lang/invoke/LambdaForm$MH+0x000001f2d4494000'
Event: 341.565 Thread 0x000001f2d249e7f0 Unloading class 0x000001f2d4461000 'java/lang/invoke/LambdaForm$MH+0x000001f2d4461000'
Event: 341.565 Thread 0x000001f2d249e7f0 Unloading class 0x000001f2d4210000 'java/lang/invoke/LambdaForm$MH+0x000001f2d4210000'
Event: 341.565 Thread 0x000001f2d249e7f0 Unloading class 0x000001f2d413d000 'java/lang/invoke/LambdaForm$MH+0x000001f2d413d000'
Event: 341.565 Thread 0x000001f2d249e7f0 Unloading class 0x000001f2d413c800 'java/lang/invoke/LambdaForm$MH+0x000001f2d413c800'
Event: 341.565 Thread 0x000001f2d249e7f0 Unloading class 0x000001f2d413c400 'java/lang/invoke/LambdaForm$MH+0x000001f2d413c400'
Event: 341.565 Thread 0x000001f2d249e7f0 Unloading class 0x000001f2d413c000 'java/lang/invoke/LambdaForm$MH+0x000001f2d413c000'
Event: 341.565 Thread 0x000001f2d249e7f0 Unloading class 0x000001f2d411cc00 'java/lang/invoke/LambdaForm$MH+0x000001f2d411cc00'
Event: 341.565 Thread 0x000001f2d249e7f0 Unloading class 0x000001f2d410dc00 'java/lang/invoke/LambdaForm$MH+0x000001f2d410dc00'
Event: 341.565 Thread 0x000001f2d249e7f0 Unloading class 0x000001f2d410d800 'java/lang/invoke/LambdaForm$MH+0x000001f2d410d800'
Event: 341.565 Thread 0x000001f2d249e7f0 Unloading class 0x000001f2d4088c00 'java/lang/invoke/LambdaForm$MH+0x000001f2d4088c00'
Event: 341.565 Thread 0x000001f2d249e7f0 Unloading class 0x000001f2d401a800 'java/lang/invoke/LambdaForm$MH+0x000001f2d401a800'
Event: 341.565 Thread 0x000001f2d249e7f0 Unloading class 0x000001f2d4018800 'java/lang/invoke/LambdaForm$MH+0x000001f2d4018800'
Event: 341.565 Thread 0x000001f2d249e7f0 Unloading class 0x000001f2d4015800 'java/lang/invoke/LambdaForm$MH+0x000001f2d4015800'
Event: 341.565 Thread 0x000001f2d249e7f0 Unloading class 0x000001f2d4014800 'java/lang/invoke/LambdaForm$MH+0x000001f2d4014800'

Classes redefined (0 events):
No events

Internal exceptions (20 events):
Event: 7.594 Thread 0x000001f2bf2d12b0 Exception <a 'java/lang/IncompatibleClassChangeError'{0x000000070b9700d8}: Found class java.lang.Object, but interface was expected> (0x000000070b9700d8) 
thrown [s\open\src\hotspot\share\interpreter\linkResolver.cpp, line 863]
Event: 8.499 Thread 0x000001f2bf2d12b0 Exception <a 'java/lang/IncompatibleClassChangeError'{0x00000007ffc6b670}: Found class java.lang.Object, but interface was expected> (0x00000007ffc6b670) 
thrown [s\open\src\hotspot\share\interpreter\linkResolver.cpp, line 863]
Event: 8.618 Thread 0x000001f2bf2d12b0 Exception <a 'java/lang/NoSuchMethodError'{0x00000007ffcaa928}: 'java.lang.Object java.lang.invoke.DirectMethodHandle$Holder.invokeSpecial(java.lang.Object, java.lang.Object, int, long)'> (0x00000007ffcaa928) 
thrown [s\open\src\hotspot\share\interpreter\linkResolver.cpp, line 796]
Event: 8.628 Thread 0x000001f2bf2d12b0 Exception <a 'java/lang/NoSuchMethodError'{0x00000007ffd39ca0}: 'int java.lang.invoke.DirectMethodHandle$Holder.invokeStatic(java.lang.Object, java.lang.Object, int, int)'> (0x00000007ffd39ca0) 
thrown [s\open\src\hotspot\share\interpreter\linkResolver.cpp, line 796]
Event: 156.188 Thread 0x000001f31a523cf0 Exception <a 'java/lang/NoSuchMethodError'{0x0000000717f5d200}: 'java.lang.Object java.lang.invoke.DirectMethodHandle$Holder.invokeStatic(java.lang.Object, java.lang.Object, java.lang.Object, int, int)'> (0x0000000717f5d200) 
thrown [s\open\src\hotspot\share\interpreter\linkResolver.cpp, line 796]
Event: 156.189 Thread 0x000001f31a523cf0 Exception <a 'java/lang/NoSuchMethodError'{0x0000000717f609e8}: 'java.lang.Object java.lang.invoke.DirectMethodHandle$Holder.invokeStaticInit(java.lang.Object, java.lang.Object, java.lang.Object, int, int)'> (0x0000000717f609e8) 
thrown [s\open\src\hotspot\share\interpreter\linkResolver.cpp, line 796]
Event: 156.229 Thread 0x000001f31a520f00 Exception <a 'java/lang/NoSuchMethodError'{0x0000000717ccefc0}: 'java.lang.Object java.lang.invoke.DirectMethodHandle$Holder.invokeSpecial(java.lang.Object, java.lang.Object, java.lang.Object, java.lang.Object, java.lang.Object, long)'> (0x0000000717ccefc0) 
thrown [s\open\src\hotspot\share\interpreter\linkResolver.cpp, line 796]
Event: 156.229 Thread 0x000001f31a520f00 Exception <a 'java/lang/NoSuchMethodError'{0x0000000717cd27a8}: 'java.lang.Object java.lang.invoke.Invokers$Holder.linkToTargetMethod(java.lang.Object, java.lang.Object, java.lang.Object, long, java.lang.Object)'> (0x0000000717cd27a8) 
thrown [s\open\src\hotspot\share\interpreter\linkResolver.cpp, line 796]
Event: 156.790 Thread 0x000001f31a51e7a0 Exception <a 'java/lang/IncompatibleClassChangeError'{0x0000000717562d88}: Found class java.lang.Object, but interface was expected> (0x0000000717562d88) 
thrown [s\open\src\hotspot\share\interpreter\linkResolver.cpp, line 863]
Event: 156.996 Thread 0x000001f31a521590 Exception <a 'java/lang/NoSuchMethodError'{0x000000071717c0e0}: 'java.lang.Object java.lang.invoke.DirectMethodHandle$Holder.invokeStatic(java.lang.Object, int, int)'> (0x000000071717c0e0) 
thrown [s\open\src\hotspot\share\interpreter\linkResolver.cpp, line 796]
Event: 157.081 Thread 0x000001f31a522fd0 Exception <a 'java/lang/NoSuchMethodError'{0x0000000716c97220}: method resolution failed> (0x0000000716c97220) 
thrown [s\open\src\hotspot\share\prims\methodHandles.cpp, line 1145]
Event: 157.082 Thread 0x000001f31a524a10 Exception <a 'java/lang/NoSuchMethodError'{0x0000000716cb4870}: 'java.lang.Object java.lang.invoke.DelegatingMethodHandle$Holder.reinvoke_L(java.lang.Object, java.lang.Object, int, int, java.lang.Object, java.lang.Object, java.lang.Object, java.lang.Object)'> (0x0000000716cb4870) 
thrown [s\open\src\hotspot\share\interpreter\linkResolver.cpp, line 796]
Event: 157.662 Thread 0x000001f320572ef0 Exception <a 'java/lang/NoSuchMethodError'{0x00000007182472b0}: 'java.lang.Object java.lang.invoke.DirectMethodHandle$Holder.invokeStaticInit(java.lang.Object, java.lang.Object, java.lang.Object, java.lang.Object, java.lang.Object, java.lang.Object)'> (0x00000007182472b0) 
thrown [s\open\src\hotspot\share\interpreter\linkResolver.cpp, line 796]
Event: 157.719 Thread 0x000001f31a524a10 Exception <a 'java/lang/NoSuchMethodError'{0x0000000718088048}: 'java.lang.Object java.lang.invoke.DirectMethodHandle$Holder.newInvokeSpecial(java.lang.Object, java.lang.Object, java.lang.Object, java.lang.Object, long)'> (0x0000000718088048) 
thrown [s\open\src\hotspot\share\interpreter\linkResolver.cpp, line 796]
Event: 157.762 Thread 0x000001f31a524a10 Exception <a 'java/lang/NoSuchMethodError'{0x0000000717e3c8c8}: 'java.lang.Object java.lang.invoke.DirectMethodHandle$Holder.invokeInterface(java.lang.Object, java.lang.Object, java.lang.Object, java.lang.Object, java.lang.Object)'> (0x0000000717e3c8c8) 
thrown [s\open\src\hotspot\share\interpreter\linkResolver.cpp, line 796]
Event: 157.854 Thread 0x000001f31a524a10 Exception <a 'java/lang/NoSuchMethodError'{0x0000000717c1f2a8}: 'long java.lang.invoke.DirectMethodHandle$Holder.invokeSpecial(java.lang.Object, java.lang.Object, java.lang.Object, long)'> (0x0000000717c1f2a8) 
thrown [s\open\src\hotspot\share\interpreter\linkResolver.cpp, line 796]
Event: 157.855 Thread 0x000001f31a524a10 Exception <a 'java/lang/NoSuchMethodError'{0x0000000717c2b210}: 'java.lang.Object java.lang.invoke.Invokers$Holder.linkToTargetMethod(java.lang.Object, long, java.lang.Object)'> (0x0000000717c2b210) 
thrown [s\open\src\hotspot\share\interpreter\linkResolver.cpp, line 796]
Event: 178.354 Thread 0x000001f31a51e7a0 Exception <a 'java/lang/NoSuchMethodError'{0x0000000716c683c0}: 'void java.lang.invoke.DirectMethodHandle$Holder.invokeVirtual(java.lang.Object, java.lang.Object, java.lang.Object, java.lang.Object, java.lang.Object, java.lang.Object, java.lang.Object)'> (0x0000000716c683c0) 
thrown [s\open\src\hotspot\share\interpreter\linkResolver.cpp, line 796]
Event: 178.355 Thread 0x000001f31a51e7a0 Exception <a 'java/lang/NoSuchMethodError'{0x0000000716c6cc00}: 'void java.lang.invoke.DelegatingMethodHandle$Holder.reinvoke_L(java.lang.Object, java.lang.Object, java.lang.Object, java.lang.Object, java.lang.Object, java.lang.Object, java.lang.Object)'> (0x0000000716c6cc00) 
thrown [s\open\src\hotspot\share\interpreter\linkResolver.cpp, line 796]
Event: 341.024 Thread 0x000001f31a524380 Exception <a 'java/lang/NoSuchMethodError'{0x00000007ff108df0}: 'long java.lang.invoke.DirectMethodHandle$Holder.invokeVirtual(java.lang.Object, java.lang.Object, java.lang.Object)'> (0x00000007ff108df0) 
thrown [s\open\src\hotspot\share\interpreter\linkResolver.cpp, line 796]

VM Operations (20 events):
Event: 341.440 Executing VM operation: G1CollectForAllocation (G1 Evacuation Pause) done
Event: 341.553 Executing VM operation: G1PauseRemark
Event: 341.587 Executing VM operation: G1PauseRemark done
Event: 341.622 Executing VM operation: G1PauseCleanup
Event: 341.622 Executing VM operation: G1PauseCleanup done
Event: 341.899 Executing VM operation: G1CollectForAllocation (G1 Evacuation Pause)
Event: 341.943 Executing VM operation: G1CollectForAllocation (G1 Evacuation Pause) done
Event: 342.194 Executing VM operation: G1CollectForAllocation (G1 Evacuation Pause)
Event: 342.245 Executing VM operation: G1CollectForAllocation (G1 Evacuation Pause) done
Event: 342.464 Executing VM operation: G1TryInitiateConcMark (G1 Humongous Allocation)
Event: 342.497 Executing VM operation: G1TryInitiateConcMark (G1 Humongous Allocation) done
Event: 342.703 Executing VM operation: G1PauseRemark
Event: 342.708 Executing VM operation: G1PauseRemark done
Event: 342.796 Executing VM operation: G1PauseCleanup
Event: 342.796 Executing VM operation: G1PauseCleanup done
Event: 342.873 Executing VM operation: G1CollectForAllocation (G1 Evacuation Pause)
Event: 342.898 Executing VM operation: G1CollectForAllocation (G1 Evacuation Pause) done
Event: 343.230 Executing VM operation: G1CollectForAllocation (G1 Evacuation Pause)
Event: 343.261 Executing VM operation: G1CollectForAllocation (G1 Evacuation Pause) done
Event: 343.683 Executing VM operation: G1CollectForAllocation (G1 Evacuation Pause)

Memory protections (0 events):
No events

Nmethod flushes (20 events):
Event: 341.581 Thread 0x000001f2d249e7f0 flushing  nmethod 0x000001f2c880bc88
Event: 341.581 Thread 0x000001f2d249e7f0 flushing  nmethod 0x000001f2c880c108
Event: 341.581 Thread 0x000001f2d249e7f0 flushing  nmethod 0x000001f2c880d088
Event: 341.581 Thread 0x000001f2d249e7f0 flushing  nmethod 0x000001f2c880d688
Event: 341.581 Thread 0x000001f2d249e7f0 flushing  nmethod 0x000001f2c880da08
Event: 341.581 Thread 0x000001f2d249e7f0 flushing  nmethod 0x000001f2c880ea08
Event: 341.581 Thread 0x000001f2d249e7f0 flushing  nmethod 0x000001f2c8849888
Event: 341.581 Thread 0x000001f2d249e7f0 flushing  nmethod 0x000001f2c884a408
Event: 341.581 Thread 0x000001f2d249e7f0 flushing  nmethod 0x000001f2c884bf88
Event: 341.581 Thread 0x000001f2d249e7f0 flushing  nmethod 0x000001f2c884c888
Event: 341.581 Thread 0x000001f2d249e7f0 flushing  nmethod 0x000001f2c8873088
Event: 341.581 Thread 0x000001f2d249e7f0 flushing  nmethod 0x000001f2c889cc08
Event: 341.581 Thread 0x000001f2d249e7f0 flushing  nmethod 0x000001f2c889dc88
Event: 341.581 Thread 0x000001f2d249e7f0 flushing  nmethod 0x000001f2c889f088
Event: 341.581 Thread 0x000001f2d249e7f0 flushing  nmethod 0x000001f2c889fa08
Event: 341.581 Thread 0x000001f2d249e7f0 flushing  nmethod 0x000001f2c88a0888
Event: 342.706 Thread 0x000001f2d249e7f0 flushing  nmethod 0x000001f2c8925208
Event: 342.706 Thread 0x000001f2d249e7f0 flushing  nmethod 0x000001f2c8ba3b88
Event: 342.706 Thread 0x000001f2d249e7f0 flushing  nmethod 0x000001f2c7b83608
Event: 342.706 Thread 0x000001f2d249e7f0 flushing  nmethod 0x000001f2c8ae9a88

Events (20 events):
Event: 182.571 Thread 0x000001f31afedee0 Thread exited: 0x000001f31afedee0
Event: 183.686 Thread 0x000001f31afea190 Thread exited: 0x000001f31afea190
Event: 186.016 Thread 0x000001f31afed810 Thread exited: 0x000001f31afed810
Event: 228.834 Thread 0x000001f2d2919710 Thread added: 0x000001f31afedee0
Event: 230.777 Thread 0x000001f31afedee0 Thread exited: 0x000001f31afedee0
Event: 230.796 Thread 0x000001f2d2919710 Thread added: 0x000001f31afed810
Event: 231.148 Thread 0x000001f31afed810 Thread added: 0x000001f31afedee0
Event: 236.244 Thread 0x000001f31afedee0 Thread exited: 0x000001f31afedee0
Event: 236.244 Thread 0x000001f31afed810 Thread exited: 0x000001f31afed810
Event: 265.840 Thread 0x000001f2d2919710 Thread added: 0x000001f31afedee0
Event: 275.190 Thread 0x000001f31afedee0 Thread exited: 0x000001f31afedee0
Event: 335.920 Thread 0x000001f2d2919710 Thread added: 0x000001f31afed810
Event: 335.920 Thread 0x000001f2d2919710 Thread added: 0x000001f31afedee0
Event: 336.142 Thread 0x000001f31afed810 Thread added: 0x000001f31afea860
Event: 338.748 Thread 0x000001f31afea860 Thread exited: 0x000001f31afea860
Event: 340.633 Thread 0x000001f31afedee0 Thread exited: 0x000001f31afedee0
Event: 341.382 Thread 0x000001f31afed810 Thread added: 0x000001f31afea860
Event: 341.382 Thread 0x000001f31afed810 Thread added: 0x000001f31aff07c0
Event: 342.502 Thread 0x000001f31aff07c0 Thread exited: 0x000001f31aff07c0
Event: 343.056 Thread 0x000001f31afea860 Thread exited: 0x000001f31afea860


Dynamic libraries:
0x00007ff60c420000 - 0x00007ff60c430000 	C:\Program Files\Java\jdk-23\bin\java.exe
0x00007ffe76d80000 - 0x00007ffe76fe7000 	C:\WINDOWS\SYSTEM32\ntdll.dll
0x00007ffe75d80000 - 0x00007ffe75e49000 	C:\WINDOWS\System32\KERNEL32.DLL
0x00007ffe73870000 - 0x00007ffe73c61000 	C:\WINDOWS\System32\KERNELBASE.dll
0x00007ffe73d50000 - 0x00007ffe73e9b000 	C:\WINDOWS\System32\ucrtbase.dll
0x00007ffe6aa80000 - 0x00007ffe6aa97000 	C:\Program Files\Java\jdk-23\bin\jli.dll
0x00007ffe6a9f0000 - 0x00007ffe6aa0b000 	C:\Program Files\Java\jdk-23\bin\VCRUNTIME140.dll
0x00007ffe76180000 - 0x00007ffe76345000 	C:\WINDOWS\System32\USER32.dll
0x00007ffe73d20000 - 0x00007ffe73d47000 	C:\WINDOWS\System32\win32u.dll
0x00007ffe55c20000 - 0x00007ffe55eb3000 	C:\WINDOWS\WinSxS\amd64_microsoft.windows.common-controls_6595b64144ccf1df_6.0.26100.8037_none_3e092faae333b53b\COMCTL32.dll
0x00007ffe76150000 - 0x00007ffe7617b000 	C:\WINDOWS\System32\GDI32.dll
0x00007ffe76a90000 - 0x00007ffe76b39000 	C:\WINDOWS\System32\msvcrt.dll
0x00007ffe74880000 - 0x00007ffe749ab000 	C:\WINDOWS\System32\gdi32full.dll
0x00007ffe73c70000 - 0x00007ffe73d13000 	C:\WINDOWS\System32\msvcp_win.dll
0x00007ffe75f80000 - 0x00007ffe75fb1000 	C:\WINDOWS\System32\IMM32.DLL
0x00007ffe6af50000 - 0x00007ffe6af5c000 	C:\Program Files\Java\jdk-23\bin\vcruntime140_1.dll
0x00007ffe3fa80000 - 0x00007ffe3fb0e000 	C:\Program Files\Java\jdk-23\bin\msvcp140.dll
0x00007ffdb6590000 - 0x00007ffdb72df000 	C:\Program Files\Java\jdk-23\bin\server\jvm.dll
0x00007ffe76b40000 - 0x00007ffe76bfb000 	C:\WINDOWS\System32\ADVAPI32.dll
0x00007ffe75b30000 - 0x00007ffe75bd7000 	C:\WINDOWS\System32\sechost.dll
0x00007ffe75820000 - 0x00007ffe75938000 	C:\WINDOWS\System32\RPCRT4.dll
0x00007ffe76c00000 - 0x00007ffe76c74000 	C:\WINDOWS\System32\WS2_32.dll
0x00007ffe72260000 - 0x00007ffe722be000 	C:\WINDOWS\SYSTEM32\POWRPROF.dll
0x00007ffe68740000 - 0x00007ffe6874b000 	C:\WINDOWS\SYSTEM32\VERSION.dll
0x00007ffe65a40000 - 0x00007ffe65a75000 	C:\WINDOWS\SYSTEM32\WINMM.dll
0x00007ffe72240000 - 0x00007ffe72254000 	C:\WINDOWS\SYSTEM32\UMPDC.dll
0x00007ffe72510000 - 0x00007ffe7252b000 	C:\WINDOWS\SYSTEM32\kernel.appcore.dll
0x00007ffe6aea0000 - 0x00007ffe6aeaa000 	C:\Program Files\Java\jdk-23\bin\jimage.dll
0x00007ffe710e0000 - 0x00007ffe71322000 	C:\WINDOWS\SYSTEM32\DBGHELP.DLL
0x00007ffe76700000 - 0x00007ffe76a82000 	C:\WINDOWS\System32\combase.dll
0x00007ffe76350000 - 0x00007ffe76427000 	C:\WINDOWS\System32\OLEAUT32.dll
0x00007ffe61110000 - 0x00007ffe6114b000 	C:\WINDOWS\SYSTEM32\dbgcore.DLL
0x00007ffe749b0000 - 0x00007ffe74a55000 	C:\WINDOWS\System32\bcryptPrimitives.dll
0x00007ffe68200000 - 0x00007ffe6821e000 	C:\Program Files\Java\jdk-23\bin\java.dll
0x00007ffe75be0000 - 0x00007ffe75d75000 	C:\WINDOWS\System32\ole32.dll
0x00007ffe74ba0000 - 0x00007ffe752ff000 	C:\WINDOWS\System32\SHELL32.dll
0x00007ffe73ea0000 - 0x00007ffe7400a000 	C:\WINDOWS\System32\wintypes.dll
0x00007ffe74010000 - 0x00007ffe74874000 	C:\WINDOWS\System32\windows.storage.dll
0x00007ffe75e80000 - 0x00007ffe75f77000 	C:\WINDOWS\System32\SHCORE.dll
0x00007ffe76020000 - 0x00007ffe76087000 	C:\WINDOWS\System32\shlwapi.dll
0x00007ffe73580000 - 0x00007ffe735a9000 	C:\WINDOWS\SYSTEM32\profapi.dll
0x00007ffe6aac0000 - 0x00007ffe6aad0000 	C:\Program Files\Java\jdk-23\bin\net.dll
0x00007ffe72a80000 - 0x00007ffe72aeb000 	C:\WINDOWS\system32\mswsock.dll
0x00007ffe67990000 - 0x00007ffe679a6000 	C:\Program Files\Java\jdk-23\bin\nio.dll
0x00007ffe5fa20000 - 0x00007ffe5fa37000 	C:\Program Files\Java\jdk-23\bin\zip.dll
0x00007ffe6aa40000 - 0x00007ffe6aa50000 	C:\Program Files\Java\jdk-23\bin\verify.dll
0x00007ffe6a9e0000 - 0x00007ffe6a9ee000 	C:\Program Files\Java\jdk-23\bin\sunmscapi.dll
0x00007ffe73660000 - 0x00007ffe737d7000 	C:\WINDOWS\System32\CRYPT32.dll
0x00007ffe72f80000 - 0x00007ffe72fb0000 	C:\WINDOWS\SYSTEM32\ncrypt.dll
0x00007ffe72f30000 - 0x00007ffe72f6f000 	C:\WINDOWS\SYSTEM32\NTASN1.dll
0x00007ffe72d60000 - 0x00007ffe72d7b000 	C:\WINDOWS\SYSTEM32\CRYPTSP.dll
0x00007ffe72470000 - 0x00007ffe724a9000 	C:\WINDOWS\system32\rsaenh.dll
0x00007ffe72b30000 - 0x00007ffe72b62000 	C:\WINDOWS\SYSTEM32\USERENV.dll
0x00007ffe73550000 - 0x00007ffe7357a000 	C:\WINDOWS\SYSTEM32\bcrypt.dll
0x00007ffe72d80000 - 0x00007ffe72d8c000 	C:\WINDOWS\SYSTEM32\CRYPTBASE.dll
0x00007ffe71f00000 - 0x00007ffe71f33000 	C:\WINDOWS\SYSTEM32\IPHLPAPI.DLL
0x00007ffe75b20000 - 0x00007ffe75b2a000 	C:\WINDOWS\System32\NSI.dll
0x00007ffe69e70000 - 0x00007ffe69e7a000 	C:\Program Files\Java\jdk-23\bin\management.dll
0x00007ffe681f0000 - 0x00007ffe681fb000 	C:\Program Files\Java\jdk-23\bin\management_ext.dll
0x00007ffe76590000 - 0x00007ffe76598000 	C:\WINDOWS\System32\PSAPI.DLL
0x00007ffe71f40000 - 0x00007ffe7206a000 	C:\WINDOWS\SYSTEM32\DNSAPI.dll
0x00007ffe69760000 - 0x00007ffe6976b000 	C:\Windows\System32\rasadhlp.dll
0x00007ffe6ab80000 - 0x00007ffe6ac06000 	C:\WINDOWS\System32\fwpuclnt.dll
0x00007ffe60110000 - 0x00007ffe60119000 	C:\Program Files\Java\jdk-23\bin\extnet.dll
0x00007ffdcdf30000 - 0x00007ffdcdf38000 	C:\WINDOWS\system32\wshunix.dll

dbghelp: loaded successfully - version: 4.0.5 - missing functions: none
symbol engine: initialized successfully - sym options: 0x614 - pdb path: .;C:\Program Files\Java\jdk-23\bin;C:\WINDOWS\SYSTEM32;C:\WINDOWS\WinSxS\amd64_microsoft.windows.common-controls_6595b64144ccf1df_6.0.26100.8037_none_3e092faae333b53b;C:\Program Files\Java\jdk-23\bin\server

VM Arguments:
jvm_args: -XX:TieredStopAtLevel=1 
java_command: demo.ticket_app.TicketAppApplication
java_class_path (initial): D:\ticket\ticket-app\target\classes;C:\Users\ASUS\.m2\repository\org\springframework\boot\spring-boot\3.5.13\spring-boot-3.5.13.jar;C:\Users\ASUS\.m2\repository\org\springframework\boot\spring-boot-autoconfigure\3.5.13\spring-boot-autoconfigure-3.5.13.jar;C:\Users\ASUS\.m2\repository\org\apache\logging\log4j\log4j-to-slf4j\2.24.3\log4j-to-slf4j-2.24.3.jar;C:\Users\ASUS\.m2\repository\org\apache\logging\log4j\log4j-api\2.24.3\log4j-api-2.24.3.jar;C:\Users\ASUS\.m2\repository\org\slf4j\jul-to-slf4j\2.0.17\jul-to-slf4j-2.0.17.jar;C:\Users\ASUS\.m2\repository\jakarta\annotation\jakarta.annotation-api\2.1.1\jakarta.annotation-api-2.1.1.jar;C:\Users\ASUS\.m2\repository\org\yaml\snakeyaml\2.4\snakeyaml-2.4.jar;C:\Users\ASUS\.m2\repository\org\springframework\boot\spring-boot-actuator-autoconfigure\3.5.13\spring-boot-actuator-autoconfigure-3.5.13.jar;C:\Users\ASUS\.m2\repository\org\springframework\boot\spring-boot-actuator\3.5.13\spring-boot-actuator-3.5.13.jar;C:\Users\ASUS\.m2\repository\io\micrometer\micrometer-observation\1.15.10\micrometer-observation-1.15.10.jar;C:\Users\ASUS\.m2\repository\io\micrometer\micrometer-commons\1.15.10\micrometer-commons-1.15.10.jar;C:\Users\ASUS\.m2\repository\io\micrometer\micrometer-jakarta9\1.15.10\micrometer-jakarta9-1.15.10.jar;C:\Users\ASUS\.m2\repository\io\micrometer\micrometer-core\1.15.10\micrometer-core-1.15.10.jar;C:\Users\ASUS\.m2\repository\org\hdrhistogram\HdrHistogram\2.2.2\HdrHistogram-2.2.2.jar;C:\Users\ASUS\.m2\repository\org\latencyutils\LatencyUtils\2.0.3\LatencyUtils-2.0.3.jar;C:\Users\ASUS\.m2\repository\com\zaxxer\HikariCP\6.3.3\HikariCP-6.3.3.jar;C:\Users\ASUS\.m2\repository\org\springframework\spring-jdbc\6.2.17\spring-jdbc-6.2.17.jar;C:\Users\ASUS\.m2\repository\org\hibernate\orm\hibernate-core\6.6.45.Final\hibernate-core-6.6.45.Final.jar;C:\Users\ASUS\.m2\repository\jakarta\persistence\jakarta.persistence-api\3.1.0\jakarta.persistence-api-3.1.0.jar;C:\Users\ASUS\.m2\repository\jakarta\transaction\jakarta.transaction-api\2.0.1\jakarta.transaction-api-2.0.1.jar;C:\Users\ASUS\.m2\repository\org\jboss\logging\jboss-logging\3.6.3.Final\jboss-logging-3.6.3.Final.jar;C:\Users\ASUS\.m2\repository\org\hibernate\common\hibernate-commons-annotations\7.0.3.Final\hibernate-commons-annotations-7.0.3.Final.jar;C:\Users\ASUS\.m2\repository\io\smallrye\jandex\3.2.0\jandex-3.2.0.jar;C:\Users\ASUS\.m2\repository\com\fasterxml\classmate\1.7.3\classmate-1.7.3.jar;C:\Users\ASUS\.m2\repository\net\bytebuddy\byte-buddy\1.17.8\byte-buddy-1.17.8.jar;C:\Users\ASUS\.m2\repository\org\glassfish\jaxb\jaxb-runtime\4.0.6\jaxb-runtime-4.0.6.jar;C:\Users\ASUS\.m2\repository\org\glassfish\jaxb\jaxb-core\4.0.6\jaxb-core-4.0.6.jar;C:\Users\ASUS\.m2\repository\org\glassfish\jaxb\txw2\4.0.6\txw2-4.0.6.jar;C:\Users\ASUS\.m2\repository\com\sun\istack\istack-commons-runtime\4.1.2\istack-commons-runtime-4.1.2.jar;C:\Users\ASUS\.m2\repository\jakarta\inject\jakarta.inject-api\2.0.1\jakarta.inject-api-2.0.1.jar;C:\Users\ASUS\.m2\repository\org\antlr\antlr4-runtime\4.13.0\antlr4-runtime-4.13.0.jar;C:\Users\ASUS\.m2\repository\org\springframework\data\spring-data-jpa\3.5.10\spring-data-jpa-3.5.10.jar;C:\Users\ASUS\.m2\repository\org\springframework\data\spring-data-commons\3.5.10\spring-data-commons-3.5.10.jar;C:\Users\ASUS\.m2\repository\org\springframework\spring-orm\6.2.17\spring-orm-6.2.17.jar;C:\Users\ASUS\.m2\repository\org\springframework\spring-beans\6.2.17\spring-beans-6.2.17.jar;C:\Users\ASUS\.m2\repository\org\slf4j\slf4j-api\2.0.17\slf4j-api-2.0.17.jar;C:\Users\ASUS\.m2\repository\org\springframework\spring-aspects\6.2.17\spring-aspects-6.2.17.jar;C:\Users\ASUS\.m2\repository\org\aspectj\aspectjweaver\1.9.25.1\aspectjweaver-1.9.25.1.jar;C:\Users\ASUS\.m2\repository\io\lettuce\lettuce-core\6.6.0.RELEASE\lettuce-core-6.6.0.RELEASE.jar;C:\Users\ASUS\.m2\repository\redis\clients\authentication\redis-authx-core\0.1.1-beta2\redis-authx-core-0.1.1-beta2.jar;C:\Users\ASUS\.m2\repository\io\netty\netty-common\4.1.132.Final\netty-common-4.1.132.Final.jar;C:\Users\ASUS\.m2\repository\io\netty\netty-handler\4.1.132.Final\netty-handler-4.1.132.Final.jar;C:\Users\ASUS\.m2\repository\io\netty\netty-resolver\4.1.132.Final\netty-resolver-4.1.132.Final.jar;C:\Users\ASUS\.m2\repository\io\netty\netty-buffer\4.1.132.Final\netty-buffer-4.1.132.Final.jar;C:\Users\ASUS\.m2\repository\io\netty\netty-transport-native-unix-common\4.1.132.Final\netty-transport-native-unix-common-4.1.132.Final.jar;C:\Users\ASUS\.m2\repository\io\netty\netty-codec\4.1.132.Final\netty-codec-4.1.132.Final.jar;C:\Users\ASUS\.m2\repository\io\netty\netty-transport\4.1.132.Final\netty-transport-4.1.132.Final.jar;C:\Users\ASUS\.m2\repository\io\projectreactor\reactor-core\3.7.17\reactor-core-3.7.17.jar;C:\Users\ASUS\.m2\repository\org\reactivestreams\reactive-streams\1.0.4\reactive-streams-1.0.4.jar;C:\Users\ASUS\.m2\repository\org\springframework\data\spring-data-redis\3.5.10\spring-data-redis-3.5.10.jar;C:\Users\ASUS\.m2\repository\org\springframework\data\spring-data-keyvalue\3.5.10\spring-data-keyvalue-3.5.10.jar;C:\Users\ASUS\.m2\repository\org\springframework\spring-oxm\6.2.17\spring-oxm-6.2.17.jar;C:\Users\ASUS\.m2\repository\org\springframework\spring-context-support\6.2.17\spring-context-support-6.2.17.jar;C:\Users\ASUS\.m2\repository\org\eclipse\angus\jakarta.mail\2.0.5\jakarta.mail-2.0.5.jar;C:\Users\ASUS\.m2\repository\jakarta\activation\jakarta.activation-api\2.1.4\jakarta.activation-api-2.1.4.jar;C:\Users\ASUS\.m2\repository\org\eclipse\angus\angus-activation\2.0.3\angus-activation-2.0.3.jar;C:\Users\ASUS\.m2\repository\org\springframework\spring-aop\6.2.17\spring-aop-6.2.17.jar;C:\Users\ASUS\.m2\repository\org\springframework\security\spring-security-config\6.5.9\spring-security-config-6.5.9.jar;C:\Users\ASUS\.m2\repository\org\springframework\security\spring-security-web\6.5.9\spring-security-web-6.5.9.jar;C:\Users\ASUS\.m2\repository\org\springframework\spring-expression\6.2.17\spring-expression-6.2.17.jar;C:\Users\ASUS\.m2\repository\org\apache\tomcat\embed\tomcat-embed-el\10.1.53\tomcat-embed-el-10.1.53.jar;C:\Users\ASUS\.m2\repository\org\hibernate\validator\hibernate-validator\8.0.3.Final\hibernate-validator-8.0.3.Final.jar;C:\Users\ASUS\.m2\repository\jakarta\validation\jakarta.validation-api\3.0.2\jakarta.validation-api-3.0.2.jar;C:\Users\ASUS\.m2\repository\com\fasterxml\jackson\datatype\jackson-datatype-jdk8\2.21.2\jackson-datatype-jdk8-2.21.2.jar;C:\Users\ASUS\.m2\repository\com\fasterxml\jackson\module\jackson-module-parameter-names\2.21.2\jackson-module-parameter-names-2.21.2.jar;C:\Users\ASUS\.m2\repository\org\apache\tomcat\embed\tomcat-embed-core\10.1.53\tomcat-embed-core-10.1.53.jar;C:\Users\ASUS\.m2\repository\org\apache\tomcat\embed\tomcat-embed-websocket\10.1.53\tomcat-embed-websocket-10.1.53.jar;C:\Users\ASUS\.m2\repository\org\springframework\spring-web\6.2.17\spring-web-6.2.17.jar;C:\Users\ASUS\.m2\repository\org\springframework\spring-webmvc\6.2.17\spring-webmvc-6.2.17.jar;C:\Users\ASUS\.m2\repository\com\github\javafaker\javafaker\1.0.2\javafaker-1.0.2.jar;C:\Users\ASUS\.m2\repository\org\apache\commons\commons-lang3\3.17.0\commons-lang3-3.17.0.jar;C:\Users\ASUS\.m2\repository\org\yaml\snakeyaml\1.23\snakeyaml-1.23-android.jar;C:\Users\ASUS\.m2\repository\com\github\mifmif\generex\1.0.2\generex-1.0.2.jar;C:\Users\ASUS\.m2\repository\dk\brics\automaton\automaton\1.11-8\automaton-1.11-8.jar;C:\Users\ASUS\.m2\repository\com\google\api-client\google-api-client\2.7.2\google-api-client-2.7.2.jar;C:\Users\ASUS\.m2\repository\commons-codec\commons-codec\1.18.0\commons-codec-1.18.0.jar;C:\Users\ASUS\.m2\repository\com\google\auth\google-auth-library-credentials\1.30.0\google-auth-library-credentials-1.30.0.jar;C:\Users\ASUS\.m2\repository\com\google\auth\google-auth-library-oauth2-http\1.30.0\google-auth-library-oauth2-http-1.30.0.jar;C:\Users\ASUS\.m2\repository\com\google\auto\value\auto-value-annotations\1.11.0\auto-value-annotations-1.11.0.jar;C:\Users\ASUS\.m2\repository\com\google\code\findbugs\jsr305\3.0.2\jsr305-3.0.2.jar;C:\Users\ASUS\.m2\repository\com\google\errorprone\error_prone_annotations\2.35.1\error_prone_annotations-2.35.1.jar;C:\Users\ASUS\.m2\repository\com\google\guava\guava\33.1.0-jre\guava-33.1.0-jre.jar;C:\Users\ASUS\.m2\repository\com\google\guava\failureaccess\1.0.2\failureaccess-1.0.2.jar;C:\Users\ASUS\.m2\repository\com\google\guava\listenablefuture\9999.0-empty-to-avoid-conflict-with-guava\listenablefuture-9999.0-empty-to-avoid-conflict-with-guava.jar;C:\Users\ASUS\.m2\repository\com\google\j2objc\j2objc-annotations\3.0.0\j2objc-annotations-3.0.0.jar;C:\Users\ASUS\.m2\repository\com\google\http-client\google-http-client-apache-v2\1.45.2\google-http-client-apache-v2-1.45.2.jar;C:\Users\ASUS\.m2\repository\org\apache\httpcomponents\httpcore\4.4.16\httpcore-4.4.16.jar;C:\Users\ASUS\.m2\repository\org\apache\httpcomponents\httpclient\4.5.14\httpclient-4.5.14.jar;C:\Users\ASUS\.m2\repository\commons-logging\commons-logging\1.2\commons-logging-1.2.jar;C:\Users\ASUS\.m2\repository\com\google\http-client\google-http-client\1.45.2\google-http-client-1.45.2.jar;C:\Users\ASUS\.m2\repository\io\grpc\grpc-context\1.68.2\grpc-context-1.68.2.jar;C:\Users\ASUS\.m2\repository\io\grpc\grpc-api\1.68.2\grpc-api-1.68.2.jar;C:\Users\ASUS\.m2\repository\io\opencensus\opencensus-api\0.31.1\opencensus-api-0.31.1.jar;C:\Users\ASUS\.m2\repository\io\opencensus\opencensus-contrib-http-util\0.31.1\opencensus-contrib-http-util-0.31.1.jar;C:\Users\ASUS\.m2\repository\com\google\oauth-client\google-oauth-client\1.36.0\google-oauth-client-1.36.0.jar;C:\Users\ASUS\.m2\repository\com\google\http-client\google-http-client-gson\1.45.3\google-http-client-gson-1.45.3.jar;C:\Users\ASUS\.m2\repository\com\google\code\gson\gson\2.13.2\gson-2.13.2.jar;C:\Users\ASUS\.m2\repository\org\springframework\kafka\spring-kafka\3.3.14\spring-kafka-3.3.14.jar;C:\Users\ASUS\.m2\repository\org\springframework\spring-context\6.2.17\spring-context-6.2.17.jar;C:\Users\ASUS\.m2\repository\org\springframework\spring-messaging\6.2.17\spring-messaging-6.2.17.jar;C:\Users\ASUS\.m2\repository\org\springframework\spring-tx\6.2.17\spring-tx-6.2.17.jar;C:\Users\ASUS\.m2\repository\org\springframework\retry\spring-retry\2.0.12\spring-retry-2.0.12.jar;C:\Users\ASUS\.m2\repository\org\apache\kafka\kafka-clients\3.9.2\kafka-clients-3.9.2.jar;C:\Users\ASUS\.m2\repository\com\github\luben\zstd-jni\1.5.6-4\zstd-jni-1.5.6-4.jar;C:\Users\ASUS\.m2\repository\at\yawk\lz4\lz4-java\1.10.1\lz4-java-1.10.1.jar;C:\Users\ASUS\.m2\repository\org\xerial\snappy\snappy-java\1.1.10.5\snappy-java-1.1.10.5.jar;C:\Users\ASUS\.m2\repository\com\fasterxml\jackson\datatype\jackson-datatype-jsr310\2.21.2\jackson-datatype-jsr310-2.21.2.jar;C:\Users\ASUS\.m2\repository\com\fasterxml\jackson\core\jackson-annotations\2.21\jackson-annotations-2.21.jar;C:\Users\ASUS\.m2\repository\com\fasterxml\jackson\core\jackson-core\2.21.2\jackson-core-2.21.2.jar;C:\Users\ASUS\.m2\repository\com\fasterxml\jackson\core\jackson-databind\2.21.2\jackson-databind-2.21.2.jar;C:\Users\ASUS\.m2\repository\io\jsonwebtoken\jjwt-api\0.11.5\jjwt-api-0.11.5.jar;C:\Users\ASUS\.m2\repository\io\jsonwebtoken\jjwt-impl\0.11.5\jjwt-impl-0.11.5.jar;C:\Users\ASUS\.m2\repository\io\jsonwebtoken\jjwt-jackson\0.11.5\jjwt-jackson-0.11.5.jar;C:\Users\ASUS\.m2\repository\org\postgresql\postgresql\42.7.10\postgresql-42.7.10.jar;C:\Users\ASUS\.m2\repository\org\checkerframework\checker-qual\3.52.0\checker-qual-3.52.0.jar;C:\Users\ASUS\.m2\repository\jakarta\xml\bind\jakarta.xml.bind-api\4.0.4\jakarta.xml.bind-api-4.0.4.jar;C:\Users\ASUS\.m2\repository\org\springframework\spring-core\6.2.17\spring-core-6.2.17.jar;C:\Users\ASUS\.m2\repository\org\springframework\spring-jcl\6.2.17\spring-jcl-6.2.17.jar;C:\Users\ASUS\.m2\repository\ch\qos\logback\logback-core\1.5.32\logback-core-1.5.32.jar;C:\Users\ASUS\.m2\repository\ch\qos\logback\logback-classic\1.5.32\logback-classic-1.5.32.jar;C:\Users\ASUS\.m2\repository\org\springframework\security\spring-security-core\6.5.9\spring-security-core-6.5.9.jar;C:\Users\ASUS\.m2\repository\org\springframework\security\spring-security-crypto\6.5.9\spring-security-crypto-6.5.9.jar
Launcher Type: SUN_STANDARD

[Global flags]
     intx CICompilerCount                          = 4                                         {product} {ergonomic}
     uint ConcGCThreads                            = 3                                         {product} {ergonomic}
     uint G1ConcRefinementThreads                  = 10                                        {product} {ergonomic}
   size_t G1HeapRegionSize                         = 2097152                                   {product} {ergonomic}
   size_t InitialHeapSize                          = 264241152                                 {product} {ergonomic}
   size_t MarkStackSize                            = 4194304                                   {product} {ergonomic}
   size_t MarkStackSizeMax                         = 536870912                                 {product} {ergonomic}
   size_t MaxHeapSize                              = 4227858432                                {product} {ergonomic}
   size_t MaxNewSize                               = 2535456768                                {product} {ergonomic}
   size_t MinHeapDeltaBytes                        = 2097152                                   {product} {ergonomic}
   size_t MinHeapSize                              = 8388608                                   {product} {ergonomic}
    uintx NonNMethodCodeHeapSize                   = 4096                                   {pd product} {ergonomic}
    uintx NonProfiledCodeHeapSize                  = 0                                      {pd product} {ergonomic}
     bool ProfileInterpreter                       = false                                  {pd product} {command line}
    uintx ProfiledCodeHeapSize                     = 0                                      {pd product} {ergonomic}
   size_t SoftMaxHeapSize                          = 4227858432                             {manageable} {ergonomic}
     intx TieredStopAtLevel                        = 1                                         {product} {command line}
     bool UseCompressedOops                        = true                           {product lp64_product} {ergonomic}
     bool UseG1GC                                  = true                                      {product} {ergonomic}
     bool UseLargePagesIndividualAllocation        = false                                  {pd product} {ergonomic}

Logging:
Log output configuration:
 #0: stdout all=warning uptime,level,tags foldmultilines=false
 #1: stderr all=off uptime,level,tags foldmultilines=false

Environment Variables:
PATH=C:\Program Files\Common Files\Oracle\Java\javapath;C:\Program Files (x86)\Common Files\Oracle\Java\javapath;C:\WINDOWS\system32;C:\WINDOWS;C:\WINDOWS\System32\Wbem;C:\WINDOWS\System32\WindowsPowerShell\v1.0\;C:\WINDOWS\System32\OpenSSH\;C:\Program Files (x86)\NVIDIA Corporation\PhysX\Common;C:\Program Files (x86)\Windows Kits\10\Windows Performance Toolkit\;C:\Program Files\Git\cmd;C:\Program Files\dotnet\;C:\Program Files\NVIDIA Corporation\NVIDIA app\NvDLISR;C:\WINDOWS\system32;C:\WINDOWS;C:\WINDOWS\System32\Wbem;C:\WINDOWS\System32\WindowsPowerShell\v1.0\;C:\WINDOWS\System32\OpenSSH\;C:\Program Files\nodejs\;C:\Program Files\Microsoft SQL Server\150\Tools\Binn\;C:\Program Files\Microsoft SQL Server\Client SDK\ODBC\170\Tools\Binn\;C:\Program Files\Cloudflare\Cloudflare WARP\;C:\Program Files\Docker\Docker\resources\bin;C:\apache-maven-3.9.14\bin;C:\Users\ASUS\AppData\Local\Programs\Python\Python313\Scripts\;C:\Users\ASUS\AppData\Local\Programs\Python\Python313\;C:\Users\ASUS\AppData\Local\Microsoft\WindowsApps;C:\Users\ASUS\AppData\Local\Programs\Microsoft VS Code\bin;C:\Users\ASUS\AppData\Local\Android\Sdk;D:\SDK\flutter\bin;C:\msys64_update\ucrt64\bin;C:\Program Files\Java\jdk-22\bin;C:\Users\ASUS\.lmstudio\bin;C:\Users\ASUS\AppData\Roaming\npm;C:\Users\ASUS\.dotnet\tools;C:\Program Files\nodejs;C:\Program Files\JetBrains\IntelliJ IDEA Community Edition 2025.2.2\bin;C:\Users\ASUS\AppData\Local\Programs\MiKTeX\miktex\bin\x64\;C:\Users\ASUS\AppData\Local\Programs\Windsurf\bin;D:\Download\Antigravity\bin
USERNAME=ASUS
OS=Windows_NT
PROCESSOR_IDENTIFIER=Intel64 Family 6 Model 141 Stepping 1, GenuineIntel
TMP=C:\Users\ASUS\AppData\Local\Temp
TEMP=C:\Users\ASUS\AppData\Local\Temp




Periodic native trim disabled

---------------  S Y S T E M  ---------------

OS:
 Windows 11 , 64 bit Build 26100 (10.0.26100.7920)
OS uptime: 0 days 6:38 hours
Hyper-V role detected

CPU: total 12 (initial active 12) (6 cores per cpu, 2 threads per core) family 6 model 141 stepping 1 microcode 0x34, cx8, cmov, fxsr, ht, mmx, 3dnowpref, sse, sse2, sse3, ssse3, sse4.1, sse4.2, popcnt, lzcnt, tsc, tscinvbit, avx, avx2, aes, erms, clmul, bmi1, bmi2, adx, avx512f, avx512dq, avx512cd, avx512bw, avx512vl, sha, fma, vzeroupper, avx512_vpopcntdq, avx512_vpclmulqdq, avx512_vaes, avx512_vnni, clflush, clflushopt, clwb, avx512_vbmi2, avx512_vbmi, hv, rdtscp, rdpid, fsrm, gfni, avx512_bitalg, f16c, cet_ibt, cet_ss, avx512_ifma
Processor Information for the first 12 processors :
  Max Mhz: 2688, Current Mhz: 2688, Mhz Limit: 2688

Memory: 4k page, system-wide physical 16122M (1042M free)
TotalPageFile size 27610M (AvailPageFile size 576M)
current process WorkingSet (physical memory assigned to process): 1097M, peak: 1097M
current process commit charge ("private bytes"): 1250M, peak: 1896M

vm_info: Java HotSpot(TM) 64-Bit Server VM (23+37-2369) for windows-amd64 JRE (23+37-2369), built on 2024-08-20T16:01:23Z with MS VC++ 17.6 (VS2022)

END.
