#
# There is insufficient memory for the Java Runtime Environment to continue.
# Native memory allocation (mmap) failed to map 595591168 bytes. Error detail: G1 virtual space
# Possible reasons:
#   The system is out of physical RAM or swap space
#   This process is running with CompressedOops enabled, and the Java Heap may be blocking the growth of the native heap
# Possible solutions:
#   Reduce memory load on the system
#   Increase physical memory or swap space
#   Check if swap backing store is full
#   Decrease Java heap size (-Xmx/-Xms)
#   Decrease number of Java threads
#   Decrease Java thread stack sizes (-Xss)
#   Set larger code cache with -XX:ReservedCodeCacheSize=
#   JVM is running with Zero Based Compressed Oops mode in which the Java heap is
#     placed in the first 32GB address space. The Java Heap base address is the
#     maximum limit for the native heap growth. Please use -XX:HeapBaseMinAddress
#     to set the Java Heap base and to place the Java Heap above 32GB virtual address.
# This output file may be truncated or incomplete.
#
#  Out of Memory Error (os_windows.cpp:3703), pid=29344, tid=23708
#
# JRE version: Java(TM) SE Runtime Environment (23.0+37) (build 23+37-2369)
# Java VM: Java HotSpot(TM) 64-Bit Server VM (23+37-2369, mixed mode, emulated-client, sharing, tiered, compressed oops, compressed class ptrs, g1 gc, windows-amd64)
# No core dump will be written. Minidumps are not enabled by default on client versions of Windows
#

---------------  S U M M A R Y ------------

Command Line: -XX:TieredStopAtLevel=1 demo.ticket_app.TicketAppApplication

Host: 11th Gen Intel(R) Core(TM) i5-11400H @ 2.70GHz, 12 cores, 15G,  Windows 11 , 64 bit Build 26100 (10.0.26100.7920)
Time: Mon Apr 13 01:14:17 2026 SE Asia Standard Time elapsed time: 115.132090 seconds (0d 0h 1m 55s)

---------------  T H R E A D  ---------------

Current thread (0x00000175725199d0):  VMThread "VM Thread"          [id=23708, stack(0x00000019bfa00000,0x00000019bfb00000) (1024K)]

Stack: [0x00000019bfa00000,0x00000019bfb00000]
Native frames: (J=compiled Java code, j=interpreted, Vv=VM code, C=native code)
V  [jvm.dll+0x6e08a9]  (no source info available)
V  [jvm.dll+0x87da63]  (no source info available)
V  [jvm.dll+0x87feee]  (no source info available)
V  [jvm.dll+0x8805c3]  (no source info available)
V  [jvm.dll+0x27aee6]  (no source info available)
V  [jvm.dll+0x6dd1b5]  (no source info available)
V  [jvm.dll+0x6d103a]  (no source info available)
V  [jvm.dll+0x35b3ea]  (no source info available)
V  [jvm.dll+0x3637f6]  (no source info available)
V  [jvm.dll+0x34fd5e]  (no source info available)
V  [jvm.dll+0x34fff8]  (no source info available)
V  [jvm.dll+0x3289cc]  (no source info available)
V  [jvm.dll+0x328a5a]  (no source info available)
V  [jvm.dll+0x374c92]  (no source info available)
V  [jvm.dll+0x373392]  (no source info available)
V  [jvm.dll+0x3281a7]  (no source info available)
V  [jvm.dll+0x372e58]  (no source info available)
V  [jvm.dll+0x886500]  (no source info available)
V  [jvm.dll+0x887827]  (no source info available)
V  [jvm.dll+0x887d58]  (no source info available)
V  [jvm.dll+0x887ff3]  (no source info available)
V  [jvm.dll+0x824f1b]  (no source info available)
V  [jvm.dll+0x6df055]  (no source info available)
C  [ucrtbase.dll+0x37b0]  (no source info available)
C  [KERNEL32.DLL+0x2e8d7]  (no source info available)
C  [ntdll.dll+0x8c48c]  (no source info available)

VM_Operation (0x00000019c1ff70e8): G1TryInitiateConcMark, mode: safepoint, requested by thread 0x000001754e341d50


---------------  P R O C E S S  ---------------

Threads class SMR info:
_java_thread_list=0x0000017545ad8390, length=31, elements={
0x0000017545015740, 0x0000017545019330, 0x000001754501e250, 0x000001754501eda0,
0x0000017545022600, 0x0000017545026390, 0x0000017545028b00, 0x0000017545163800,
0x000001754516e290, 0x0000017547a04bb0, 0x0000017547948e50, 0x00000175485eb130,
0x00000175485eaaa0, 0x00000175485e8340, 0x00000175485e7cb0, 0x00000175485e9060,
0x00000175485e96f0, 0x000001754e343790, 0x000001754e342a70, 0x000001754e341030,
0x000001754e341d50, 0x000001754e343100, 0x000001754e340310, 0x000001754e3423e0,
0x000001754e343e20, 0x000001754e3409a0, 0x000001754e344b40, 0x000001754e3444b0,
0x000001754e3416c0, 0x000001754e3451d0, 0x00000175459905a0
}

Java Threads: ( => current thread )
  0x0000017545015740 JavaThread "Reference Handler"          daemon [_thread_blocked, id=28892, stack(0x00000019bfb00000,0x00000019bfc00000) (1024K)]
  0x0000017545019330 JavaThread "Finalizer"                  daemon [_thread_blocked, id=18768, stack(0x00000019bfc00000,0x00000019bfd00000) (1024K)]
  0x000001754501e250 JavaThread "Signal Dispatcher"          daemon [_thread_blocked, id=18088, stack(0x00000019bfd00000,0x00000019bfe00000) (1024K)]
  0x000001754501eda0 JavaThread "Attach Listener"            daemon [_thread_blocked, id=27076, stack(0x00000019bfe00000,0x00000019bff00000) (1024K)]
  0x0000017545022600 JavaThread "Service Thread"             daemon [_thread_blocked, id=28848, stack(0x00000019bff00000,0x00000019c0000000) (1024K)]
  0x0000017545026390 JavaThread "Monitor Deflation Thread"   daemon [_thread_blocked, id=25100, stack(0x00000019c0000000,0x00000019c0100000) (1024K)]
  0x0000017545028b00 JavaThread "C1 CompilerThread0"         daemon [_thread_blocked, id=21140, stack(0x00000019c0100000,0x00000019c0200000) (1024K)]
  0x0000017545163800 JavaThread "Notification Thread"        daemon [_thread_blocked, id=25444, stack(0x00000019c0300000,0x00000019c0400000) (1024K)]
  0x000001754516e290 JavaThread "Common-Cleaner"             daemon [_thread_blocked, id=10836, stack(0x00000019c0400000,0x00000019c0500000) (1024K)]
  0x0000017547a04bb0 JavaThread "Cleaner-0"                  daemon [_thread_blocked, id=11188, stack(0x00000019c1300000,0x00000019c1400000) (1024K)]
  0x0000017547948e50 JavaThread "HikariPool-1:housekeeper"   daemon [_thread_blocked, id=17948, stack(0x00000019c1400000,0x00000019c1500000) (1024K)]
  0x00000175485eb130 JavaThread "Catalina-utility-1"                [_thread_blocked, id=18968, stack(0x00000019c1600000,0x00000019c1700000) (1024K)]
  0x00000175485eaaa0 JavaThread "Catalina-utility-2"                [_thread_blocked, id=21980, stack(0x00000019c1700000,0x00000019c1800000) (1024K)]
  0x00000175485e8340 JavaThread "container-0"                       [_thread_blocked, id=15324, stack(0x00000019c1800000,0x00000019c1900000) (1024K)]
  0x00000175485e7cb0 JavaThread "lettuce-timer-3-1"          daemon [_thread_blocked, id=19716, stack(0x00000019c1900000,0x00000019c1a00000) (1024K)]
  0x00000175485e9060 JavaThread "http-nio-8081-exec-1"       daemon [_thread_blocked, id=16592, stack(0x00000019c1a00000,0x00000019c1b00000) (1024K)]
  0x00000175485e96f0 JavaThread "http-nio-8081-exec-2"       daemon [_thread_blocked, id=24860, stack(0x00000019c1b00000,0x00000019c1c00000) (1024K)]
  0x000001754e343790 JavaThread "http-nio-8081-exec-3"       daemon [_thread_blocked, id=23752, stack(0x00000019c1c00000,0x00000019c1d00000) (1024K)]
  0x000001754e342a70 JavaThread "http-nio-8081-exec-4"       daemon [_thread_blocked, id=23916, stack(0x00000019c1d00000,0x00000019c1e00000) (1024K)]
  0x000001754e341030 JavaThread "http-nio-8081-exec-5"       daemon [_thread_blocked, id=27244, stack(0x00000019c1e00000,0x00000019c1f00000) (1024K)]
  0x000001754e341d50 JavaThread "http-nio-8081-exec-6"       daemon [_thread_blocked, id=25612, stack(0x00000019c1f00000,0x00000019c2000000) (1024K)]
  0x000001754e343100 JavaThread "http-nio-8081-exec-7"       daemon [_thread_blocked, id=17152, stack(0x00000019c2000000,0x00000019c2100000) (1024K)]
  0x000001754e340310 JavaThread "http-nio-8081-exec-8"       daemon [_thread_blocked, id=20584, stack(0x00000019c2100000,0x00000019c2200000) (1024K)]
  0x000001754e3423e0 JavaThread "http-nio-8081-exec-9"       daemon [_thread_blocked, id=17860, stack(0x00000019c2200000,0x00000019c2300000) (1024K)]
  0x000001754e343e20 JavaThread "http-nio-8081-exec-10"      daemon [_thread_blocked, id=25524, stack(0x00000019c2300000,0x00000019c2400000) (1024K)]
  0x000001754e3409a0 JavaThread "http-nio-8081-Poller"       daemon [_thread_in_native, id=19844, stack(0x00000019c2400000,0x00000019c2500000) (1024K)]
  0x000001754e344b40 JavaThread "http-nio-8081-Acceptor"     daemon [_thread_in_native, id=19548, stack(0x00000019c2500000,0x00000019c2600000) (1024K)]
  0x000001754e3444b0 JavaThread "scheduled-1"                       [_thread_blocked, id=17932, stack(0x00000019c2600000,0x00000019c2700000) (1024K)]
  0x000001754e3416c0 JavaThread "scheduled-2"                       [_thread_blocked, id=6968, stack(0x00000019c2700000,0x00000019c2800000) (1024K)]
  0x000001754e3451d0 JavaThread "DestroyJavaVM"                     [_thread_blocked, id=12996, stack(0x00000019bf300000,0x00000019bf400000) (1024K)]
  0x00000175459905a0 JavaThread "C1 CompilerThread1"         daemon [_thread_blocked, id=23372, stack(0x00000019bf100000,0x00000019bf200000) (1024K)]
Total: 31

Other Threads:
=>0x00000175725199d0 VMThread "VM Thread"                           [id=23708, stack(0x00000019bfa00000,0x00000019bfb00000) (1024K)]
  0x000001755f7f95f0 WatcherThread "VM Periodic Task Thread"        [id=20068, stack(0x00000019bf900000,0x00000019bfa00000) (1024K)]
  0x000001755f874610 WorkerThread "GC Thread#0"                     [id=18120, stack(0x00000019bf400000,0x00000019bf500000) (1024K)]
  0x0000017545db0a60 WorkerThread "GC Thread#1"                     [id=17888, stack(0x00000019c0700000,0x00000019c0800000) (1024K)]
  0x0000017545db0e10 WorkerThread "GC Thread#2"                     [id=19520, stack(0x00000019c0800000,0x00000019c0900000) (1024K)]
  0x0000017545db11c0 WorkerThread "GC Thread#3"                     [id=16872, stack(0x00000019c0900000,0x00000019c0a00000) (1024K)]
  0x0000017545dc1850 WorkerThread "GC Thread#4"                     [id=27752, stack(0x00000019c0a00000,0x00000019c0b00000) (1024K)]
  0x0000017545dc2010 WorkerThread "GC Thread#5"                     [id=10584, stack(0x00000019c0b00000,0x00000019c0c00000) (1024K)]
  0x0000017546070c20 WorkerThread "GC Thread#6"                     [id=27996, stack(0x00000019c0d00000,0x00000019c0e00000) (1024K)]
  0x000001754603e9a0 WorkerThread "GC Thread#7"                     [id=29244, stack(0x00000019c0e00000,0x00000019c0f00000) (1024K)]
  0x00000175460333c0 WorkerThread "GC Thread#8"                     [id=27008, stack(0x00000019c1000000,0x00000019c1100000) (1024K)]
  0x0000017546757740 WorkerThread "GC Thread#9"                     [id=21868, stack(0x00000019c1100000,0x00000019c1200000) (1024K)]
  0x000001755f889160 ConcurrentGCThread "G1 Main Marker"            [id=21880, stack(0x00000019bf500000,0x00000019bf600000) (1024K)]
  0x000001755f88b180 WorkerThread "G1 Conc#0"                       [id=21920, stack(0x00000019bf600000,0x00000019bf700000) (1024K)]
  0x00000175467564d0 WorkerThread "G1 Conc#1"                       [id=22680, stack(0x00000019c0f00000,0x00000019c1000000) (1024K)]
  0x0000017546759c20 WorkerThread "G1 Conc#2"                       [id=19720, stack(0x00000019c1200000,0x00000019c1300000) (1024K)]
  0x00000175723cd510 ConcurrentGCThread "G1 Refine#0"               [id=28636, stack(0x00000019bf700000,0x00000019bf800000) (1024K)]
  0x00000175723ced50 ConcurrentGCThread "G1 Service"                [id=2932, stack(0x00000019bf800000,0x00000019bf900000) (1024K)]
Total: 18

Threads with active compile tasks:
Total: 0

VM state: at safepoint (normal execution)

VM Mutex/Monitor currently owned by a thread:  ([mutex/lock_event])
[0x00007ffdb7203910] Threads_lock - owner thread: 0x00000175725199d0
[0x00007ffdb7203a10] Heap_lock - owner thread: 0x000001754e341d50

Heap address: 0x0000000704000000, size: 4032 MB, Compressed Oops mode: Zero based, Oop shift amount: 3

CDS archive(s) mapped at: [0x0000017500000000-0x0000017500d70000-0x0000017500d70000), size 14090240, SharedBaseAddress: 0x0000017500000000, ArchiveRelocationMode: 1.
Compressed class space mapped at: 0x0000017501000000-0x0000017541000000, reserved size: 1073741824
Narrow klass base: 0x0000017500000000, Narrow klass shift: 0, Narrow klass range: 0x41000000

GC Precious Log:
 CardTable entry size: 512
 Card Set container configuration: InlinePtr #cards 4 size 8 Array Of Cards #cards 16 size 48 Howl #buckets 8 coarsen threshold 3686 Howl Bitmap #cards 512 size 80 coarsen threshold 460 Card regions per heap region 1 cards per card region 4096
 CPUs: 12 total, 12 available
 Memory: 16122M
 Large Page Support: Disabled
 NUMA Support: Disabled
 Compressed Oops: Enabled (Zero based)
 Heap Region Size: 2M
 Heap Min Capacity: 8M
 Heap Initial Capacity: 252M
 Heap Max Capacity: 4032M
 Pre-touch: Disabled
 Parallel Workers: 10
 Concurrent Workers: 3
 Concurrent Refinement Workers: 10
 Periodic GC: Disabled

Heap:
 garbage-first heap   total reserved 4128768K, committed 1222656K, used 905216K [0x0000000704000000, 0x0000000800000000)
  region size 2048K, 2 young (4096K), 2 survivors (4096K)
 Metaspace       used 93919K, committed 95168K, reserved 1179648K
  class space    used 14211K, committed 14720K, reserved 1048576K

Heap Regions: E=young(eden), S=young(survivor), O=old, HS=humongous(starts), HC=humongous(continues), CS=collection set, F=free, TAMS=top-at-mark-start, PB=parsable bottom
|   0|0x0000000704000000, 0x0000000704200000, 0x0000000704200000|100%| O|  |TAMS 0x0000000704200000| PB 0x0000000704000000| Untracked |  0
|   1|0x0000000704200000, 0x0000000704400000, 0x0000000704400000|100%| O|  |TAMS 0x0000000704400000| PB 0x0000000704200000| Untracked |  0
|   2|0x0000000704400000, 0x0000000704600000, 0x0000000704600000|100%| O|  |TAMS 0x0000000704600000| PB 0x0000000704400000| Untracked |  0
|   3|0x0000000704600000, 0x0000000704800000, 0x0000000704800000|100%| O|  |TAMS 0x0000000704800000| PB 0x0000000704600000| Untracked |  0
|   4|0x0000000704800000, 0x0000000704a00000, 0x0000000704a00000|100%| O|  |TAMS 0x0000000704a00000| PB 0x0000000704800000| Untracked |  0
|   5|0x0000000704a00000, 0x0000000704c00000, 0x0000000704c00000|100%| O|  |TAMS 0x0000000704c00000| PB 0x0000000704a00000| Untracked |  0
|   6|0x0000000704c00000, 0x0000000704e00000, 0x0000000704e00000|100%| O|  |TAMS 0x0000000704e00000| PB 0x0000000704c00000| Untracked |  0
|   7|0x0000000704e00000, 0x0000000705000000, 0x0000000705000000|100%| O|  |TAMS 0x0000000705000000| PB 0x0000000704e00000| Untracked |  0
|   8|0x0000000705000000, 0x0000000705200000, 0x0000000705200000|100%| O|  |TAMS 0x0000000705200000| PB 0x0000000705000000| Untracked |  0
|   9|0x0000000705200000, 0x0000000705400000, 0x0000000705400000|100%| O|  |TAMS 0x0000000705400000| PB 0x0000000705200000| Untracked |  0
|  10|0x0000000705400000, 0x0000000705600000, 0x0000000705600000|100%| O|  |TAMS 0x0000000705600000| PB 0x0000000705400000| Untracked |  0
|  11|0x0000000705600000, 0x0000000705800000, 0x0000000705800000|100%| O|  |TAMS 0x0000000705800000| PB 0x0000000705600000| Untracked |  0
|  12|0x0000000705800000, 0x0000000705a00000, 0x0000000705a00000|100%| O|  |TAMS 0x0000000705a00000| PB 0x0000000705800000| Untracked |  0
|  13|0x0000000705a00000, 0x0000000705c00000, 0x0000000705c00000|100%| O|  |TAMS 0x0000000705c00000| PB 0x0000000705a00000| Untracked |  0
|  14|0x0000000705c00000, 0x0000000705e00000, 0x0000000705e00000|100%| O|  |TAMS 0x0000000705e00000| PB 0x0000000705c00000| Untracked |  0
|  15|0x0000000705e00000, 0x0000000706000000, 0x0000000706000000|100%| O|  |TAMS 0x0000000706000000| PB 0x0000000705e00000| Untracked |  0
|  16|0x0000000706000000, 0x0000000706200000, 0x0000000706200000|100%| O|  |TAMS 0x0000000706200000| PB 0x0000000706000000| Untracked |  0
|  17|0x0000000706200000, 0x0000000706400000, 0x0000000706400000|100%| O|  |TAMS 0x0000000706400000| PB 0x0000000706200000| Untracked |  0
|  18|0x0000000706400000, 0x0000000706600000, 0x0000000706600000|100%| O|  |TAMS 0x0000000706600000| PB 0x0000000706400000| Untracked |  0
|  19|0x0000000706600000, 0x0000000706800000, 0x0000000706800000|100%| O|  |TAMS 0x0000000706800000| PB 0x0000000706600000| Untracked |  0
|  20|0x0000000706800000, 0x0000000706a00000, 0x0000000706a00000|100%| O|  |TAMS 0x0000000706a00000| PB 0x0000000706800000| Untracked |  0
|  21|0x0000000706a00000, 0x0000000706c00000, 0x0000000706c00000|100%| O|  |TAMS 0x0000000706c00000| PB 0x0000000706a00000| Untracked |  0
|  22|0x0000000706c00000, 0x0000000706e00000, 0x0000000706e00000|100%| O|  |TAMS 0x0000000706e00000| PB 0x0000000706c00000| Untracked |  0
|  23|0x0000000706e00000, 0x0000000707000000, 0x0000000707000000|100%| O|  |TAMS 0x0000000707000000| PB 0x0000000706e00000| Untracked |  0
|  24|0x0000000707000000, 0x0000000707200000, 0x0000000707200000|100%| O|  |TAMS 0x0000000707200000| PB 0x0000000707000000| Untracked |  0
|  25|0x0000000707200000, 0x0000000707400000, 0x0000000707400000|100%| O|  |TAMS 0x0000000707400000| PB 0x0000000707200000| Untracked |  0
|  26|0x0000000707400000, 0x0000000707600000, 0x0000000707600000|100%| O|  |TAMS 0x0000000707600000| PB 0x0000000707400000| Untracked |  0
|  27|0x0000000707600000, 0x0000000707800000, 0x0000000707800000|100%| O|  |TAMS 0x0000000707800000| PB 0x0000000707600000| Untracked |  0
|  28|0x0000000707800000, 0x0000000707a00000, 0x0000000707a00000|100%| O|  |TAMS 0x0000000707a00000| PB 0x0000000707800000| Untracked |  0
|  29|0x0000000707a00000, 0x0000000707c00000, 0x0000000707c00000|100%| O|  |TAMS 0x0000000707a00000| PB 0x0000000707a00000| Untracked |  0
|  30|0x0000000707c00000, 0x0000000707e00000, 0x0000000707e00000|100%| O|  |TAMS 0x0000000707e00000| PB 0x0000000707c00000| Untracked |  0
|  31|0x0000000707e00000, 0x0000000708000000, 0x0000000708000000|100%| O|  |TAMS 0x0000000708000000| PB 0x0000000707e00000| Untracked |  0
|  32|0x0000000708000000, 0x0000000708200000, 0x0000000708200000|100%| O|  |TAMS 0x0000000708200000| PB 0x0000000708000000| Untracked |  0
|  33|0x0000000708200000, 0x0000000708400000, 0x0000000708400000|100%| O|  |TAMS 0x0000000708400000| PB 0x0000000708200000| Untracked |  0
|  34|0x0000000708400000, 0x0000000708600000, 0x0000000708600000|100%| O|  |TAMS 0x0000000708600000| PB 0x0000000708400000| Untracked |  0
|  35|0x0000000708600000, 0x0000000708800000, 0x0000000708800000|100%| O|  |TAMS 0x0000000708800000| PB 0x0000000708600000| Untracked |  0
|  36|0x0000000708800000, 0x0000000708a00000, 0x0000000708a00000|100%| O|  |TAMS 0x0000000708a00000| PB 0x0000000708800000| Untracked |  0
|  37|0x0000000708a00000, 0x0000000708c00000, 0x0000000708c00000|100%| O|  |TAMS 0x0000000708c00000| PB 0x0000000708a00000| Untracked |  0
|  38|0x0000000708c00000, 0x0000000708e00000, 0x0000000708e00000|100%| O|  |TAMS 0x0000000708e00000| PB 0x0000000708c00000| Untracked |  0
|  39|0x0000000708e00000, 0x0000000709000000, 0x0000000709000000|100%| O|  |TAMS 0x0000000709000000| PB 0x0000000708e00000| Untracked |  0
|  40|0x0000000709000000, 0x0000000709200000, 0x0000000709200000|100%| O|  |TAMS 0x0000000709200000| PB 0x0000000709000000| Untracked |  0
|  41|0x0000000709200000, 0x0000000709400000, 0x0000000709400000|100%| O|  |TAMS 0x0000000709400000| PB 0x0000000709200000| Untracked |  0
|  42|0x0000000709400000, 0x0000000709600000, 0x0000000709600000|100%| O|  |TAMS 0x0000000709600000| PB 0x0000000709400000| Untracked |  0
|  43|0x0000000709600000, 0x0000000709800000, 0x0000000709800000|100%| O|  |TAMS 0x0000000709600000| PB 0x0000000709600000| Untracked |  0
|  44|0x0000000709800000, 0x0000000709a00000, 0x0000000709a00000|100%| O|  |TAMS 0x0000000709a00000| PB 0x0000000709800000| Untracked |  0
|  45|0x0000000709a00000, 0x0000000709c00000, 0x0000000709c00000|100%| O|  |TAMS 0x0000000709c00000| PB 0x0000000709a00000| Untracked |  0
|  46|0x0000000709c00000, 0x0000000709e00000, 0x0000000709e00000|100%| O|  |TAMS 0x0000000709e00000| PB 0x0000000709c00000| Untracked |  0
|  47|0x0000000709e00000, 0x000000070a000000, 0x000000070a000000|100%| O|  |TAMS 0x000000070a000000| PB 0x0000000709e00000| Untracked |  0
|  48|0x000000070a000000, 0x000000070a200000, 0x000000070a200000|100%| O|  |TAMS 0x000000070a200000| PB 0x000000070a000000| Untracked |  0
|  49|0x000000070a200000, 0x000000070a400000, 0x000000070a400000|100%| O|  |TAMS 0x000000070a400000| PB 0x000000070a200000| Untracked |  0
|  50|0x000000070a400000, 0x000000070a600000, 0x000000070a600000|100%| O|  |TAMS 0x000000070a600000| PB 0x000000070a400000| Untracked |  0
|  51|0x000000070a600000, 0x000000070a800000, 0x000000070a800000|100%| O|  |TAMS 0x000000070a800000| PB 0x000000070a600000| Untracked |  0
|  52|0x000000070a800000, 0x000000070aa00000, 0x000000070aa00000|100%| O|  |TAMS 0x000000070a800000| PB 0x000000070a800000| Untracked |  0
|  53|0x000000070aa00000, 0x000000070ac00000, 0x000000070ac00000|100%| O|  |TAMS 0x000000070aa00000| PB 0x000000070aa00000| Untracked |  0
|  54|0x000000070ac00000, 0x000000070ae00000, 0x000000070ae00000|100%| O|  |TAMS 0x000000070ac00000| PB 0x000000070ac00000| Untracked |  0
|  55|0x000000070ae00000, 0x000000070b000000, 0x000000070b000000|100%|HS|  |TAMS 0x000000070b000000| PB 0x000000070ae00000| Complete |  0
|  56|0x000000070b000000, 0x000000070b200000, 0x000000070b200000|100%| O|  |TAMS 0x000000070b200000| PB 0x000000070b000000| Untracked |  0
|  57|0x000000070b200000, 0x000000070b400000, 0x000000070b400000|100%| O|  |TAMS 0x000000070b400000| PB 0x000000070b200000| Untracked |  0
|  58|0x000000070b400000, 0x000000070b600000, 0x000000070b600000|100%| O|  |TAMS 0x000000070b400000| PB 0x000000070b400000| Untracked |  0
|  59|0x000000070b600000, 0x000000070b800000, 0x000000070b800000|100%| O|  |TAMS 0x000000070b800000| PB 0x000000070b600000| Untracked |  0
|  60|0x000000070b800000, 0x000000070ba00000, 0x000000070ba00000|100%| O|  |TAMS 0x000000070ba00000| PB 0x000000070b800000| Untracked |  0
|  61|0x000000070ba00000, 0x000000070bc00000, 0x000000070bc00000|100%| O|  |TAMS 0x000000070bc00000| PB 0x000000070ba00000| Untracked |  0
|  62|0x000000070bc00000, 0x000000070be00000, 0x000000070be00000|100%| O|  |TAMS 0x000000070be00000| PB 0x000000070bc00000| Untracked |  0
|  63|0x000000070be00000, 0x000000070c000000, 0x000000070c000000|100%| O|  |TAMS 0x000000070c000000| PB 0x000000070be00000| Untracked |  0
|  64|0x000000070c000000, 0x000000070c200000, 0x000000070c200000|100%| O|  |TAMS 0x000000070c200000| PB 0x000000070c000000| Untracked |  0
|  65|0x000000070c200000, 0x000000070c400000, 0x000000070c400000|100%| O|  |TAMS 0x000000070c400000| PB 0x000000070c200000| Untracked |  0
|  66|0x000000070c400000, 0x000000070c600000, 0x000000070c600000|100%| O|  |TAMS 0x000000070c600000| PB 0x000000070c400000| Untracked |  0
|  67|0x000000070c600000, 0x000000070c800000, 0x000000070c800000|100%| O|  |TAMS 0x000000070c800000| PB 0x000000070c600000| Untracked |  0
|  68|0x000000070c800000, 0x000000070ca00000, 0x000000070ca00000|100%| O|  |TAMS 0x000000070ca00000| PB 0x000000070c800000| Untracked |  0
|  69|0x000000070ca00000, 0x000000070cc00000, 0x000000070cc00000|100%| O|  |TAMS 0x000000070cc00000| PB 0x000000070ca00000| Untracked |  0
|  70|0x000000070cc00000, 0x000000070ce00000, 0x000000070ce00000|100%| O|  |TAMS 0x000000070ce00000| PB 0x000000070cc00000| Untracked |  0
|  71|0x000000070ce00000, 0x000000070d000000, 0x000000070d000000|100%| O|  |TAMS 0x000000070d000000| PB 0x000000070ce00000| Untracked |  0
|  72|0x000000070d000000, 0x000000070d200000, 0x000000070d200000|100%| O|  |TAMS 0x000000070d200000| PB 0x000000070d000000| Untracked |  0
|  73|0x000000070d200000, 0x000000070d400000, 0x000000070d400000|100%| O|  |TAMS 0x000000070d400000| PB 0x000000070d200000| Untracked |  0
|  74|0x000000070d400000, 0x000000070d600000, 0x000000070d600000|100%| O|  |TAMS 0x000000070d600000| PB 0x000000070d400000| Untracked |  0
|  75|0x000000070d600000, 0x000000070d800000, 0x000000070d800000|100%| O|  |TAMS 0x000000070d800000| PB 0x000000070d600000| Untracked |  0
|  76|0x000000070d800000, 0x000000070da00000, 0x000000070da00000|100%| O|  |TAMS 0x000000070da00000| PB 0x000000070d800000| Untracked |  0
|  77|0x000000070da00000, 0x000000070dc00000, 0x000000070dc00000|100%| O|  |TAMS 0x000000070dc00000| PB 0x000000070da00000| Untracked |  0
|  78|0x000000070dc00000, 0x000000070de00000, 0x000000070de00000|100%| O|  |TAMS 0x000000070de00000| PB 0x000000070dc00000| Untracked |  0
|  79|0x000000070de00000, 0x000000070e000000, 0x000000070e000000|100%| O|  |TAMS 0x000000070e000000| PB 0x000000070de00000| Untracked |  0
|  80|0x000000070e000000, 0x000000070e200000, 0x000000070e200000|100%| O|  |TAMS 0x000000070e200000| PB 0x000000070e000000| Untracked |  0
|  81|0x000000070e200000, 0x000000070e400000, 0x000000070e400000|100%| O|  |TAMS 0x000000070e400000| PB 0x000000070e200000| Untracked |  0
|  82|0x000000070e400000, 0x000000070e600000, 0x000000070e600000|100%| O|  |TAMS 0x000000070e600000| PB 0x000000070e400000| Untracked |  0
|  83|0x000000070e600000, 0x000000070e800000, 0x000000070e800000|100%| O|  |TAMS 0x000000070e800000| PB 0x000000070e600000| Untracked |  0
|  84|0x000000070e800000, 0x000000070ea00000, 0x000000070ea00000|100%| O|  |TAMS 0x000000070ea00000| PB 0x000000070e800000| Untracked |  0
|  85|0x000000070ea00000, 0x000000070ec00000, 0x000000070ec00000|100%| O|  |TAMS 0x000000070ec00000| PB 0x000000070ea00000| Untracked |  0
|  86|0x000000070ec00000, 0x000000070ee00000, 0x000000070ee00000|100%| O|  |TAMS 0x000000070ee00000| PB 0x000000070ec00000| Untracked |  0
|  87|0x000000070ee00000, 0x000000070f000000, 0x000000070f000000|100%| O|  |TAMS 0x000000070f000000| PB 0x000000070ee00000| Untracked |  0
|  88|0x000000070f000000, 0x000000070f200000, 0x000000070f200000|100%| O|  |TAMS 0x000000070f200000| PB 0x000000070f000000| Untracked |  0
|  89|0x000000070f200000, 0x000000070f400000, 0x000000070f400000|100%| O|  |TAMS 0x000000070f400000| PB 0x000000070f200000| Untracked |  0
|  90|0x000000070f400000, 0x000000070f600000, 0x000000070f600000|100%| O|  |TAMS 0x000000070f600000| PB 0x000000070f400000| Untracked |  0
|  91|0x000000070f600000, 0x000000070f800000, 0x000000070f800000|100%| O|  |TAMS 0x000000070f800000| PB 0x000000070f600000| Untracked |  0
|  92|0x000000070f800000, 0x000000070fa00000, 0x000000070fa00000|100%| O|  |TAMS 0x000000070fa00000| PB 0x000000070f800000| Untracked |  0
|  93|0x000000070fa00000, 0x000000070fc00000, 0x000000070fc00000|100%| O|  |TAMS 0x000000070fc00000| PB 0x000000070fa00000| Untracked |  0
|  94|0x000000070fc00000, 0x000000070fe00000, 0x000000070fe00000|100%| O|  |TAMS 0x000000070fe00000| PB 0x000000070fc00000| Untracked |  0
|  95|0x000000070fe00000, 0x0000000710000000, 0x0000000710000000|100%| O|  |TAMS 0x0000000710000000| PB 0x000000070fe00000| Untracked |  0
|  96|0x0000000710000000, 0x0000000710200000, 0x0000000710200000|100%| O|  |TAMS 0x0000000710200000| PB 0x0000000710000000| Untracked |  0
|  97|0x0000000710200000, 0x0000000710400000, 0x0000000710400000|100%| O|  |TAMS 0x0000000710400000| PB 0x0000000710200000| Untracked |  0
|  98|0x0000000710400000, 0x0000000710600000, 0x0000000710600000|100%| O|  |TAMS 0x0000000710400000| PB 0x0000000710400000| Untracked |  0
|  99|0x0000000710600000, 0x0000000710800000, 0x0000000710800000|100%| O|  |TAMS 0x0000000710800000| PB 0x0000000710600000| Untracked |  0
| 100|0x0000000710800000, 0x0000000710a00000, 0x0000000710a00000|100%| O|  |TAMS 0x0000000710a00000| PB 0x0000000710800000| Untracked |  0
| 101|0x0000000710a00000, 0x0000000710c00000, 0x0000000710c00000|100%| O|  |TAMS 0x0000000710c00000| PB 0x0000000710a00000| Untracked |  0
| 102|0x0000000710c00000, 0x0000000710e00000, 0x0000000710e00000|100%| O|  |TAMS 0x0000000710e00000| PB 0x0000000710c00000| Untracked |  0
| 103|0x0000000710e00000, 0x0000000711000000, 0x0000000711000000|100%| O|  |TAMS 0x0000000711000000| PB 0x0000000710e00000| Untracked |  0
| 104|0x0000000711000000, 0x0000000711200000, 0x0000000711200000|100%| O|  |TAMS 0x0000000711200000| PB 0x0000000711000000| Untracked |  0
| 105|0x0000000711200000, 0x0000000711400000, 0x0000000711400000|100%| O|  |TAMS 0x0000000711400000| PB 0x0000000711200000| Untracked |  0
| 106|0x0000000711400000, 0x0000000711600000, 0x0000000711600000|100%| O|  |TAMS 0x0000000711600000| PB 0x0000000711400000| Untracked |  0
| 107|0x0000000711600000, 0x0000000711800000, 0x0000000711800000|100%| O|  |TAMS 0x0000000711800000| PB 0x0000000711600000| Untracked |  0
| 108|0x0000000711800000, 0x0000000711a00000, 0x0000000711a00000|100%| O|  |TAMS 0x0000000711a00000| PB 0x0000000711800000| Untracked |  0
| 109|0x0000000711a00000, 0x0000000711c00000, 0x0000000711c00000|100%| O|  |TAMS 0x0000000711c00000| PB 0x0000000711a00000| Untracked |  0
| 110|0x0000000711c00000, 0x0000000711e00000, 0x0000000711e00000|100%| O|  |TAMS 0x0000000711e00000| PB 0x0000000711c00000| Untracked |  0
| 111|0x0000000711e00000, 0x0000000712000000, 0x0000000712000000|100%| O|  |TAMS 0x0000000712000000| PB 0x0000000711e00000| Untracked |  0
| 112|0x0000000712000000, 0x0000000712200000, 0x0000000712200000|100%| O|  |TAMS 0x0000000712200000| PB 0x0000000712000000| Untracked |  0
| 113|0x0000000712200000, 0x0000000712400000, 0x0000000712400000|100%| O|  |TAMS 0x0000000712400000| PB 0x0000000712200000| Untracked |  0
| 114|0x0000000712400000, 0x0000000712600000, 0x0000000712600000|100%| O|  |TAMS 0x0000000712600000| PB 0x0000000712400000| Untracked |  0
| 115|0x0000000712600000, 0x0000000712800000, 0x0000000712800000|100%| O|  |TAMS 0x0000000712800000| PB 0x0000000712600000| Untracked |  0
| 116|0x0000000712800000, 0x0000000712a00000, 0x0000000712a00000|100%| O|  |TAMS 0x0000000712a00000| PB 0x0000000712800000| Untracked |  0
| 117|0x0000000712a00000, 0x0000000712c00000, 0x0000000712c00000|100%| O|  |TAMS 0x0000000712c00000| PB 0x0000000712a00000| Untracked |  0
| 118|0x0000000712c00000, 0x0000000712e00000, 0x0000000712e00000|100%| O|  |TAMS 0x0000000712e00000| PB 0x0000000712c00000| Untracked |  0
| 119|0x0000000712e00000, 0x0000000713000000, 0x0000000713000000|100%| O|  |TAMS 0x0000000713000000| PB 0x0000000712e00000| Untracked |  0
| 120|0x0000000713000000, 0x0000000713200000, 0x0000000713200000|100%| O|  |TAMS 0x0000000713200000| PB 0x0000000713000000| Untracked |  0
| 121|0x0000000713200000, 0x0000000713400000, 0x0000000713400000|100%| O|  |TAMS 0x0000000713400000| PB 0x0000000713200000| Untracked |  0
| 122|0x0000000713400000, 0x0000000713600000, 0x0000000713600000|100%| O|  |TAMS 0x0000000713600000| PB 0x0000000713400000| Untracked |  0
| 123|0x0000000713600000, 0x0000000713800000, 0x0000000713800000|100%| O|  |TAMS 0x0000000713800000| PB 0x0000000713600000| Untracked |  0
| 124|0x0000000713800000, 0x0000000713a00000, 0x0000000713a00000|100%| O|  |TAMS 0x0000000713a00000| PB 0x0000000713800000| Untracked |  0
| 125|0x0000000713a00000, 0x0000000713c00000, 0x0000000713c00000|100%| O|  |TAMS 0x0000000713c00000| PB 0x0000000713a00000| Untracked |  0
| 126|0x0000000713c00000, 0x0000000713e00000, 0x0000000713e00000|100%| O|  |TAMS 0x0000000713e00000| PB 0x0000000713c00000| Untracked |  0
| 127|0x0000000713e00000, 0x0000000714000000, 0x0000000714000000|100%| O|  |TAMS 0x0000000714000000| PB 0x0000000713e00000| Untracked |  0
| 128|0x0000000714000000, 0x0000000714200000, 0x0000000714200000|100%| O|  |TAMS 0x0000000714200000| PB 0x0000000714000000| Untracked |  0
| 129|0x0000000714200000, 0x0000000714400000, 0x0000000714400000|100%| O|  |TAMS 0x0000000714400000| PB 0x0000000714200000| Untracked |  0
| 130|0x0000000714400000, 0x0000000714600000, 0x0000000714600000|100%| O|  |TAMS 0x0000000714600000| PB 0x0000000714400000| Untracked |  0
| 131|0x0000000714600000, 0x0000000714800000, 0x0000000714800000|100%| O|  |TAMS 0x0000000714800000| PB 0x0000000714600000| Untracked |  0
| 132|0x0000000714800000, 0x0000000714a00000, 0x0000000714a00000|100%| O|  |TAMS 0x0000000714a00000| PB 0x0000000714800000| Untracked |  0
| 133|0x0000000714a00000, 0x0000000714c00000, 0x0000000714c00000|100%| O|  |TAMS 0x0000000714c00000| PB 0x0000000714a00000| Untracked |  0
| 134|0x0000000714c00000, 0x0000000714e00000, 0x0000000714e00000|100%| O|  |TAMS 0x0000000714e00000| PB 0x0000000714c00000| Untracked |  0
| 135|0x0000000714e00000, 0x0000000715000000, 0x0000000715000000|100%| O|  |TAMS 0x0000000715000000| PB 0x0000000714e00000| Untracked |  0
| 136|0x0000000715000000, 0x0000000715200000, 0x0000000715200000|100%| O|  |TAMS 0x0000000715200000| PB 0x0000000715000000| Untracked |  0
| 137|0x0000000715200000, 0x0000000715400000, 0x0000000715400000|100%| O|  |TAMS 0x0000000715400000| PB 0x0000000715200000| Untracked |  0
| 138|0x0000000715400000, 0x0000000715600000, 0x0000000715600000|100%|HS|  |TAMS 0x0000000715600000| PB 0x0000000715400000| Complete |  0
| 139|0x0000000715600000, 0x0000000715800000, 0x0000000715800000|100%|HC|  |TAMS 0x0000000715800000| PB 0x0000000715600000| Complete |  0
| 140|0x0000000715800000, 0x0000000715a00000, 0x0000000715a00000|100%| O|  |TAMS 0x0000000715a00000| PB 0x0000000715800000| Untracked |  0
| 141|0x0000000715a00000, 0x0000000715c00000, 0x0000000715c00000|100%| O|  |TAMS 0x0000000715c00000| PB 0x0000000715a00000| Untracked |  0
| 142|0x0000000715c00000, 0x0000000715e00000, 0x0000000715e00000|100%| O|  |TAMS 0x0000000715e00000| PB 0x0000000715c00000| Untracked |  0
| 143|0x0000000715e00000, 0x0000000716000000, 0x0000000716000000|100%| O|  |TAMS 0x0000000716000000| PB 0x0000000715e00000| Untracked |  0
| 144|0x0000000716000000, 0x0000000716200000, 0x0000000716200000|100%| O|  |TAMS 0x0000000716200000| PB 0x0000000716000000| Untracked |  0
| 145|0x0000000716200000, 0x0000000716400000, 0x0000000716400000|100%| O|  |TAMS 0x0000000716400000| PB 0x0000000716200000| Untracked |  0
| 146|0x0000000716400000, 0x0000000716600000, 0x0000000716600000|100%| O|  |TAMS 0x0000000716600000| PB 0x0000000716400000| Untracked |  0
| 147|0x0000000716600000, 0x0000000716800000, 0x0000000716800000|100%| O|  |TAMS 0x0000000716800000| PB 0x0000000716600000| Untracked |  0
| 148|0x0000000716800000, 0x0000000716a00000, 0x0000000716a00000|100%| O|  |TAMS 0x0000000716a00000| PB 0x0000000716800000| Untracked |  0
| 149|0x0000000716a00000, 0x0000000716c00000, 0x0000000716c00000|100%| O|  |TAMS 0x0000000716c00000| PB 0x0000000716a00000| Untracked |  0
| 150|0x0000000716c00000, 0x0000000716e00000, 0x0000000716e00000|100%| O|  |TAMS 0x0000000716e00000| PB 0x0000000716c00000| Untracked |  0
| 151|0x0000000716e00000, 0x0000000717000000, 0x0000000717000000|100%| O|  |TAMS 0x0000000717000000| PB 0x0000000716e00000| Untracked |  0
| 152|0x0000000717000000, 0x0000000717200000, 0x0000000717200000|100%| O|  |TAMS 0x0000000717200000| PB 0x0000000717000000| Untracked |  0
| 153|0x0000000717200000, 0x0000000717400000, 0x0000000717400000|100%| O|  |TAMS 0x0000000717400000| PB 0x0000000717200000| Untracked |  0
| 154|0x0000000717400000, 0x0000000717600000, 0x0000000717600000|100%| O|  |TAMS 0x0000000717600000| PB 0x0000000717400000| Untracked |  0
| 155|0x0000000717600000, 0x0000000717800000, 0x0000000717800000|100%| O|  |TAMS 0x0000000717800000| PB 0x0000000717600000| Untracked |  0
| 156|0x0000000717800000, 0x0000000717a00000, 0x0000000717a00000|100%| O|  |TAMS 0x0000000717a00000| PB 0x0000000717800000| Untracked |  0
| 157|0x0000000717a00000, 0x0000000717c00000, 0x0000000717c00000|100%| O|  |TAMS 0x0000000717c00000| PB 0x0000000717a00000| Untracked |  0
| 158|0x0000000717c00000, 0x0000000717e00000, 0x0000000717e00000|100%| O|  |TAMS 0x0000000717e00000| PB 0x0000000717c00000| Untracked |  0
| 159|0x0000000717e00000, 0x0000000718000000, 0x0000000718000000|100%| O|  |TAMS 0x0000000718000000| PB 0x0000000717e00000| Untracked |  0
| 160|0x0000000718000000, 0x0000000718200000, 0x0000000718200000|100%| O|  |TAMS 0x0000000718200000| PB 0x0000000718000000| Untracked |  0
| 161|0x0000000718200000, 0x0000000718400000, 0x0000000718400000|100%| O|  |TAMS 0x0000000718400000| PB 0x0000000718200000| Untracked |  0
| 162|0x0000000718400000, 0x0000000718600000, 0x0000000718600000|100%| O|  |TAMS 0x0000000718600000| PB 0x0000000718400000| Untracked |  0
| 163|0x0000000718600000, 0x0000000718800000, 0x0000000718800000|100%| O|  |TAMS 0x0000000718800000| PB 0x0000000718600000| Untracked |  0
| 164|0x0000000718800000, 0x0000000718a00000, 0x0000000718a00000|100%| O|  |TAMS 0x0000000718a00000| PB 0x0000000718800000| Untracked |  0
| 165|0x0000000718a00000, 0x0000000718c00000, 0x0000000718c00000|100%| O|  |TAMS 0x0000000718c00000| PB 0x0000000718a00000| Untracked |  0
| 166|0x0000000718c00000, 0x0000000718e00000, 0x0000000718e00000|100%| O|  |TAMS 0x0000000718e00000| PB 0x0000000718c00000| Untracked |  0
| 167|0x0000000718e00000, 0x0000000719000000, 0x0000000719000000|100%| O|  |TAMS 0x0000000719000000| PB 0x0000000718e00000| Untracked |  0
| 168|0x0000000719000000, 0x0000000719200000, 0x0000000719200000|100%| O|  |TAMS 0x0000000719200000| PB 0x0000000719000000| Untracked |  0
| 169|0x0000000719200000, 0x0000000719400000, 0x0000000719400000|100%| O|  |TAMS 0x0000000719400000| PB 0x0000000719200000| Untracked |  0
| 170|0x0000000719400000, 0x0000000719600000, 0x0000000719600000|100%| O|  |TAMS 0x0000000719600000| PB 0x0000000719400000| Untracked |  0
| 171|0x0000000719600000, 0x0000000719800000, 0x0000000719800000|100%| O|  |TAMS 0x0000000719800000| PB 0x0000000719600000| Untracked |  0
| 172|0x0000000719800000, 0x0000000719a00000, 0x0000000719a00000|100%| O|  |TAMS 0x0000000719a00000| PB 0x0000000719800000| Untracked |  0
| 173|0x0000000719a00000, 0x0000000719c00000, 0x0000000719c00000|100%| O|  |TAMS 0x0000000719c00000| PB 0x0000000719a00000| Untracked |  0
| 174|0x0000000719c00000, 0x0000000719e00000, 0x0000000719e00000|100%| O|  |TAMS 0x0000000719e00000| PB 0x0000000719c00000| Untracked |  0
| 175|0x0000000719e00000, 0x000000071a000000, 0x000000071a000000|100%| O|  |TAMS 0x000000071a000000| PB 0x0000000719e00000| Untracked |  0
| 176|0x000000071a000000, 0x000000071a200000, 0x000000071a200000|100%| O|  |TAMS 0x000000071a200000| PB 0x000000071a000000| Untracked |  0
| 177|0x000000071a200000, 0x000000071a400000, 0x000000071a400000|100%| O|  |TAMS 0x000000071a400000| PB 0x000000071a200000| Untracked |  0
| 178|0x000000071a400000, 0x000000071a600000, 0x000000071a600000|100%| O|  |TAMS 0x000000071a600000| PB 0x000000071a400000| Untracked |  0
| 179|0x000000071a600000, 0x000000071a800000, 0x000000071a800000|100%| O|  |TAMS 0x000000071a800000| PB 0x000000071a600000| Untracked |  0
| 180|0x000000071a800000, 0x000000071aa00000, 0x000000071aa00000|100%| O|  |TAMS 0x000000071aa00000| PB 0x000000071a800000| Untracked |  0
| 181|0x000000071aa00000, 0x000000071ac00000, 0x000000071ac00000|100%| O|  |TAMS 0x000000071ac00000| PB 0x000000071aa00000| Untracked |  0
| 182|0x000000071ac00000, 0x000000071ae00000, 0x000000071ae00000|100%| O|  |TAMS 0x000000071ae00000| PB 0x000000071ac00000| Untracked |  0
| 183|0x000000071ae00000, 0x000000071b000000, 0x000000071b000000|100%| O|  |TAMS 0x000000071b000000| PB 0x000000071ae00000| Untracked |  0
| 184|0x000000071b000000, 0x000000071b200000, 0x000000071b200000|100%| O|  |TAMS 0x000000071b200000| PB 0x000000071b000000| Untracked |  0
| 185|0x000000071b200000, 0x000000071b400000, 0x000000071b400000|100%| O|  |TAMS 0x000000071b400000| PB 0x000000071b200000| Untracked |  0
| 186|0x000000071b400000, 0x000000071b600000, 0x000000071b600000|100%| O|  |TAMS 0x000000071b600000| PB 0x000000071b400000| Untracked |  0
| 187|0x000000071b600000, 0x000000071b800000, 0x000000071b800000|100%| O|  |TAMS 0x000000071b800000| PB 0x000000071b600000| Untracked |  0
| 188|0x000000071b800000, 0x000000071ba00000, 0x000000071ba00000|100%| O|  |TAMS 0x000000071ba00000| PB 0x000000071b800000| Untracked |  0
| 189|0x000000071ba00000, 0x000000071bc00000, 0x000000071bc00000|100%| O|  |TAMS 0x000000071bc00000| PB 0x000000071ba00000| Untracked |  0
| 190|0x000000071bc00000, 0x000000071be00000, 0x000000071be00000|100%| O|  |TAMS 0x000000071be00000| PB 0x000000071bc00000| Untracked |  0
| 191|0x000000071be00000, 0x000000071c000000, 0x000000071c000000|100%| O|  |TAMS 0x000000071c000000| PB 0x000000071be00000| Untracked |  0
| 192|0x000000071c000000, 0x000000071c200000, 0x000000071c200000|100%| O|  |TAMS 0x000000071c200000| PB 0x000000071c000000| Untracked |  0
| 193|0x000000071c200000, 0x000000071c400000, 0x000000071c400000|100%| O|  |TAMS 0x000000071c400000| PB 0x000000071c200000| Untracked |  0
| 194|0x000000071c400000, 0x000000071c600000, 0x000000071c600000|100%| O|  |TAMS 0x000000071c600000| PB 0x000000071c400000| Untracked |  0
| 195|0x000000071c600000, 0x000000071c800000, 0x000000071c800000|100%| O|  |TAMS 0x000000071c800000| PB 0x000000071c600000| Untracked |  0
| 196|0x000000071c800000, 0x000000071ca00000, 0x000000071ca00000|100%| O|  |TAMS 0x000000071ca00000| PB 0x000000071c800000| Untracked |  0
| 197|0x000000071ca00000, 0x000000071cc00000, 0x000000071cc00000|100%| O|  |TAMS 0x000000071cc00000| PB 0x000000071ca00000| Untracked |  0
| 198|0x000000071cc00000, 0x000000071ce00000, 0x000000071ce00000|100%| O|  |TAMS 0x000000071ce00000| PB 0x000000071cc00000| Untracked |  0
| 199|0x000000071ce00000, 0x000000071d000000, 0x000000071d000000|100%| O|  |TAMS 0x000000071d000000| PB 0x000000071ce00000| Untracked |  0
| 200|0x000000071d000000, 0x000000071d200000, 0x000000071d200000|100%| O|  |TAMS 0x000000071d200000| PB 0x000000071d000000| Untracked |  0
| 201|0x000000071d200000, 0x000000071d400000, 0x000000071d400000|100%| O|  |TAMS 0x000000071d400000| PB 0x000000071d200000| Untracked |  0
| 202|0x000000071d400000, 0x000000071d600000, 0x000000071d600000|100%| O|  |TAMS 0x000000071d600000| PB 0x000000071d400000| Untracked |  0
| 203|0x000000071d600000, 0x000000071d800000, 0x000000071d800000|100%| O|  |TAMS 0x000000071d800000| PB 0x000000071d600000| Untracked |  0
| 204|0x000000071d800000, 0x000000071da00000, 0x000000071da00000|100%| O|  |TAMS 0x000000071da00000| PB 0x000000071d800000| Untracked |  0
| 205|0x000000071da00000, 0x000000071dc00000, 0x000000071dc00000|100%| O|  |TAMS 0x000000071dc00000| PB 0x000000071da00000| Untracked |  0
| 206|0x000000071dc00000, 0x000000071de00000, 0x000000071de00000|100%| O|  |TAMS 0x000000071de00000| PB 0x000000071dc00000| Untracked |  0
| 207|0x000000071de00000, 0x000000071e000000, 0x000000071e000000|100%| O|  |TAMS 0x000000071e000000| PB 0x000000071de00000| Untracked |  0
| 208|0x000000071e000000, 0x000000071e200000, 0x000000071e200000|100%| O|  |TAMS 0x000000071e200000| PB 0x000000071e000000| Untracked |  0
| 209|0x000000071e200000, 0x000000071e400000, 0x000000071e400000|100%| O|  |TAMS 0x000000071e400000| PB 0x000000071e200000| Untracked |  0
| 210|0x000000071e400000, 0x000000071e600000, 0x000000071e600000|100%| O|  |TAMS 0x000000071e600000| PB 0x000000071e400000| Untracked |  0
| 211|0x000000071e600000, 0x000000071e800000, 0x000000071e800000|100%| O|  |TAMS 0x000000071e800000| PB 0x000000071e600000| Untracked |  0
| 212|0x000000071e800000, 0x000000071ea00000, 0x000000071ea00000|100%| O|  |TAMS 0x000000071ea00000| PB 0x000000071e800000| Untracked |  0
| 213|0x000000071ea00000, 0x000000071ec00000, 0x000000071ec00000|100%| O|  |TAMS 0x000000071ec00000| PB 0x000000071ea00000| Untracked |  0
| 214|0x000000071ec00000, 0x000000071ee00000, 0x000000071ee00000|100%| O|  |TAMS 0x000000071ee00000| PB 0x000000071ec00000| Untracked |  0
| 215|0x000000071ee00000, 0x000000071f000000, 0x000000071f000000|100%| O|  |TAMS 0x000000071f000000| PB 0x000000071ee00000| Untracked |  0
| 216|0x000000071f000000, 0x000000071f200000, 0x000000071f200000|100%| O|  |TAMS 0x000000071f200000| PB 0x000000071f000000| Untracked |  0
| 217|0x000000071f200000, 0x000000071f400000, 0x000000071f400000|100%| O|  |TAMS 0x000000071f400000| PB 0x000000071f200000| Untracked |  0
| 218|0x000000071f400000, 0x000000071f600000, 0x000000071f600000|100%| O|  |TAMS 0x000000071f600000| PB 0x000000071f400000| Untracked |  0
| 219|0x000000071f600000, 0x000000071f800000, 0x000000071f800000|100%| O|  |TAMS 0x000000071f800000| PB 0x000000071f600000| Untracked |  0
| 220|0x000000071f800000, 0x000000071fa00000, 0x000000071fa00000|100%| O|  |TAMS 0x000000071fa00000| PB 0x000000071f800000| Untracked |  0
| 221|0x000000071fa00000, 0x000000071fc00000, 0x000000071fc00000|100%| O|  |TAMS 0x000000071fc00000| PB 0x000000071fa00000| Untracked |  0
| 222|0x000000071fc00000, 0x000000071fe00000, 0x000000071fe00000|100%| O|  |TAMS 0x000000071fe00000| PB 0x000000071fc00000| Untracked |  0
| 223|0x000000071fe00000, 0x0000000720000000, 0x0000000720000000|100%| O|  |TAMS 0x0000000720000000| PB 0x000000071fe00000| Untracked |  0
| 224|0x0000000720000000, 0x0000000720200000, 0x0000000720200000|100%| O|  |TAMS 0x0000000720200000| PB 0x0000000720000000| Untracked |  0
| 225|0x0000000720200000, 0x0000000720400000, 0x0000000720400000|100%| O|  |TAMS 0x0000000720400000| PB 0x0000000720200000| Untracked |  0
| 226|0x0000000720400000, 0x0000000720600000, 0x0000000720600000|100%| O|  |TAMS 0x0000000720600000| PB 0x0000000720400000| Untracked |  0
| 227|0x0000000720600000, 0x0000000720800000, 0x0000000720800000|100%| O|  |TAMS 0x0000000720800000| PB 0x0000000720600000| Untracked |  0
| 228|0x0000000720800000, 0x0000000720a00000, 0x0000000720a00000|100%| O|  |TAMS 0x0000000720a00000| PB 0x0000000720800000| Untracked |  0
| 229|0x0000000720a00000, 0x0000000720c00000, 0x0000000720c00000|100%| O|  |TAMS 0x0000000720c00000| PB 0x0000000720a00000| Untracked |  0
| 230|0x0000000720c00000, 0x0000000720e00000, 0x0000000720e00000|100%| O|  |TAMS 0x0000000720e00000| PB 0x0000000720c00000| Untracked |  0
| 231|0x0000000720e00000, 0x0000000721000000, 0x0000000721000000|100%| O|  |TAMS 0x0000000721000000| PB 0x0000000720e00000| Untracked |  0
| 232|0x0000000721000000, 0x0000000721200000, 0x0000000721200000|100%| O|  |TAMS 0x0000000721200000| PB 0x0000000721000000| Untracked |  0
| 233|0x0000000721200000, 0x0000000721400000, 0x0000000721400000|100%| O|  |TAMS 0x0000000721400000| PB 0x0000000721200000| Untracked |  0
| 234|0x0000000721400000, 0x0000000721600000, 0x0000000721600000|100%| O|  |TAMS 0x0000000721600000| PB 0x0000000721400000| Untracked |  0
| 235|0x0000000721600000, 0x0000000721800000, 0x0000000721800000|100%| O|  |TAMS 0x0000000721800000| PB 0x0000000721600000| Untracked |  0
| 236|0x0000000721800000, 0x0000000721a00000, 0x0000000721a00000|100%| O|  |TAMS 0x0000000721a00000| PB 0x0000000721800000| Untracked |  0
| 237|0x0000000721a00000, 0x0000000721c00000, 0x0000000721c00000|100%| O|  |TAMS 0x0000000721a00000| PB 0x0000000721a00000| Untracked |  0
| 238|0x0000000721c00000, 0x0000000721e00000, 0x0000000721e00000|100%|HS|  |TAMS 0x0000000721e00000| PB 0x0000000721c00000| Complete |  0
| 239|0x0000000721e00000, 0x0000000722000000, 0x0000000722000000|100%|HC|  |TAMS 0x0000000722000000| PB 0x0000000721e00000| Complete |  0
| 240|0x0000000722000000, 0x0000000722200000, 0x0000000722200000|100%|HS|  |TAMS 0x0000000722200000| PB 0x0000000722000000| Complete |  0
| 241|0x0000000722200000, 0x0000000722400000, 0x0000000722400000|100%|HC|  |TAMS 0x0000000722400000| PB 0x0000000722200000| Complete |  0
| 242|0x0000000722400000, 0x0000000722600000, 0x0000000722600000|100%|HC|  |TAMS 0x0000000722600000| PB 0x0000000722400000| Complete |  0
| 243|0x0000000722600000, 0x0000000722800000, 0x0000000722800000|100%|HS|  |TAMS 0x0000000722800000| PB 0x0000000722600000| Complete |  0
| 244|0x0000000722800000, 0x0000000722a00000, 0x0000000722a00000|100%| O|  |TAMS 0x0000000722a00000| PB 0x0000000722800000| Untracked |  0
| 245|0x0000000722a00000, 0x0000000722c00000, 0x0000000722c00000|100%| O|  |TAMS 0x0000000722c00000| PB 0x0000000722a00000| Untracked |  0
| 246|0x0000000722c00000, 0x0000000722e00000, 0x0000000722e00000|100%| O|  |TAMS 0x0000000722e00000| PB 0x0000000722c00000| Untracked |  0
| 247|0x0000000722e00000, 0x0000000723000000, 0x0000000723000000|100%| O|  |TAMS 0x0000000723000000| PB 0x0000000722e00000| Untracked |  0
| 248|0x0000000723000000, 0x0000000723200000, 0x0000000723200000|100%| O|  |TAMS 0x0000000723200000| PB 0x0000000723000000| Untracked |  0
| 249|0x0000000723200000, 0x0000000723400000, 0x0000000723400000|100%| O|  |TAMS 0x0000000723400000| PB 0x0000000723200000| Untracked |  0
| 250|0x0000000723400000, 0x0000000723600000, 0x0000000723600000|100%| O|  |TAMS 0x0000000723600000| PB 0x0000000723400000| Untracked |  0
| 251|0x0000000723600000, 0x0000000723800000, 0x0000000723800000|100%| O|  |TAMS 0x0000000723800000| PB 0x0000000723600000| Untracked |  0
| 252|0x0000000723800000, 0x0000000723a00000, 0x0000000723a00000|100%| O|  |TAMS 0x0000000723a00000| PB 0x0000000723800000| Untracked |  0
| 253|0x0000000723a00000, 0x0000000723c00000, 0x0000000723c00000|100%| O|  |TAMS 0x0000000723c00000| PB 0x0000000723a00000| Untracked |  0
| 254|0x0000000723c00000, 0x0000000723e00000, 0x0000000723e00000|100%| O|  |TAMS 0x0000000723e00000| PB 0x0000000723c00000| Untracked |  0
| 255|0x0000000723e00000, 0x0000000724000000, 0x0000000724000000|100%| O|  |TAMS 0x0000000724000000| PB 0x0000000723e00000| Untracked |  0
| 256|0x0000000724000000, 0x0000000724200000, 0x0000000724200000|100%| O|  |TAMS 0x0000000724200000| PB 0x0000000724000000| Untracked |  0
| 257|0x0000000724200000, 0x0000000724400000, 0x0000000724400000|100%| O|  |TAMS 0x0000000724400000| PB 0x0000000724200000| Untracked |  0
| 258|0x0000000724400000, 0x0000000724600000, 0x0000000724600000|100%| O|  |TAMS 0x0000000724600000| PB 0x0000000724400000| Untracked |  0
| 259|0x0000000724600000, 0x0000000724800000, 0x0000000724800000|100%| O|  |TAMS 0x0000000724800000| PB 0x0000000724600000| Untracked |  0
| 260|0x0000000724800000, 0x0000000724a00000, 0x0000000724a00000|100%| O|  |TAMS 0x0000000724a00000| PB 0x0000000724800000| Untracked |  0
| 261|0x0000000724a00000, 0x0000000724c00000, 0x0000000724c00000|100%| O|  |TAMS 0x0000000724c00000| PB 0x0000000724a00000| Untracked |  0
| 262|0x0000000724c00000, 0x0000000724e00000, 0x0000000724e00000|100%| O|  |TAMS 0x0000000724e00000| PB 0x0000000724c00000| Untracked |  0
| 263|0x0000000724e00000, 0x0000000725000000, 0x0000000725000000|100%| O|  |TAMS 0x0000000725000000| PB 0x0000000724e00000| Untracked |  0
| 264|0x0000000725000000, 0x0000000725200000, 0x0000000725200000|100%| O|  |TAMS 0x0000000725200000| PB 0x0000000725000000| Untracked |  0
| 265|0x0000000725200000, 0x0000000725400000, 0x0000000725400000|100%| O|  |TAMS 0x0000000725400000| PB 0x0000000725200000| Untracked |  0
| 266|0x0000000725400000, 0x0000000725600000, 0x0000000725600000|100%| O|  |TAMS 0x0000000725600000| PB 0x0000000725400000| Untracked |  0
| 267|0x0000000725600000, 0x0000000725800000, 0x0000000725800000|100%| O|  |TAMS 0x0000000725800000| PB 0x0000000725600000| Untracked |  0
| 268|0x0000000725800000, 0x0000000725a00000, 0x0000000725a00000|100%| O|  |TAMS 0x0000000725a00000| PB 0x0000000725800000| Untracked |  0
| 269|0x0000000725a00000, 0x0000000725c00000, 0x0000000725c00000|100%| O|  |TAMS 0x0000000725c00000| PB 0x0000000725a00000| Untracked |  0
| 270|0x0000000725c00000, 0x0000000725e00000, 0x0000000725e00000|100%| O|  |TAMS 0x0000000725e00000| PB 0x0000000725c00000| Untracked |  0
| 271|0x0000000725e00000, 0x0000000726000000, 0x0000000726000000|100%| O|  |TAMS 0x0000000726000000| PB 0x0000000725e00000| Untracked |  0
| 272|0x0000000726000000, 0x0000000726200000, 0x0000000726200000|100%| O|  |TAMS 0x0000000726200000| PB 0x0000000726000000| Untracked |  0
| 273|0x0000000726200000, 0x0000000726400000, 0x0000000726400000|100%| O|  |TAMS 0x0000000726400000| PB 0x0000000726200000| Untracked |  0
| 274|0x0000000726400000, 0x0000000726600000, 0x0000000726600000|100%| O|  |TAMS 0x0000000726600000| PB 0x0000000726400000| Untracked |  0
| 275|0x0000000726600000, 0x0000000726800000, 0x0000000726800000|100%| O|  |TAMS 0x0000000726800000| PB 0x0000000726600000| Untracked |  0
| 276|0x0000000726800000, 0x0000000726a00000, 0x0000000726a00000|100%| O|  |TAMS 0x0000000726a00000| PB 0x0000000726800000| Untracked |  0
| 277|0x0000000726a00000, 0x0000000726c00000, 0x0000000726c00000|100%| O|  |TAMS 0x0000000726c00000| PB 0x0000000726a00000| Untracked |  0
| 278|0x0000000726c00000, 0x0000000726e00000, 0x0000000726e00000|100%| O|  |TAMS 0x0000000726e00000| PB 0x0000000726c00000| Untracked |  0
| 279|0x0000000726e00000, 0x0000000727000000, 0x0000000727000000|100%| O|  |TAMS 0x0000000727000000| PB 0x0000000726e00000| Untracked |  0
| 280|0x0000000727000000, 0x0000000727200000, 0x0000000727200000|100%| O|  |TAMS 0x0000000727200000| PB 0x0000000727000000| Untracked |  0
| 281|0x0000000727200000, 0x0000000727400000, 0x0000000727400000|100%| O|  |TAMS 0x0000000727400000| PB 0x0000000727200000| Untracked |  0
| 282|0x0000000727400000, 0x0000000727600000, 0x0000000727600000|100%| O|  |TAMS 0x0000000727600000| PB 0x0000000727400000| Untracked |  0
| 283|0x0000000727600000, 0x0000000727800000, 0x0000000727800000|100%| O|  |TAMS 0x0000000727800000| PB 0x0000000727600000| Untracked |  0
| 284|0x0000000727800000, 0x0000000727a00000, 0x0000000727a00000|100%| O|  |TAMS 0x0000000727a00000| PB 0x0000000727800000| Untracked |  0
| 285|0x0000000727a00000, 0x0000000727c00000, 0x0000000727c00000|100%| O|  |TAMS 0x0000000727c00000| PB 0x0000000727a00000| Untracked |  0
| 286|0x0000000727c00000, 0x0000000727e00000, 0x0000000727e00000|100%| O|  |TAMS 0x0000000727e00000| PB 0x0000000727c00000| Untracked |  0
| 287|0x0000000727e00000, 0x0000000728000000, 0x0000000728000000|100%| O|  |TAMS 0x0000000728000000| PB 0x0000000727e00000| Untracked |  0
| 288|0x0000000728000000, 0x0000000728200000, 0x0000000728200000|100%| O|  |TAMS 0x0000000728200000| PB 0x0000000728000000| Untracked |  0
| 289|0x0000000728200000, 0x0000000728400000, 0x0000000728400000|100%| O|  |TAMS 0x0000000728400000| PB 0x0000000728200000| Untracked |  0
| 290|0x0000000728400000, 0x0000000728600000, 0x0000000728600000|100%| O|  |TAMS 0x0000000728600000| PB 0x0000000728400000| Untracked |  0
| 291|0x0000000728600000, 0x0000000728800000, 0x0000000728800000|100%| O|  |TAMS 0x0000000728800000| PB 0x0000000728600000| Untracked |  0
| 292|0x0000000728800000, 0x0000000728a00000, 0x0000000728a00000|100%| O|  |TAMS 0x0000000728a00000| PB 0x0000000728800000| Untracked |  0
| 293|0x0000000728a00000, 0x0000000728c00000, 0x0000000728c00000|100%| O|  |TAMS 0x0000000728c00000| PB 0x0000000728a00000| Untracked |  0
| 294|0x0000000728c00000, 0x0000000728e00000, 0x0000000728e00000|100%| O|  |TAMS 0x0000000728e00000| PB 0x0000000728c00000| Untracked |  0
| 295|0x0000000728e00000, 0x0000000729000000, 0x0000000729000000|100%| O|  |TAMS 0x0000000729000000| PB 0x0000000728e00000| Untracked |  0
| 296|0x0000000729000000, 0x0000000729200000, 0x0000000729200000|100%| O|  |TAMS 0x0000000729200000| PB 0x0000000729000000| Untracked |  0
| 297|0x0000000729200000, 0x0000000729400000, 0x0000000729400000|100%| O|  |TAMS 0x0000000729400000| PB 0x0000000729200000| Untracked |  0
| 298|0x0000000729400000, 0x0000000729600000, 0x0000000729600000|100%| O|  |TAMS 0x0000000729600000| PB 0x0000000729400000| Untracked |  0
| 299|0x0000000729600000, 0x0000000729800000, 0x0000000729800000|100%| O|  |TAMS 0x0000000729800000| PB 0x0000000729600000| Untracked |  0
| 300|0x0000000729800000, 0x0000000729a00000, 0x0000000729a00000|100%| O|  |TAMS 0x0000000729a00000| PB 0x0000000729800000| Untracked |  0
| 301|0x0000000729a00000, 0x0000000729c00000, 0x0000000729c00000|100%| O|  |TAMS 0x0000000729c00000| PB 0x0000000729a00000| Untracked |  0
| 302|0x0000000729c00000, 0x0000000729e00000, 0x0000000729e00000|100%| O|  |TAMS 0x0000000729e00000| PB 0x0000000729c00000| Untracked |  0
| 303|0x0000000729e00000, 0x000000072a000000, 0x000000072a000000|100%| O|  |TAMS 0x000000072a000000| PB 0x0000000729e00000| Untracked |  0
| 304|0x000000072a000000, 0x000000072a200000, 0x000000072a200000|100%| O|  |TAMS 0x000000072a200000| PB 0x000000072a000000| Untracked |  0
| 305|0x000000072a200000, 0x000000072a400000, 0x000000072a400000|100%| O|  |TAMS 0x000000072a400000| PB 0x000000072a200000| Untracked |  0
| 306|0x000000072a400000, 0x000000072a600000, 0x000000072a600000|100%| O|  |TAMS 0x000000072a600000| PB 0x000000072a400000| Untracked |  0
| 307|0x000000072a600000, 0x000000072a800000, 0x000000072a800000|100%| O|  |TAMS 0x000000072a800000| PB 0x000000072a600000| Untracked |  0
| 308|0x000000072a800000, 0x000000072aa00000, 0x000000072aa00000|100%| O|  |TAMS 0x000000072aa00000| PB 0x000000072a800000| Untracked |  0
| 309|0x000000072aa00000, 0x000000072ac00000, 0x000000072ac00000|100%| O|  |TAMS 0x000000072ac00000| PB 0x000000072aa00000| Untracked |  0
| 310|0x000000072ac00000, 0x000000072ae00000, 0x000000072ae00000|100%| O|  |TAMS 0x000000072ae00000| PB 0x000000072ac00000| Untracked |  0
| 311|0x000000072ae00000, 0x000000072b000000, 0x000000072b000000|100%| O|  |TAMS 0x000000072b000000| PB 0x000000072ae00000| Untracked |  0
| 312|0x000000072b000000, 0x000000072b200000, 0x000000072b200000|100%| O|  |TAMS 0x000000072b200000| PB 0x000000072b000000| Untracked |  0
| 313|0x000000072b200000, 0x000000072b400000, 0x000000072b400000|100%| O|  |TAMS 0x000000072b400000| PB 0x000000072b200000| Untracked |  0
| 314|0x000000072b400000, 0x000000072b600000, 0x000000072b600000|100%| O|  |TAMS 0x000000072b600000| PB 0x000000072b400000| Untracked |  0
| 315|0x000000072b600000, 0x000000072b800000, 0x000000072b800000|100%| O|  |TAMS 0x000000072b800000| PB 0x000000072b600000| Untracked |  0
| 316|0x000000072b800000, 0x000000072ba00000, 0x000000072ba00000|100%| O|  |TAMS 0x000000072ba00000| PB 0x000000072b800000| Untracked |  0
| 317|0x000000072ba00000, 0x000000072bc00000, 0x000000072bc00000|100%| O|  |TAMS 0x000000072bc00000| PB 0x000000072ba00000| Untracked |  0
| 318|0x000000072bc00000, 0x000000072be00000, 0x000000072be00000|100%| O|  |TAMS 0x000000072be00000| PB 0x000000072bc00000| Untracked |  0
| 319|0x000000072be00000, 0x000000072c000000, 0x000000072c000000|100%| O|  |TAMS 0x000000072c000000| PB 0x000000072be00000| Untracked |  0
| 320|0x000000072c000000, 0x000000072c200000, 0x000000072c200000|100%| O|  |TAMS 0x000000072c200000| PB 0x000000072c000000| Untracked |  0
| 321|0x000000072c200000, 0x000000072c400000, 0x000000072c400000|100%| O|  |TAMS 0x000000072c400000| PB 0x000000072c200000| Untracked |  0
| 322|0x000000072c400000, 0x000000072c600000, 0x000000072c600000|100%| O|  |TAMS 0x000000072c600000| PB 0x000000072c400000| Untracked |  0
| 323|0x000000072c600000, 0x000000072c800000, 0x000000072c800000|100%| O|  |TAMS 0x000000072c600000| PB 0x000000072c600000| Untracked |  0
| 324|0x000000072c800000, 0x000000072ca00000, 0x000000072ca00000|100%| O|  |TAMS 0x000000072ca00000| PB 0x000000072c800000| Untracked |  0
| 325|0x000000072ca00000, 0x000000072cc00000, 0x000000072cc00000|100%| O|  |TAMS 0x000000072cc00000| PB 0x000000072ca00000| Untracked |  0
| 326|0x000000072cc00000, 0x000000072ce00000, 0x000000072ce00000|100%| O|  |TAMS 0x000000072ce00000| PB 0x000000072cc00000| Untracked |  0
| 327|0x000000072ce00000, 0x000000072d000000, 0x000000072d000000|100%| O|  |TAMS 0x000000072d000000| PB 0x000000072ce00000| Untracked |  0
| 328|0x000000072d000000, 0x000000072d200000, 0x000000072d200000|100%| O|  |TAMS 0x000000072d200000| PB 0x000000072d000000| Untracked |  0
| 329|0x000000072d200000, 0x000000072d400000, 0x000000072d400000|100%| O|  |TAMS 0x000000072d400000| PB 0x000000072d200000| Untracked |  0
| 330|0x000000072d400000, 0x000000072d600000, 0x000000072d600000|100%| O|  |TAMS 0x000000072d600000| PB 0x000000072d400000| Untracked |  0
| 331|0x000000072d600000, 0x000000072d800000, 0x000000072d800000|100%| O|  |TAMS 0x000000072d800000| PB 0x000000072d600000| Untracked |  0
| 332|0x000000072d800000, 0x000000072da00000, 0x000000072da00000|100%| O|  |TAMS 0x000000072da00000| PB 0x000000072d800000| Untracked |  0
| 333|0x000000072da00000, 0x000000072dc00000, 0x000000072dc00000|100%| O|  |TAMS 0x000000072dc00000| PB 0x000000072da00000| Untracked |  0
| 334|0x000000072dc00000, 0x000000072de00000, 0x000000072de00000|100%| O|  |TAMS 0x000000072de00000| PB 0x000000072dc00000| Untracked |  0
| 335|0x000000072de00000, 0x000000072e000000, 0x000000072e000000|100%| O|  |TAMS 0x000000072e000000| PB 0x000000072de00000| Untracked |  0
| 336|0x000000072e000000, 0x000000072e200000, 0x000000072e200000|100%| O|  |TAMS 0x000000072e200000| PB 0x000000072e000000| Untracked |  0
| 337|0x000000072e200000, 0x000000072e400000, 0x000000072e400000|100%| O|  |TAMS 0x000000072e400000| PB 0x000000072e200000| Untracked |  0
| 338|0x000000072e400000, 0x000000072e600000, 0x000000072e600000|100%| O|  |TAMS 0x000000072e600000| PB 0x000000072e400000| Untracked |  0
| 339|0x000000072e600000, 0x000000072e800000, 0x000000072e800000|100%| O|  |TAMS 0x000000072e800000| PB 0x000000072e600000| Untracked |  0
| 340|0x000000072e800000, 0x000000072ea00000, 0x000000072ea00000|100%| O|  |TAMS 0x000000072ea00000| PB 0x000000072e800000| Untracked |  0
| 341|0x000000072ea00000, 0x000000072ec00000, 0x000000072ec00000|100%| O|  |TAMS 0x000000072ec00000| PB 0x000000072ea00000| Untracked |  0
| 342|0x000000072ec00000, 0x000000072ee00000, 0x000000072ee00000|100%| O|  |TAMS 0x000000072ee00000| PB 0x000000072ec00000| Untracked |  0
| 343|0x000000072ee00000, 0x000000072f000000, 0x000000072f000000|100%| O|  |TAMS 0x000000072f000000| PB 0x000000072ee00000| Untracked |  0
| 344|0x000000072f000000, 0x000000072f200000, 0x000000072f200000|100%| O|  |TAMS 0x000000072f200000| PB 0x000000072f000000| Untracked |  0
| 345|0x000000072f200000, 0x000000072f400000, 0x000000072f400000|100%| O|  |TAMS 0x000000072f400000| PB 0x000000072f200000| Untracked |  0
| 346|0x000000072f400000, 0x000000072f600000, 0x000000072f600000|100%| O|  |TAMS 0x000000072f600000| PB 0x000000072f400000| Untracked |  0
| 347|0x000000072f600000, 0x000000072f800000, 0x000000072f800000|100%| O|  |TAMS 0x000000072f800000| PB 0x000000072f600000| Untracked |  0
| 348|0x000000072f800000, 0x000000072fa00000, 0x000000072fa00000|100%|HS|  |TAMS 0x000000072fa00000| PB 0x000000072f800000| Complete |  0
| 349|0x000000072fa00000, 0x000000072fc00000, 0x000000072fc00000|100%|HS|  |TAMS 0x000000072fc00000| PB 0x000000072fa00000| Complete |  0
| 350|0x000000072fc00000, 0x000000072fe00000, 0x000000072fe00000|100%| O|  |TAMS 0x000000072fe00000| PB 0x000000072fc00000| Untracked |  0
| 351|0x000000072fe00000, 0x0000000730000000, 0x0000000730000000|100%| O|  |TAMS 0x0000000730000000| PB 0x000000072fe00000| Untracked |  0
| 352|0x0000000730000000, 0x0000000730200000, 0x0000000730200000|100%| O|  |TAMS 0x0000000730200000| PB 0x0000000730000000| Untracked |  0
| 353|0x0000000730200000, 0x0000000730400000, 0x0000000730400000|100%| O|  |TAMS 0x0000000730400000| PB 0x0000000730200000| Untracked |  0
| 354|0x0000000730400000, 0x0000000730600000, 0x0000000730600000|100%| O|  |TAMS 0x0000000730600000| PB 0x0000000730400000| Untracked |  0
| 355|0x0000000730600000, 0x0000000730800000, 0x0000000730800000|100%| O|  |TAMS 0x0000000730800000| PB 0x0000000730600000| Untracked |  0
| 356|0x0000000730800000, 0x0000000730a00000, 0x0000000730a00000|100%| O|  |TAMS 0x0000000730a00000| PB 0x0000000730800000| Untracked |  0
| 357|0x0000000730a00000, 0x0000000730c00000, 0x0000000730c00000|100%| O|  |TAMS 0x0000000730c00000| PB 0x0000000730a00000| Untracked |  0
| 358|0x0000000730c00000, 0x0000000730e00000, 0x0000000730e00000|100%| O|  |TAMS 0x0000000730e00000| PB 0x0000000730c00000| Untracked |  0
| 359|0x0000000730e00000, 0x0000000731000000, 0x0000000731000000|100%| O|  |TAMS 0x0000000731000000| PB 0x0000000730e00000| Untracked |  0
| 360|0x0000000731000000, 0x0000000731200000, 0x0000000731200000|100%| O|  |TAMS 0x0000000731200000| PB 0x0000000731000000| Untracked |  0
| 361|0x0000000731200000, 0x0000000731400000, 0x0000000731400000|100%| O|  |TAMS 0x0000000731400000| PB 0x0000000731200000| Untracked |  0
| 362|0x0000000731400000, 0x0000000731600000, 0x0000000731600000|100%| O|  |TAMS 0x0000000731600000| PB 0x0000000731400000| Untracked |  0
| 363|0x0000000731600000, 0x0000000731800000, 0x0000000731800000|100%| O|  |TAMS 0x0000000731800000| PB 0x0000000731600000| Untracked |  0
| 364|0x0000000731800000, 0x0000000731a00000, 0x0000000731a00000|100%| O|  |TAMS 0x0000000731a00000| PB 0x0000000731800000| Untracked |  0
| 365|0x0000000731a00000, 0x0000000731c00000, 0x0000000731c00000|100%| O|  |TAMS 0x0000000731c00000| PB 0x0000000731a00000| Untracked |  0
| 366|0x0000000731c00000, 0x0000000731e00000, 0x0000000731e00000|100%| O|  |TAMS 0x0000000731e00000| PB 0x0000000731c00000| Untracked |  0
| 367|0x0000000731e00000, 0x0000000732000000, 0x0000000732000000|100%| O|  |TAMS 0x0000000732000000| PB 0x0000000731e00000| Untracked |  0
| 368|0x0000000732000000, 0x0000000732200000, 0x0000000732200000|100%| O|  |TAMS 0x0000000732200000| PB 0x0000000732000000| Untracked |  0
| 369|0x0000000732200000, 0x0000000732400000, 0x0000000732400000|100%| O|  |TAMS 0x0000000732400000| PB 0x0000000732200000| Untracked |  0
| 370|0x0000000732400000, 0x0000000732600000, 0x0000000732600000|100%| O|  |TAMS 0x0000000732600000| PB 0x0000000732400000| Untracked |  0
| 371|0x0000000732600000, 0x0000000732800000, 0x0000000732800000|100%|HS|  |TAMS 0x0000000732800000| PB 0x0000000732600000| Complete |  0
| 372|0x0000000732800000, 0x0000000732a00000, 0x0000000732a00000|100%|HC|  |TAMS 0x0000000732a00000| PB 0x0000000732800000| Complete |  0
| 373|0x0000000732a00000, 0x0000000732c00000, 0x0000000732c00000|100%|HS|  |TAMS 0x0000000732c00000| PB 0x0000000732a00000| Complete |  0
| 374|0x0000000732c00000, 0x0000000732e00000, 0x0000000732e00000|100%|HS|  |TAMS 0x0000000732e00000| PB 0x0000000732c00000| Complete |  0
| 375|0x0000000732e00000, 0x0000000733000000, 0x0000000733000000|100%|HC|  |TAMS 0x0000000733000000| PB 0x0000000732e00000| Complete |  0
| 376|0x0000000733000000, 0x0000000733200000, 0x0000000733200000|100%|HS|  |TAMS 0x0000000733200000| PB 0x0000000733000000| Complete |  0
| 377|0x0000000733200000, 0x0000000733400000, 0x0000000733400000|100%|HC|  |TAMS 0x0000000733400000| PB 0x0000000733200000| Complete |  0
| 378|0x0000000733400000, 0x0000000733600000, 0x0000000733600000|100%|HC|  |TAMS 0x0000000733600000| PB 0x0000000733400000| Complete |  0
| 379|0x0000000733600000, 0x0000000733800000, 0x0000000733800000|100%| O|  |TAMS 0x0000000733800000| PB 0x0000000733600000| Untracked |  0
| 380|0x0000000733800000, 0x0000000733a00000, 0x0000000733a00000|100%| O|  |TAMS 0x0000000733a00000| PB 0x0000000733800000| Untracked |  0
| 381|0x0000000733a00000, 0x0000000733c00000, 0x0000000733c00000|100%| O|  |TAMS 0x0000000733c00000| PB 0x0000000733a00000| Untracked |  0
| 382|0x0000000733c00000, 0x0000000733e00000, 0x0000000733e00000|100%| O|  |TAMS 0x0000000733e00000| PB 0x0000000733c00000| Untracked |  0
| 383|0x0000000733e00000, 0x0000000734000000, 0x0000000734000000|100%| O|  |TAMS 0x0000000734000000| PB 0x0000000733e00000| Untracked |  0
| 384|0x0000000734000000, 0x0000000734200000, 0x0000000734200000|100%| O|  |TAMS 0x0000000734200000| PB 0x0000000734000000| Untracked |  0
| 385|0x0000000734200000, 0x0000000734400000, 0x0000000734400000|100%| O|  |TAMS 0x0000000734400000| PB 0x0000000734200000| Untracked |  0
| 386|0x0000000734400000, 0x0000000734600000, 0x0000000734600000|100%| O|  |TAMS 0x0000000734600000| PB 0x0000000734400000| Untracked |  0
| 387|0x0000000734600000, 0x0000000734800000, 0x0000000734800000|100%| O|  |TAMS 0x0000000734800000| PB 0x0000000734600000| Untracked |  0
| 388|0x0000000734800000, 0x0000000734a00000, 0x0000000734a00000|100%| O|  |TAMS 0x0000000734a00000| PB 0x0000000734800000| Untracked |  0
| 389|0x0000000734a00000, 0x0000000734c00000, 0x0000000734c00000|100%| O|  |TAMS 0x0000000734c00000| PB 0x0000000734a00000| Untracked |  0
| 390|0x0000000734c00000, 0x0000000734e00000, 0x0000000734e00000|100%| O|  |TAMS 0x0000000734e00000| PB 0x0000000734c00000| Untracked |  0
| 391|0x0000000734e00000, 0x0000000735000000, 0x0000000735000000|100%| O|  |TAMS 0x0000000735000000| PB 0x0000000734e00000| Untracked |  0
| 392|0x0000000735000000, 0x0000000735200000, 0x0000000735200000|100%| O|  |TAMS 0x0000000735200000| PB 0x0000000735000000| Untracked |  0
| 393|0x0000000735200000, 0x0000000735400000, 0x0000000735400000|100%| O|  |TAMS 0x0000000735400000| PB 0x0000000735200000| Untracked |  0
| 394|0x0000000735400000, 0x0000000735600000, 0x0000000735600000|100%| O|  |TAMS 0x0000000735600000| PB 0x0000000735400000| Untracked |  0
| 395|0x0000000735600000, 0x0000000735800000, 0x0000000735800000|100%| O|  |TAMS 0x0000000735800000| PB 0x0000000735600000| Untracked |  0
| 396|0x0000000735800000, 0x0000000735a00000, 0x0000000735a00000|100%| O|  |TAMS 0x0000000735a00000| PB 0x0000000735800000| Untracked |  0
| 397|0x0000000735a00000, 0x0000000735c00000, 0x0000000735c00000|100%| O|  |TAMS 0x0000000735c00000| PB 0x0000000735a00000| Untracked |  0
| 398|0x0000000735c00000, 0x0000000735e00000, 0x0000000735e00000|100%| O|  |TAMS 0x0000000735e00000| PB 0x0000000735c00000| Untracked |  0
| 399|0x0000000735e00000, 0x0000000736000000, 0x0000000736000000|100%| O|  |TAMS 0x0000000736000000| PB 0x0000000735e00000| Untracked |  0
| 400|0x0000000736000000, 0x0000000736200000, 0x0000000736200000|100%| O|  |TAMS 0x0000000736200000| PB 0x0000000736000000| Untracked |  0
| 401|0x0000000736200000, 0x0000000736400000, 0x0000000736400000|100%| O|  |TAMS 0x0000000736400000| PB 0x0000000736200000| Untracked |  0
| 402|0x0000000736400000, 0x0000000736600000, 0x0000000736600000|100%| O|  |TAMS 0x0000000736600000| PB 0x0000000736400000| Untracked |  0
| 403|0x0000000736600000, 0x0000000736800000, 0x0000000736800000|100%| O|  |TAMS 0x0000000736800000| PB 0x0000000736600000| Untracked |  0
| 404|0x0000000736800000, 0x0000000736a00000, 0x0000000736a00000|100%| O|  |TAMS 0x0000000736a00000| PB 0x0000000736800000| Untracked |  0
| 405|0x0000000736a00000, 0x0000000736c00000, 0x0000000736c00000|100%| O|  |TAMS 0x0000000736c00000| PB 0x0000000736a00000| Untracked |  0
| 406|0x0000000736c00000, 0x0000000736e00000, 0x0000000736e00000|100%| O|  |TAMS 0x0000000736e00000| PB 0x0000000736c00000| Untracked |  0
| 407|0x0000000736e00000, 0x0000000737000000, 0x0000000737000000|100%| O|  |TAMS 0x0000000737000000| PB 0x0000000736e00000| Untracked |  0
| 408|0x0000000737000000, 0x0000000737200000, 0x0000000737200000|100%| O|  |TAMS 0x0000000737200000| PB 0x0000000737000000| Untracked |  0
| 409|0x0000000737200000, 0x0000000737400000, 0x0000000737400000|100%| O|  |TAMS 0x0000000737400000| PB 0x0000000737200000| Untracked |  0
| 410|0x0000000737400000, 0x0000000737600000, 0x0000000737600000|100%| O|  |TAMS 0x0000000737600000| PB 0x0000000737400000| Untracked |  0
| 411|0x0000000737600000, 0x0000000737800000, 0x0000000737800000|100%| O|  |TAMS 0x0000000737800000| PB 0x0000000737600000| Untracked |  0
| 412|0x0000000737800000, 0x0000000737a00000, 0x0000000737a00000|100%| O|  |TAMS 0x0000000737a00000| PB 0x0000000737800000| Untracked |  0
| 413|0x0000000737a00000, 0x0000000737c00000, 0x0000000737c00000|100%| O|  |TAMS 0x0000000737c00000| PB 0x0000000737a00000| Untracked |  0
| 414|0x0000000737c00000, 0x0000000737e00000, 0x0000000737e00000|100%| O|  |TAMS 0x0000000737e00000| PB 0x0000000737c00000| Untracked |  0
| 415|0x0000000737e00000, 0x0000000738000000, 0x0000000738000000|100%| O|  |TAMS 0x0000000738000000| PB 0x0000000737e00000| Untracked |  0
| 416|0x0000000738000000, 0x0000000738200000, 0x0000000738200000|100%| O|  |TAMS 0x0000000738200000| PB 0x0000000738000000| Untracked |  0
| 417|0x0000000738200000, 0x0000000738400000, 0x0000000738400000|100%| O|  |TAMS 0x0000000738400000| PB 0x0000000738200000| Untracked |  0
| 418|0x0000000738400000, 0x0000000738600000, 0x0000000738600000|100%| O|  |TAMS 0x0000000738600000| PB 0x0000000738400000| Untracked |  0
| 419|0x0000000738600000, 0x0000000738800000, 0x0000000738800000|100%| O|  |TAMS 0x0000000738800000| PB 0x0000000738600000| Untracked |  0
| 420|0x0000000738800000, 0x0000000738a00000, 0x0000000738a00000|100%| O|  |TAMS 0x0000000738a00000| PB 0x0000000738800000| Untracked |  0
| 421|0x0000000738a00000, 0x0000000738c00000, 0x0000000738c00000|100%| O|  |TAMS 0x0000000738c00000| PB 0x0000000738a00000| Untracked |  0
| 422|0x0000000738c00000, 0x0000000738e00000, 0x0000000738e00000|100%| O|  |TAMS 0x0000000738e00000| PB 0x0000000738c00000| Untracked |  0
| 423|0x0000000738e00000, 0x0000000739000000, 0x0000000739000000|100%| O|  |TAMS 0x0000000739000000| PB 0x0000000738e00000| Untracked |  0
| 424|0x0000000739000000, 0x0000000739200000, 0x0000000739200000|100%| O|  |TAMS 0x0000000739200000| PB 0x0000000739000000| Untracked |  0
| 425|0x0000000739200000, 0x0000000739400000, 0x0000000739400000|100%| O|  |TAMS 0x0000000739400000| PB 0x0000000739200000| Untracked |  0
| 426|0x0000000739400000, 0x0000000739600000, 0x0000000739600000|100%| O|  |TAMS 0x0000000739600000| PB 0x0000000739400000| Untracked |  0
| 427|0x0000000739600000, 0x0000000739800000, 0x0000000739800000|100%| O|  |TAMS 0x0000000739800000| PB 0x0000000739600000| Untracked |  0
| 428|0x0000000739800000, 0x0000000739a00000, 0x0000000739a00000|100%| O|  |TAMS 0x0000000739a00000| PB 0x0000000739800000| Untracked |  0
| 429|0x0000000739a00000, 0x0000000739c00000, 0x0000000739c00000|100%| O|  |TAMS 0x0000000739b00000| PB 0x0000000739a00000| Untracked |  0
| 430|0x0000000739c00000, 0x0000000739e00000, 0x0000000739e00000|100%| O|  |TAMS 0x0000000739c00000| PB 0x0000000739c00000| Untracked |  0
| 431|0x0000000739e00000, 0x000000073a000000, 0x000000073a000000|100%| O|  |TAMS 0x0000000739e00000| PB 0x0000000739e00000| Untracked |  0
| 432|0x000000073a000000, 0x000000073a200000, 0x000000073a200000|100%| O|  |TAMS 0x000000073a000000| PB 0x000000073a000000| Untracked |  0
| 433|0x000000073a200000, 0x000000073a400000, 0x000000073a400000|100%| O|  |TAMS 0x000000073a200000| PB 0x000000073a200000| Untracked |  0
| 434|0x000000073a400000, 0x000000073a400000, 0x000000073a600000|  0%| F|  |TAMS 0x000000073a400000| PB 0x000000073a400000| Untracked |  0
| 435|0x000000073a600000, 0x000000073a600000, 0x000000073a800000|  0%| F|  |TAMS 0x000000073a600000| PB 0x000000073a600000| Untracked |  0
| 436|0x000000073a800000, 0x000000073a800000, 0x000000073aa00000|  0%| F|  |TAMS 0x000000073a800000| PB 0x000000073a800000| Untracked |  0
| 437|0x000000073aa00000, 0x000000073aa00000, 0x000000073ac00000|  0%| F|  |TAMS 0x000000073aa00000| PB 0x000000073aa00000| Untracked |  0
| 438|0x000000073ac00000, 0x000000073ac00000, 0x000000073ae00000|  0%| F|  |TAMS 0x000000073ac00000| PB 0x000000073ac00000| Untracked |  0
| 439|0x000000073ae00000, 0x000000073ae00000, 0x000000073b000000|  0%| F|  |TAMS 0x000000073ae00000| PB 0x000000073ae00000| Untracked |  0
| 440|0x000000073b000000, 0x000000073b000000, 0x000000073b200000|  0%| F|  |TAMS 0x000000073b000000| PB 0x000000073b000000| Untracked |  0
| 441|0x000000073b200000, 0x000000073b200000, 0x000000073b400000|  0%| F|  |TAMS 0x000000073b200000| PB 0x000000073b200000| Untracked |  0
| 442|0x000000073b400000, 0x000000073b400000, 0x000000073b600000|  0%| F|  |TAMS 0x000000073b400000| PB 0x000000073b400000| Untracked |  0
| 443|0x000000073b600000, 0x000000073b600000, 0x000000073b800000|  0%| F|  |TAMS 0x000000073b600000| PB 0x000000073b600000| Untracked |  0
| 444|0x000000073b800000, 0x000000073b800000, 0x000000073ba00000|  0%| F|  |TAMS 0x000000073b800000| PB 0x000000073b800000| Untracked |  0
| 445|0x000000073ba00000, 0x000000073ba00000, 0x000000073bc00000|  0%| F|  |TAMS 0x000000073ba00000| PB 0x000000073ba00000| Untracked |  0
| 446|0x000000073bc00000, 0x000000073bc00000, 0x000000073be00000|  0%| F|  |TAMS 0x000000073bc00000| PB 0x000000073bc00000| Untracked |  0
| 447|0x000000073be00000, 0x000000073be00000, 0x000000073c000000|  0%| F|  |TAMS 0x000000073be00000| PB 0x000000073be00000| Untracked |  0
| 448|0x000000073c000000, 0x000000073c000000, 0x000000073c200000|  0%| F|  |TAMS 0x000000073c000000| PB 0x000000073c000000| Untracked |  0
| 449|0x000000073c200000, 0x000000073c200000, 0x000000073c400000|  0%| F|  |TAMS 0x000000073c200000| PB 0x000000073c200000| Untracked |  0
| 450|0x000000073c400000, 0x000000073c400000, 0x000000073c600000|  0%| F|  |TAMS 0x000000073c400000| PB 0x000000073c400000| Untracked |  0
| 451|0x000000073c600000, 0x000000073c600000, 0x000000073c800000|  0%| F|  |TAMS 0x000000073c600000| PB 0x000000073c600000| Untracked |  0
| 452|0x000000073c800000, 0x000000073c800000, 0x000000073ca00000|  0%| F|  |TAMS 0x000000073c800000| PB 0x000000073c800000| Untracked |  0
| 453|0x000000073ca00000, 0x000000073ca00000, 0x000000073cc00000|  0%| F|  |TAMS 0x000000073ca00000| PB 0x000000073ca00000| Untracked |  0
| 454|0x000000073cc00000, 0x000000073cc00000, 0x000000073ce00000|  0%| F|  |TAMS 0x000000073cc00000| PB 0x000000073cc00000| Untracked |  0
| 455|0x000000073ce00000, 0x000000073ce00000, 0x000000073d000000|  0%| F|  |TAMS 0x000000073ce00000| PB 0x000000073ce00000| Untracked |  0
| 456|0x000000073d000000, 0x000000073d000000, 0x000000073d200000|  0%| F|  |TAMS 0x000000073d000000| PB 0x000000073d000000| Untracked |  0
| 457|0x000000073d200000, 0x000000073d200000, 0x000000073d400000|  0%| F|  |TAMS 0x000000073d200000| PB 0x000000073d200000| Untracked |  0
| 458|0x000000073d400000, 0x000000073d400000, 0x000000073d600000|  0%| F|  |TAMS 0x000000073d400000| PB 0x000000073d400000| Untracked |  0
| 459|0x000000073d600000, 0x000000073d600000, 0x000000073d800000|  0%| F|  |TAMS 0x000000073d600000| PB 0x000000073d600000| Untracked |  0
| 460|0x000000073d800000, 0x000000073d800000, 0x000000073da00000|  0%| F|  |TAMS 0x000000073d800000| PB 0x000000073d800000| Untracked |  0
| 461|0x000000073da00000, 0x000000073da00000, 0x000000073dc00000|  0%| F|  |TAMS 0x000000073da00000| PB 0x000000073da00000| Untracked |  0
| 462|0x000000073dc00000, 0x000000073dc00000, 0x000000073de00000|  0%| F|  |TAMS 0x000000073dc00000| PB 0x000000073dc00000| Untracked |  0
| 463|0x000000073de00000, 0x000000073de00000, 0x000000073e000000|  0%| F|  |TAMS 0x000000073de00000| PB 0x000000073de00000| Untracked |  0
| 464|0x000000073e000000, 0x000000073e000000, 0x000000073e200000|  0%| F|  |TAMS 0x000000073e000000| PB 0x000000073e000000| Untracked |  0
| 465|0x000000073e200000, 0x000000073e200000, 0x000000073e400000|  0%| F|  |TAMS 0x000000073e200000| PB 0x000000073e200000| Untracked |  0
| 466|0x000000073e400000, 0x000000073e400000, 0x000000073e600000|  0%| F|  |TAMS 0x000000073e400000| PB 0x000000073e400000| Untracked |  0
| 467|0x000000073e600000, 0x000000073e600000, 0x000000073e800000|  0%| F|  |TAMS 0x000000073e600000| PB 0x000000073e600000| Untracked |  0
| 468|0x000000073e800000, 0x000000073e800000, 0x000000073ea00000|  0%| F|  |TAMS 0x000000073e800000| PB 0x000000073e800000| Untracked |  0
| 469|0x000000073ea00000, 0x000000073ea00000, 0x000000073ec00000|  0%| F|  |TAMS 0x000000073ea00000| PB 0x000000073ea00000| Untracked |  0
| 470|0x000000073ec00000, 0x000000073ec00000, 0x000000073ee00000|  0%| F|  |TAMS 0x000000073ec00000| PB 0x000000073ec00000| Untracked |  0
| 471|0x000000073ee00000, 0x000000073ee00000, 0x000000073f000000|  0%| F|  |TAMS 0x000000073ee00000| PB 0x000000073ee00000| Untracked |  0
| 472|0x000000073f000000, 0x000000073f000000, 0x000000073f200000|  0%| F|  |TAMS 0x000000073f000000| PB 0x000000073f000000| Untracked |  0
| 473|0x000000073f200000, 0x000000073f200000, 0x000000073f400000|  0%| F|  |TAMS 0x000000073f200000| PB 0x000000073f200000| Untracked |  0
| 474|0x000000073f400000, 0x000000073f400000, 0x000000073f600000|  0%| F|  |TAMS 0x000000073f400000| PB 0x000000073f400000| Untracked |  0
| 475|0x000000073f600000, 0x000000073f600000, 0x000000073f800000|  0%| F|  |TAMS 0x000000073f600000| PB 0x000000073f600000| Untracked |  0
| 476|0x000000073f800000, 0x000000073f800000, 0x000000073fa00000|  0%| F|  |TAMS 0x000000073f800000| PB 0x000000073f800000| Untracked |  0
| 477|0x000000073fa00000, 0x000000073fa00000, 0x000000073fc00000|  0%| F|  |TAMS 0x000000073fa00000| PB 0x000000073fa00000| Untracked |  0
| 478|0x000000073fc00000, 0x000000073fc00000, 0x000000073fe00000|  0%| F|  |TAMS 0x000000073fc00000| PB 0x000000073fc00000| Untracked |  0
| 479|0x000000073fe00000, 0x000000073fe00000, 0x0000000740000000|  0%| F|  |TAMS 0x000000073fe00000| PB 0x000000073fe00000| Untracked |  0
| 480|0x0000000740000000, 0x0000000740000000, 0x0000000740200000|  0%| F|  |TAMS 0x0000000740000000| PB 0x0000000740000000| Untracked |  0
| 481|0x0000000740200000, 0x0000000740200000, 0x0000000740400000|  0%| F|  |TAMS 0x0000000740200000| PB 0x0000000740200000| Untracked |  0
| 482|0x0000000740400000, 0x0000000740400000, 0x0000000740600000|  0%| F|  |TAMS 0x0000000740400000| PB 0x0000000740400000| Untracked |  0
| 483|0x0000000740600000, 0x0000000740600000, 0x0000000740800000|  0%| F|  |TAMS 0x0000000740600000| PB 0x0000000740600000| Untracked |  0
| 484|0x0000000740800000, 0x0000000740800000, 0x0000000740a00000|  0%| F|  |TAMS 0x0000000740800000| PB 0x0000000740800000| Untracked |  0
| 485|0x0000000740a00000, 0x0000000740a00000, 0x0000000740c00000|  0%| F|  |TAMS 0x0000000740a00000| PB 0x0000000740a00000| Untracked |  0
| 486|0x0000000740c00000, 0x0000000740c00000, 0x0000000740e00000|  0%| F|  |TAMS 0x0000000740c00000| PB 0x0000000740c00000| Untracked |  0
| 487|0x0000000740e00000, 0x0000000740e00000, 0x0000000741000000|  0%| F|  |TAMS 0x0000000740e00000| PB 0x0000000740e00000| Untracked |  0
| 488|0x0000000741000000, 0x0000000741000000, 0x0000000741200000|  0%| F|  |TAMS 0x0000000741000000| PB 0x0000000741000000| Untracked |  0
| 489|0x0000000741200000, 0x0000000741200000, 0x0000000741400000|  0%| F|  |TAMS 0x0000000741200000| PB 0x0000000741200000| Untracked |  0
| 490|0x0000000741400000, 0x0000000741400000, 0x0000000741600000|  0%| F|  |TAMS 0x0000000741400000| PB 0x0000000741400000| Untracked |  0
| 491|0x0000000741600000, 0x0000000741600000, 0x0000000741800000|  0%| F|  |TAMS 0x0000000741600000| PB 0x0000000741600000| Untracked |  0
| 492|0x0000000741800000, 0x0000000741800000, 0x0000000741a00000|  0%| F|  |TAMS 0x0000000741800000| PB 0x0000000741800000| Untracked |  0
| 493|0x0000000741a00000, 0x0000000741a00000, 0x0000000741c00000|  0%| F|  |TAMS 0x0000000741a00000| PB 0x0000000741a00000| Untracked |  0
| 494|0x0000000741c00000, 0x0000000741c00000, 0x0000000741e00000|  0%| F|  |TAMS 0x0000000741c00000| PB 0x0000000741c00000| Untracked |  0
| 495|0x0000000741e00000, 0x0000000741e00000, 0x0000000742000000|  0%| F|  |TAMS 0x0000000741e00000| PB 0x0000000741e00000| Untracked |  0
| 496|0x0000000742000000, 0x0000000742000000, 0x0000000742200000|  0%| F|  |TAMS 0x0000000742000000| PB 0x0000000742000000| Untracked |  0
| 497|0x0000000742200000, 0x0000000742200000, 0x0000000742400000|  0%| F|  |TAMS 0x0000000742200000| PB 0x0000000742200000| Untracked |  0
| 498|0x0000000742400000, 0x0000000742400000, 0x0000000742600000|  0%| F|  |TAMS 0x0000000742400000| PB 0x0000000742400000| Untracked |  0
| 499|0x0000000742600000, 0x0000000742600000, 0x0000000742800000|  0%| F|  |TAMS 0x0000000742600000| PB 0x0000000742600000| Untracked |  0
| 500|0x0000000742800000, 0x0000000742800000, 0x0000000742a00000|  0%| F|  |TAMS 0x0000000742800000| PB 0x0000000742800000| Untracked |  0
| 501|0x0000000742a00000, 0x0000000742a00000, 0x0000000742c00000|  0%| F|  |TAMS 0x0000000742a00000| PB 0x0000000742a00000| Untracked |  0
| 502|0x0000000742c00000, 0x0000000742c00000, 0x0000000742e00000|  0%| F|  |TAMS 0x0000000742c00000| PB 0x0000000742c00000| Untracked |  0
| 503|0x0000000742e00000, 0x0000000742e00000, 0x0000000743000000|  0%| F|  |TAMS 0x0000000742e00000| PB 0x0000000742e00000| Untracked |  0
| 504|0x0000000743000000, 0x0000000743000000, 0x0000000743200000|  0%| F|  |TAMS 0x0000000743000000| PB 0x0000000743000000| Untracked |  0
| 505|0x0000000743200000, 0x0000000743200000, 0x0000000743400000|  0%| F|  |TAMS 0x0000000743200000| PB 0x0000000743200000| Untracked |  0
| 506|0x0000000743400000, 0x0000000743400000, 0x0000000743600000|  0%| F|  |TAMS 0x0000000743400000| PB 0x0000000743400000| Untracked |  0
| 507|0x0000000743600000, 0x0000000743600000, 0x0000000743800000|  0%| F|  |TAMS 0x0000000743600000| PB 0x0000000743600000| Untracked |  0
| 508|0x0000000743800000, 0x0000000743800000, 0x0000000743a00000|  0%| F|  |TAMS 0x0000000743800000| PB 0x0000000743800000| Untracked |  0
| 509|0x0000000743a00000, 0x0000000743a00000, 0x0000000743c00000|  0%| F|  |TAMS 0x0000000743a00000| PB 0x0000000743a00000| Untracked |  0
| 510|0x0000000743c00000, 0x0000000743c00000, 0x0000000743e00000|  0%| F|  |TAMS 0x0000000743c00000| PB 0x0000000743c00000| Untracked |  0
| 511|0x0000000743e00000, 0x0000000743e00000, 0x0000000744000000|  0%| F|  |TAMS 0x0000000743e00000| PB 0x0000000743e00000| Untracked |  0
| 512|0x0000000744000000, 0x0000000744000000, 0x0000000744200000|  0%| F|  |TAMS 0x0000000744000000| PB 0x0000000744000000| Untracked |  0
| 513|0x0000000744200000, 0x0000000744200000, 0x0000000744400000|  0%| F|  |TAMS 0x0000000744200000| PB 0x0000000744200000| Untracked |  0
| 514|0x0000000744400000, 0x0000000744400000, 0x0000000744600000|  0%| F|  |TAMS 0x0000000744400000| PB 0x0000000744400000| Untracked |  0
| 515|0x0000000744600000, 0x0000000744600000, 0x0000000744800000|  0%| F|  |TAMS 0x0000000744600000| PB 0x0000000744600000| Untracked |  0
| 516|0x0000000744800000, 0x0000000744800000, 0x0000000744a00000|  0%| F|  |TAMS 0x0000000744800000| PB 0x0000000744800000| Untracked |  0
| 517|0x0000000744a00000, 0x0000000744a00000, 0x0000000744c00000|  0%| F|  |TAMS 0x0000000744a00000| PB 0x0000000744a00000| Untracked |  0
| 518|0x0000000744c00000, 0x0000000744c00000, 0x0000000744e00000|  0%| F|  |TAMS 0x0000000744c00000| PB 0x0000000744c00000| Untracked |  0
| 519|0x0000000744e00000, 0x0000000744e00000, 0x0000000745000000|  0%| F|  |TAMS 0x0000000744e00000| PB 0x0000000744e00000| Untracked |  0
| 520|0x0000000745000000, 0x0000000745000000, 0x0000000745200000|  0%| F|  |TAMS 0x0000000745000000| PB 0x0000000745000000| Untracked |  0
| 521|0x0000000745200000, 0x0000000745200000, 0x0000000745400000|  0%| F|  |TAMS 0x0000000745200000| PB 0x0000000745200000| Untracked |  0
| 522|0x0000000745400000, 0x0000000745400000, 0x0000000745600000|  0%| F|  |TAMS 0x0000000745400000| PB 0x0000000745400000| Untracked |  0
| 523|0x0000000745600000, 0x0000000745600000, 0x0000000745800000|  0%| F|  |TAMS 0x0000000745600000| PB 0x0000000745600000| Untracked |  0
| 524|0x0000000745800000, 0x0000000745800000, 0x0000000745a00000|  0%| F|  |TAMS 0x0000000745800000| PB 0x0000000745800000| Untracked |  0
| 525|0x0000000745a00000, 0x0000000745a00000, 0x0000000745c00000|  0%| F|  |TAMS 0x0000000745a00000| PB 0x0000000745a00000| Untracked |  0
| 526|0x0000000745c00000, 0x0000000745c00000, 0x0000000745e00000|  0%| F|  |TAMS 0x0000000745c00000| PB 0x0000000745c00000| Untracked |  0
| 527|0x0000000745e00000, 0x0000000745e00000, 0x0000000746000000|  0%| F|  |TAMS 0x0000000745e00000| PB 0x0000000745e00000| Untracked |  0
| 528|0x0000000746000000, 0x0000000746000000, 0x0000000746200000|  0%| F|  |TAMS 0x0000000746000000| PB 0x0000000746000000| Untracked |  0
| 529|0x0000000746200000, 0x0000000746200000, 0x0000000746400000|  0%| F|  |TAMS 0x0000000746200000| PB 0x0000000746200000| Untracked |  0
| 530|0x0000000746400000, 0x0000000746400000, 0x0000000746600000|  0%| F|  |TAMS 0x0000000746400000| PB 0x0000000746400000| Untracked |  0
| 531|0x0000000746600000, 0x0000000746600000, 0x0000000746800000|  0%| F|  |TAMS 0x0000000746600000| PB 0x0000000746600000| Untracked |  0
| 532|0x0000000746800000, 0x0000000746800000, 0x0000000746a00000|  0%| F|  |TAMS 0x0000000746800000| PB 0x0000000746800000| Untracked |  0
| 533|0x0000000746a00000, 0x0000000746a00000, 0x0000000746c00000|  0%| F|  |TAMS 0x0000000746a00000| PB 0x0000000746a00000| Untracked |  0
| 534|0x0000000746c00000, 0x0000000746c00000, 0x0000000746e00000|  0%| F|  |TAMS 0x0000000746c00000| PB 0x0000000746c00000| Untracked |  0
| 535|0x0000000746e00000, 0x0000000746e00000, 0x0000000747000000|  0%| F|  |TAMS 0x0000000746e00000| PB 0x0000000746e00000| Untracked |  0
| 536|0x0000000747000000, 0x0000000747000000, 0x0000000747200000|  0%| F|  |TAMS 0x0000000747000000| PB 0x0000000747000000| Untracked |  0
| 537|0x0000000747200000, 0x0000000747200000, 0x0000000747400000|  0%| F|  |TAMS 0x0000000747200000| PB 0x0000000747200000| Untracked |  0
| 538|0x0000000747400000, 0x0000000747400000, 0x0000000747600000|  0%| F|  |TAMS 0x0000000747400000| PB 0x0000000747400000| Untracked |  0
| 539|0x0000000747600000, 0x0000000747600000, 0x0000000747800000|  0%| F|  |TAMS 0x0000000747600000| PB 0x0000000747600000| Untracked |  0
| 540|0x0000000747800000, 0x0000000747800000, 0x0000000747a00000|  0%| F|  |TAMS 0x0000000747800000| PB 0x0000000747800000| Untracked |  0
| 541|0x0000000747a00000, 0x0000000747a00000, 0x0000000747c00000|  0%| F|  |TAMS 0x0000000747a00000| PB 0x0000000747a00000| Untracked |  0
| 542|0x0000000747c00000, 0x0000000747c00000, 0x0000000747e00000|  0%| F|  |TAMS 0x0000000747c00000| PB 0x0000000747c00000| Untracked |  0
| 543|0x0000000747e00000, 0x0000000747e00000, 0x0000000748000000|  0%| F|  |TAMS 0x0000000747e00000| PB 0x0000000747e00000| Untracked |  0
| 544|0x0000000748000000, 0x0000000748000000, 0x0000000748200000|  0%| F|  |TAMS 0x0000000748000000| PB 0x0000000748000000| Untracked |  0
| 545|0x0000000748200000, 0x0000000748200000, 0x0000000748400000|  0%| F|  |TAMS 0x0000000748200000| PB 0x0000000748200000| Untracked |  0
| 546|0x0000000748400000, 0x0000000748400000, 0x0000000748600000|  0%| F|  |TAMS 0x0000000748400000| PB 0x0000000748400000| Untracked |  0
| 547|0x0000000748600000, 0x0000000748600000, 0x0000000748800000|  0%| F|  |TAMS 0x0000000748600000| PB 0x0000000748600000| Untracked |  0
| 548|0x0000000748800000, 0x0000000748800000, 0x0000000748a00000|  0%| F|  |TAMS 0x0000000748800000| PB 0x0000000748800000| Untracked |  0
| 549|0x0000000748a00000, 0x0000000748a00000, 0x0000000748c00000|  0%| F|  |TAMS 0x0000000748a00000| PB 0x0000000748a00000| Untracked |  0
| 550|0x0000000748c00000, 0x0000000748c00000, 0x0000000748e00000|  0%| F|  |TAMS 0x0000000748c00000| PB 0x0000000748c00000| Untracked |  0
| 551|0x0000000748e00000, 0x0000000748e00000, 0x0000000749000000|  0%| F|  |TAMS 0x0000000748e00000| PB 0x0000000748e00000| Untracked |  0
| 552|0x0000000749000000, 0x0000000749000000, 0x0000000749200000|  0%| F|  |TAMS 0x0000000749000000| PB 0x0000000749000000| Untracked |  0
| 553|0x0000000749200000, 0x0000000749200000, 0x0000000749400000|  0%| F|  |TAMS 0x0000000749200000| PB 0x0000000749200000| Untracked |  0
| 554|0x0000000749400000, 0x0000000749400000, 0x0000000749600000|  0%| F|  |TAMS 0x0000000749400000| PB 0x0000000749400000| Untracked |  0
| 555|0x0000000749600000, 0x0000000749600000, 0x0000000749800000|  0%| F|  |TAMS 0x0000000749600000| PB 0x0000000749600000| Untracked |  0
| 556|0x0000000749800000, 0x0000000749800000, 0x0000000749a00000|  0%| F|  |TAMS 0x0000000749800000| PB 0x0000000749800000| Untracked |  0
| 557|0x0000000749a00000, 0x0000000749a00000, 0x0000000749c00000|  0%| F|  |TAMS 0x0000000749a00000| PB 0x0000000749a00000| Untracked |  0
| 558|0x0000000749c00000, 0x0000000749c00000, 0x0000000749e00000|  0%| F|  |TAMS 0x0000000749c00000| PB 0x0000000749c00000| Untracked |  0
| 559|0x0000000749e00000, 0x0000000749e00000, 0x000000074a000000|  0%| F|  |TAMS 0x0000000749e00000| PB 0x0000000749e00000| Untracked |  0
| 560|0x000000074a000000, 0x000000074a000000, 0x000000074a200000|  0%| F|  |TAMS 0x000000074a000000| PB 0x000000074a000000| Untracked |  0
| 561|0x000000074a200000, 0x000000074a200000, 0x000000074a400000|  0%| F|  |TAMS 0x000000074a200000| PB 0x000000074a200000| Untracked |  0
| 562|0x000000074a400000, 0x000000074a400000, 0x000000074a600000|  0%| F|  |TAMS 0x000000074a400000| PB 0x000000074a400000| Untracked |  0
| 563|0x000000074a600000, 0x000000074a600000, 0x000000074a800000|  0%| F|  |TAMS 0x000000074a600000| PB 0x000000074a600000| Untracked |  0
| 564|0x000000074a800000, 0x000000074a800000, 0x000000074aa00000|  0%| F|  |TAMS 0x000000074a800000| PB 0x000000074a800000| Untracked |  0
| 565|0x000000074aa00000, 0x000000074aa00000, 0x000000074ac00000|  0%| F|  |TAMS 0x000000074aa00000| PB 0x000000074aa00000| Untracked |  0
| 566|0x000000074ac00000, 0x000000074ac00000, 0x000000074ae00000|  0%| F|  |TAMS 0x000000074ac00000| PB 0x000000074ac00000| Untracked |  0
| 567|0x000000074ae00000, 0x000000074ae00000, 0x000000074b000000|  0%| F|  |TAMS 0x000000074ae00000| PB 0x000000074ae00000| Untracked |  0
| 568|0x000000074b000000, 0x000000074b000000, 0x000000074b200000|  0%| F|  |TAMS 0x000000074b000000| PB 0x000000074b000000| Untracked |  0
| 569|0x000000074b200000, 0x000000074b200000, 0x000000074b400000|  0%| F|  |TAMS 0x000000074b200000| PB 0x000000074b200000| Untracked |  0
| 570|0x000000074b400000, 0x000000074b400000, 0x000000074b600000|  0%| F|  |TAMS 0x000000074b400000| PB 0x000000074b400000| Untracked |  0
| 571|0x000000074b600000, 0x000000074b600000, 0x000000074b800000|  0%| F|  |TAMS 0x000000074b600000| PB 0x000000074b600000| Untracked |  0
| 572|0x000000074b800000, 0x000000074b800000, 0x000000074ba00000|  0%| F|  |TAMS 0x000000074b800000| PB 0x000000074b800000| Untracked |  0
| 573|0x000000074ba00000, 0x000000074ba00000, 0x000000074bc00000|  0%| F|  |TAMS 0x000000074ba00000| PB 0x000000074ba00000| Untracked |  0
| 574|0x000000074bc00000, 0x000000074bc00000, 0x000000074be00000|  0%| F|  |TAMS 0x000000074bc00000| PB 0x000000074bc00000| Untracked |  0
| 575|0x000000074be00000, 0x000000074be00000, 0x000000074c000000|  0%| F|  |TAMS 0x000000074be00000| PB 0x000000074be00000| Untracked |  0
| 576|0x000000074c000000, 0x000000074c000000, 0x000000074c200000|  0%| F|  |TAMS 0x000000074c000000| PB 0x000000074c000000| Untracked |  0
|1996|0x00000007fd800000, 0x00000007fda00000, 0x00000007fda00000|100%| O|  |TAMS 0x00000007fda00000| PB 0x00000007fd800000| Untracked |  0
|1997|0x00000007fda00000, 0x00000007fda00000, 0x00000007fdc00000|  0%| F|  |TAMS 0x00000007fda00000| PB 0x00000007fda00000| Untracked |  0
|1998|0x00000007fdc00000, 0x00000007fdc00000, 0x00000007fde00000|  0%| F|  |TAMS 0x00000007fdc00000| PB 0x00000007fdc00000| Untracked |  0
|1999|0x00000007fde00000, 0x00000007fde00000, 0x00000007fe000000|  0%| F|  |TAMS 0x00000007fde00000| PB 0x00000007fde00000| Untracked |  0
|2000|0x00000007fe000000, 0x00000007fe000000, 0x00000007fe200000|  0%| F|  |TAMS 0x00000007fe000000| PB 0x00000007fe000000| Untracked |  0
|2001|0x00000007fe200000, 0x00000007fe200000, 0x00000007fe400000|  0%| F|  |TAMS 0x00000007fe200000| PB 0x00000007fe200000| Untracked |  0
|2002|0x00000007fe400000, 0x00000007fe400000, 0x00000007fe600000|  0%| F|  |TAMS 0x00000007fe400000| PB 0x00000007fe400000| Untracked |  0
|2003|0x00000007fe600000, 0x00000007fe600000, 0x00000007fe800000|  0%| F|  |TAMS 0x00000007fe600000| PB 0x00000007fe600000| Untracked |  0
|2004|0x00000007fe800000, 0x00000007fe800000, 0x00000007fea00000|  0%| F|  |TAMS 0x00000007fe800000| PB 0x00000007fe800000| Untracked |  0
|2005|0x00000007fea00000, 0x00000007fea00000, 0x00000007fec00000|  0%| F|  |TAMS 0x00000007fea00000| PB 0x00000007fea00000| Untracked |  0
|2006|0x00000007fec00000, 0x00000007fec00000, 0x00000007fee00000|  0%| F|  |TAMS 0x00000007fec00000| PB 0x00000007fec00000| Untracked |  0
|2007|0x00000007fee00000, 0x00000007ff000000, 0x00000007ff000000|100%| S|CS|TAMS 0x00000007fee00000| PB 0x00000007fee00000| Complete |  0
|2008|0x00000007ff000000, 0x00000007ff200000, 0x00000007ff200000|100%| O|  |TAMS 0x00000007ff200000| PB 0x00000007ff000000| Untracked |  0
|2009|0x00000007ff200000, 0x00000007ff400000, 0x00000007ff400000|100%| O|  |TAMS 0x00000007ff400000| PB 0x00000007ff200000| Untracked |  0
|2010|0x00000007ff400000, 0x00000007ff600000, 0x00000007ff600000|100%| O|  |TAMS 0x00000007ff600000| PB 0x00000007ff400000| Untracked |  0
|2011|0x00000007ff600000, 0x00000007ff800000, 0x00000007ff800000|100%| O|  |TAMS 0x00000007ff800000| PB 0x00000007ff600000| Untracked |  0
|2012|0x00000007ff800000, 0x00000007ffa00000, 0x00000007ffa00000|100%| O|  |TAMS 0x00000007ffa00000| PB 0x00000007ff800000| Untracked |  0
|2013|0x00000007ffa00000, 0x00000007ffc00000, 0x00000007ffc00000|100%| S|CS|TAMS 0x00000007ffa00000| PB 0x00000007ffa00000| Complete |  0
|2014|0x00000007ffc00000, 0x00000007ffc00000, 0x00000007ffe00000|  0%| F|  |TAMS 0x00000007ffc00000| PB 0x00000007ffc00000| Untracked |  0
|2015|0x00000007ffe00000, 0x00000007ffe00000, 0x0000000800000000|  0%| F|  |TAMS 0x00000007ffe00000| PB 0x00000007ffe00000| Untracked |  0

Card table byte_map: [0x000001756ba30000,0x000001756c210000] _byte_map_base: 0x0000017568210000

Marking Bits: (CMBitMap*) 0x000001755f874d20
 Bits: [0x000001756c210000, 0x0000017570110000)

Polling page: 0x000001755d3d0000

Metaspace:

Usage:
  Non-class:     77.84 MB used.
      Class:     13.88 MB used.
       Both:     91.72 MB used.

Virtual space:
  Non-class space:      128.00 MB reserved,      78.56 MB ( 61%) committed,  2 nodes.
      Class space:        1.00 GB reserved,      14.38 MB (  1%) committed,  1 nodes.
             Both:        1.12 GB reserved,      92.94 MB (  8%) committed. 

Chunk freelists:
   Non-Class:  1.56 MB
       Class:  1.75 MB
        Both:  3.31 MB

MaxMetaspaceSize: unlimited
CompressedClassSpaceSize: 1.00 GB
Initial GC threshold: 21.00 MB
Current GC threshold: 154.94 MB
CDS: on
 - commit_granule_bytes: 65536.
 - commit_granule_words: 8192.
 - virtual_space_node_default_size: 8388608.
 - enlarge_chunks_in_place: 1.
 - use_allocation_guard: 0.


Internal statistics:

num_allocs_failed_limit: 9.
num_arena_births: 1552.
num_arena_deaths: 526.
num_vsnodes_births: 3.
num_vsnodes_deaths: 0.
num_space_committed: 1487.
num_space_uncommitted: 0.
num_chunks_returned_to_freelist: 593.
num_chunks_taken_from_freelist: 5083.
num_chunk_merges: 162.
num_chunk_splits: 3616.
num_chunks_enlarged: 2873.
num_inconsistent_stats: 0.

CodeCache: size=49152Kb used=8582Kb max_used=16065Kb free=40569Kb
 bounds [0x0000017567f20000, 0x0000017568ee0000, 0x000001756af20000]
 total_blobs=5874, nmethods=5099, adapters=698, full_count=0
Compilation: enabled, stopped_count=0, restarted_count=0

Compilation events (20 events):
Event: 113.579 Thread 0x0000017545028b00 12588       1       javax.management.openmbean.TabularDataSupport::internalCalculateIndex (17 bytes)
Event: 113.579 Thread 0x00000175459905a0 12587       1       javax.management.openmbean.TabularDataSupport::checkValueType (62 bytes)
Event: 113.580 Thread 0x0000017545028b00 nmethod 12588 0x0000017568103688 code [0x00000175681037c0, 0x0000017568103a60]
Event: 113.580 Thread 0x0000017545028b00 12590       1       java.util.TreeMap$KeySpliterator::characteristics (21 bytes)
Event: 113.580 Thread 0x0000017545028b00 nmethod 12590 0x0000017568052e88 code [0x0000017568052fa0, 0x0000017568053080]
Event: 113.580 Thread 0x00000175459905a0 nmethod 12587 0x000001756803da88 code [0x000001756803dc40, 0x000001756803e0c0]
Event: 113.716 Thread 0x00000175459905a0 12591       1       org.hibernate.engine.internal.StatefulPersistenceContext::clear (204 bytes)
Event: 113.717 Thread 0x00000175459905a0 nmethod 12591 0x0000017568085c08 code [0x0000017568085e40, 0x00000175680869a0]
Event: 113.728 Thread 0x00000175459905a0 12592 %     1       org.hibernate.engine.internal.StatefulPersistenceContext::clear @ 20 (204 bytes)
Event: 113.729 Thread 0x00000175459905a0 nmethod 12592% 0x0000017568061108 code [0x0000017568061360, 0x0000017568061f80]
Event: 113.734 Thread 0x00000175459905a0 12593       1       org.hibernate.engine.internal.EntityEntryContext::clearAllReferencesFromManagedEntities (40 bytes)
Event: 113.735 Thread 0x00000175459905a0 nmethod 12593 0x000001756814a708 code [0x000001756814a880, 0x000001756814ad20]
Event: 113.747 Thread 0x00000175459905a0 12594 %     1       org.hibernate.engine.internal.EntityEntryContext::clearAllReferencesFromManagedEntities @ 5 (40 bytes)
Event: 113.747 Thread 0x00000175459905a0 nmethod 12594% 0x0000017568127c88 code [0x0000017568127e00, 0x00000175681282f8]
Event: 113.752 Thread 0x00000175459905a0 12595 %     1       java.util.IdentityHashMap::clear @ 17 (39 bytes)
Event: 113.752 Thread 0x00000175459905a0 nmethod 12595% 0x0000017568053488 code [0x00000175680535a0, 0x0000017568053778]
Event: 113.753 Thread 0x00000175459905a0 12596       1       io.micrometer.core.instrument.Clock$1::monotonicTime (4 bytes)
Event: 113.753 Thread 0x00000175459905a0 nmethod 12596 0x0000017568054388 code [0x00000175680544a0, 0x0000017568054578]
Event: 113.754 Thread 0x0000017545028b00 12597       1       org.springframework.security.web.ObservationFilterChainDecorator$AroundFilterObservation$SimpleAroundFilterObservation::after (8 bytes)
Event: 113.754 Thread 0x0000017545028b00 nmethod 12597 0x0000017568055408 code [0x0000017568055520, 0x00000175680555f8]

GC Heap History (20 events):
Event: 111.451 GC heap after
{Heap after GC invocations=39 (full 0):
 garbage-first heap   total reserved 4128768K, committed 364544K, used 228633K [0x0000000704000000, 0x0000000800000000)
  region size 2048K, 5 young (10240K), 5 survivors (10240K)
 Metaspace       used 93808K, committed 95168K, reserved 1179648K
  class space    used 14182K, committed 14720K, reserved 1048576K
}
Event: 111.629 GC heap before
{Heap before GC invocations=39 (full 0):
 garbage-first heap   total reserved 4128768K, committed 364544K, used 275737K [0x0000000704000000, 0x0000000800000000)
  region size 2048K, 27 young (55296K), 5 survivors (10240K)
 Metaspace       used 93839K, committed 95168K, reserved 1179648K
  class space    used 14190K, committed 14720K, reserved 1048576K
}
Event: 111.648 GC heap after
{Heap after GC invocations=40 (full 0):
 garbage-first heap   total reserved 4128768K, committed 364544K, used 268288K [0x0000000704000000, 0x0000000800000000)
  region size 2048K, 4 young (8192K), 4 survivors (8192K)
 Metaspace       used 93839K, committed 95168K, reserved 1179648K
  class space    used 14190K, committed 14720K, reserved 1048576K
}
Event: 111.724 GC heap before
{Heap before GC invocations=40 (full 0):
 garbage-first heap   total reserved 4128768K, committed 364544K, used 299008K [0x0000000704000000, 0x0000000800000000)
  region size 2048K, 19 young (38912K), 4 survivors (8192K)
 Metaspace       used 93839K, committed 95168K, reserved 1179648K
  class space    used 14190K, committed 14720K, reserved 1048576K
}
Event: 111.738 GC heap after
{Heap after GC invocations=41 (full 0):
 garbage-first heap   total reserved 4128768K, committed 364544K, used 298690K [0x0000000704000000, 0x0000000800000000)
  region size 2048K, 3 young (6144K), 3 survivors (6144K)
 Metaspace       used 93839K, committed 95168K, reserved 1179648K
  class space    used 14190K, committed 14720K, reserved 1048576K
}
Event: 111.791 GC heap before
{Heap before GC invocations=41 (full 0):
 garbage-first heap   total reserved 4128768K, committed 364544K, used 319170K [0x0000000704000000, 0x0000000800000000)
  region size 2048K, 13 young (26624K), 3 survivors (6144K)
 Metaspace       used 93839K, committed 95168K, reserved 1179648K
  class space    used 14190K, committed 14720K, reserved 1048576K
}
Event: 111.799 GC heap after
{Heap after GC invocations=42 (full 0):
 garbage-first heap   total reserved 4128768K, committed 364544K, used 320784K [0x0000000704000000, 0x0000000800000000)
  region size 2048K, 2 young (4096K), 2 survivors (4096K)
 Metaspace       used 93839K, committed 95168K, reserved 1179648K
  class space    used 14190K, committed 14720K, reserved 1048576K
}
Event: 111.841 GC heap before
{Heap before GC invocations=43 (full 0):
 garbage-first heap   total reserved 4128768K, committed 536576K, used 337168K [0x0000000704000000, 0x0000000800000000)
  region size 2048K, 8 young (16384K), 2 survivors (4096K)
 Metaspace       used 93839K, committed 95168K, reserved 1179648K
  class space    used 14190K, committed 14720K, reserved 1048576K
}
Event: 111.849 GC heap after
{Heap after GC invocations=44 (full 0):
 garbage-first heap   total reserved 4128768K, committed 1073152K, used 337920K [0x0000000704000000, 0x0000000800000000)
  region size 2048K, 1 young (2048K), 1 survivors (2048K)
 Metaspace       used 93839K, committed 95168K, reserved 1179648K
  class space    used 14190K, committed 14720K, reserved 1048576K
}
Event: 112.278 GC heap before
{Heap before GC invocations=44 (full 0):
 garbage-first heap   total reserved 4128768K, committed 1073152K, used 573440K [0x0000000704000000, 0x0000000800000000)
  region size 2048K, 114 young (233472K), 1 survivors (2048K)
 Metaspace       used 93839K, committed 95168K, reserved 1179648K
  class space    used 14190K, committed 14720K, reserved 1048576K
}
Event: 112.355 GC heap after
{Heap after GC invocations=45 (full 0):
 garbage-first heap   total reserved 4128768K, committed 1073152K, used 552960K [0x0000000704000000, 0x0000000800000000)
  region size 2048K, 15 young (30720K), 15 survivors (30720K)
 Metaspace       used 93839K, committed 95168K, reserved 1179648K
  class space    used 14190K, committed 14720K, reserved 1048576K
}
Event: 112.649 GC heap before
{Heap before GC invocations=45 (full 0):
 garbage-first heap   total reserved 4128768K, committed 1073152K, used 733184K [0x0000000704000000, 0x0000000800000000)
  region size 2048K, 97 young (198656K), 15 survivors (30720K)
 Metaspace       used 93860K, committed 95168K, reserved 1179648K
  class space    used 14196K, committed 14720K, reserved 1048576K
}
Event: 112.711 GC heap after
{Heap after GC invocations=46 (full 0):
 garbage-first heap   total reserved 4128768K, committed 1073152K, used 717824K [0x0000000704000000, 0x0000000800000000)
  region size 2048K, 13 young (26624K), 13 survivors (26624K)
 Metaspace       used 93860K, committed 95168K, reserved 1179648K
  class space    used 14196K, committed 14720K, reserved 1048576K
}
Event: 113.185 GC heap before
{Heap before GC invocations=46 (full 0):
 garbage-first heap   total reserved 4128768K, committed 1073152K, used 812032K [0x0000000704000000, 0x0000000800000000)
  region size 2048K, 61 young (124928K), 13 survivors (26624K)
 Metaspace       used 93918K, committed 95168K, reserved 1179648K
  class space    used 14211K, committed 14720K, reserved 1048576K
}
Event: 113.221 GC heap after
{Heap after GC invocations=47 (full 0):
 garbage-first heap   total reserved 4128768K, committed 1073152K, used 764928K [0x0000000704000000, 0x0000000800000000)
  region size 2048K, 9 young (18432K), 9 survivors (18432K)
 Metaspace       used 93918K, committed 95168K, reserved 1179648K
  class space    used 14211K, committed 14720K, reserved 1048576K
}
Event: 113.929 GC heap before
{Heap before GC invocations=48 (full 0):
 garbage-first heap   total reserved 4128768K, committed 1222656K, used 842752K [0x0000000704000000, 0x0000000800000000)
  region size 2048K, 61 young (124928K), 9 survivors (18432K)
 Metaspace       used 93919K, committed 95168K, reserved 1179648K
  class space    used 14211K, committed 14720K, reserved 1048576K
}
Event: 113.972 GC heap after
{Heap after GC invocations=49 (full 0):
 garbage-first heap   total reserved 4128768K, committed 1222656K, used 789504K [0x0000000704000000, 0x0000000800000000)
  region size 2048K, 8 young (16384K), 8 survivors (16384K)
 Metaspace       used 93919K, committed 95168K, reserved 1179648K
  class space    used 14211K, committed 14720K, reserved 1048576K
}
Event: 115.014 GC heap before
{Heap before GC invocations=49 (full 0):
 garbage-first heap   total reserved 4128768K, committed 1222656K, used 965632K [0x0000000704000000, 0x0000000800000000)
  region size 2048K, 87 young (178176K), 8 survivors (16384K)
 Metaspace       used 93919K, committed 95168K, reserved 1179648K
  class space    used 14211K, committed 14720K, reserved 1048576K
}
Event: 115.087 GC heap after
{Heap after GC invocations=50 (full 0):
 garbage-first heap   total reserved 4128768K, committed 1222656K, used 896000K [0x0000000704000000, 0x0000000800000000)
  region size 2048K, 11 young (22528K), 11 survivors (22528K)
 Metaspace       used 93919K, committed 95168K, reserved 1179648K
  class space    used 14211K, committed 14720K, reserved 1048576K
}
Event: 115.108 GC heap before
{Heap before GC invocations=50 (full 0):
 garbage-first heap   total reserved 4128768K, committed 1222656K, used 898048K [0x0000000704000000, 0x0000000800000000)
  region size 2048K, 13 young (26624K), 11 survivors (22528K)
 Metaspace       used 93919K, committed 95168K, reserved 1179648K
  class space    used 14211K, committed 14720K, reserved 1048576K
}

Dll operation events (10 events):
Event: 0.007 Loaded shared library C:\Program Files\Java\jdk-23\bin\java.dll
Event: 0.098 Loaded shared library C:\Program Files\Java\jdk-23\bin\net.dll
Event: 0.099 Loaded shared library C:\Program Files\Java\jdk-23\bin\nio.dll
Event: 0.102 Loaded shared library C:\Program Files\Java\jdk-23\bin\zip.dll
Event: 0.169 Loaded shared library C:\Program Files\Java\jdk-23\bin\verify.dll
Event: 0.178 Loaded shared library C:\Program Files\Java\jdk-23\bin\jimage.dll
Event: 1.143 Loaded shared library C:\Program Files\Java\jdk-23\bin\sunmscapi.dll
Event: 2.377 Loaded shared library C:\Program Files\Java\jdk-23\bin\management.dll
Event: 2.380 Loaded shared library C:\Program Files\Java\jdk-23\bin\management_ext.dll
Event: 3.056 Loaded shared library C:\Program Files\Java\jdk-23\bin\extnet.dll

Deoptimization events (4 events):
Event: 3.997 Thread 0x000001755f803360 DEOPT PACKING pc=0x00000175689c415c sp=0x00000019bf3f9100
Event: 3.997 Thread 0x000001755f803360 DEOPT UNPACKING pc=0x0000017567f784c2 sp=0x00000019bf3f8598 mode 0
Event: 110.750 Thread 0x000001754e343790 DEOPT PACKING pc=0x0000017568206430 sp=0x00000019c1cfa340
Event: 110.750 Thread 0x000001754e343790 DEOPT UNPACKING pc=0x0000017567f784c2 sp=0x00000019c1cf98f0 mode 3

Classes loaded (20 events):
Event: 110.088 Loading class jdk/internal/icu/impl/Trie2$ValueMapper done
Event: 110.088 Loading class jdk/internal/icu/impl/Trie2$1 done
Event: 110.088 Loading class jdk/internal/icu/impl/Trie2$UTrie2Header
Event: 110.088 Loading class jdk/internal/icu/impl/Trie2$UTrie2Header done
Event: 110.381 Loading class java/util/zip/DeflaterOutputStream
Event: 110.381 Loading class java/util/zip/DeflaterOutputStream done
Event: 110.382 Loading class java/util/zip/GZIPInputStream
Event: 110.382 Loading class java/util/zip/GZIPInputStream done
Event: 110.384 Loading class java/util/zip/GZIPOutputStream
Event: 110.384 Loading class java/util/zip/GZIPOutputStream done
Event: 110.683 Loading class java/time/OffsetDateTime$1
Event: 110.683 Loading class java/time/OffsetDateTime$1 done
Event: 110.686 Loading class java/math/BigDecimal$StringBuilderHelper
Event: 110.687 Loading class java/math/BigDecimal$StringBuilderHelper done
Event: 110.715 Loading class java/util/concurrent/locks/ReentrantReadWriteLock$Sync$HoldCounter
Event: 110.715 Loading class java/util/concurrent/locks/ReentrantReadWriteLock$Sync$HoldCounter done
Event: 110.790 Loading class java/time/format/DateTimeParseContext
Event: 110.791 Loading class java/time/format/DateTimeParseContext done
Event: 110.791 Loading class java/time/format/Parsed
Event: 110.791 Loading class java/time/format/Parsed done

Classes unloaded (20 events):
Event: 111.200 Thread 0x00000175725199d0 Unloading class 0x0000017501dd4800 'java/lang/invoke/LambdaForm$MH+0x0000017501dd4800'
Event: 111.200 Thread 0x00000175725199d0 Unloading class 0x0000017501dd4400 'java/lang/invoke/LambdaForm$MH+0x0000017501dd4400'
Event: 111.200 Thread 0x00000175725199d0 Unloading class 0x0000017501dd4000 'java/lang/invoke/LambdaForm$MH+0x0000017501dd4000'
Event: 111.200 Thread 0x00000175725199d0 Unloading class 0x0000017501dc8000 'java/lang/invoke/LambdaForm$DMH+0x0000017501dc8000'
Event: 111.200 Thread 0x00000175725199d0 Unloading class 0x0000017501d20000 'java/lang/invoke/LambdaForm$DMH+0x0000017501d20000'
Event: 111.200 Thread 0x00000175725199d0 Unloading class 0x0000017501d15c00 'java/lang/invoke/LambdaForm$DMH+0x0000017501d15c00'
Event: 111.200 Thread 0x00000175725199d0 Unloading class 0x0000017501cdd800 'java/lang/invoke/LambdaForm$MH+0x0000017501cdd800'
Event: 111.200 Thread 0x00000175725199d0 Unloading class 0x0000017501cdd400 'java/lang/invoke/LambdaForm$BMH+0x0000017501cdd400'
Event: 111.200 Thread 0x00000175725199d0 Unloading class 0x0000017501cdc400 'java/lang/invoke/LambdaForm$MH+0x0000017501cdc400'
Event: 111.200 Thread 0x00000175725199d0 Unloading class 0x0000017501cdc000 'java/lang/invoke/LambdaForm$MH+0x0000017501cdc000'
Event: 111.200 Thread 0x00000175725199d0 Unloading class 0x0000017501ccd800 'java/lang/invoke/LambdaForm$MH+0x0000017501ccd800'
Event: 111.200 Thread 0x00000175725199d0 Unloading class 0x0000017501ccd400 'java/lang/invoke/LambdaForm$MH+0x0000017501ccd400'
Event: 111.200 Thread 0x00000175725199d0 Unloading class 0x0000017501cccc00 'java/lang/invoke/LambdaForm$MH+0x0000017501cccc00'
Event: 111.200 Thread 0x00000175725199d0 Unloading class 0x0000017501ccc400 'java/lang/invoke/LambdaForm$MH+0x0000017501ccc400'
Event: 111.200 Thread 0x00000175725199d0 Unloading class 0x0000017501ccc000 'java/lang/invoke/LambdaForm$MH+0x0000017501ccc000'
Event: 111.200 Thread 0x00000175725199d0 Unloading class 0x0000017501cb0800 'java/lang/invoke/LambdaForm$MH+0x0000017501cb0800'
Event: 111.200 Thread 0x00000175725199d0 Unloading class 0x0000017501cb0400 'java/lang/invoke/LambdaForm$MH+0x0000017501cb0400'
Event: 111.200 Thread 0x00000175725199d0 Unloading class 0x0000017501cb0000 'java/lang/invoke/LambdaForm$MH+0x0000017501cb0000'
Event: 111.200 Thread 0x00000175725199d0 Unloading class 0x0000017501c9c000 'java/lang/invoke/LambdaForm$MH+0x0000017501c9c000'
Event: 111.200 Thread 0x00000175725199d0 Unloading class 0x000001750148a000 'java/lang/invoke/LambdaForm$MH+0x000001750148a000'

Classes redefined (0 events):
No events

Internal exceptions (20 events):
Event: 7.165 Thread 0x000001755f803360 Exception <a 'java/lang/NoSuchMethodError'{0x0000000709b18678}: 'java.lang.Object java.lang.invoke.DirectMethodHandle$Holder.newInvokeSpecial(java.lang.Object, java.lang.Object, int, java.lang.Object, java.lang.Object)'> (0x0000000709b18678) 
thrown [s\open\src\hotspot\share\interpreter\linkResolver.cpp, line 796]
Event: 7.206 Thread 0x000001755f803360 Exception <a 'java/lang/IncompatibleClassChangeError'{0x00000007096c44c8}: Found class java.lang.Object, but interface was expected> (0x00000007096c44c8) 
thrown [s\open\src\hotspot\share\interpreter\linkResolver.cpp, line 863]
Event: 7.284 Thread 0x0000017545163800 Exception <a 'java/lang/NoSuchMethodError'{0x00000007ffc252a8}: 'long java.lang.invoke.DirectMethodHandle$Holder.invokeStatic(java.lang.Object, java.lang.Object, java.lang.Object)'> (0x00000007ffc252a8) 
thrown [s\open\src\hotspot\share\interpreter\linkResolver.cpp, line 796]
Event: 7.347 Thread 0x000001755f803360 Exception <a 'java/lang/NoSuchMethodError'{0x0000000712866c68}: 'void java.lang.invoke.DirectMethodHandle$Holder.invokeSpecialIFC(java.lang.Object, java.lang.Object, int, java.lang.Object, java.lang.Object, java.lang.Object, java.lang.Object)'> (0x0000000712866c68) 
thrown [s\open\src\hotspot\share\interpreter\linkResolver.cpp, line 796]
Event: 7.388 Thread 0x000001755f803360 Exception <a 'java/lang/NoSuchMethodError'{0x00000007126a60a8}: 'java.lang.Object java.lang.invoke.DirectMethodHandle$Holder.newInvokeSpecial(java.lang.Object, java.lang.Object, java.lang.Object, long)'> (0x00000007126a60a8) 
thrown [s\open\src\hotspot\share\interpreter\linkResolver.cpp, line 796]
Event: 7.388 Thread 0x000001755f803360 Exception <a 'java/lang/NoSuchMethodError'{0x00000007126aa1f0}: 'java.lang.Object java.lang.invoke.DirectMethodHandle$Holder.invokeSpecial(java.lang.Object, java.lang.Object, java.lang.Object, java.lang.Object, long)'> (0x00000007126aa1f0) 
thrown [s\open\src\hotspot\share\interpreter\linkResolver.cpp, line 796]
Event: 7.388 Thread 0x000001755f803360 Exception <a 'java/lang/NoSuchMethodError'{0x00000007126adb68}: 'java.lang.Object java.lang.invoke.Invokers$Holder.linkToTargetMethod(java.lang.Object, java.lang.Object, long, java.lang.Object)'> (0x00000007126adb68) 
thrown [s\open\src\hotspot\share\interpreter\linkResolver.cpp, line 796]
Event: 7.492 Thread 0x000001755f803360 Exception <a 'java/lang/NoSuchMethodError'{0x000000070ac516c8}: 'int java.lang.invoke.DirectMethodHandle$Holder.invokeStatic(java.lang.Object, java.lang.Object, int, java.lang.Object)'> (0x000000070ac516c8) 
thrown [s\open\src\hotspot\share\interpreter\linkResolver.cpp, line 796]
Event: 7.514 Thread 0x000001755f803360 Exception <a 'java/lang/IncompatibleClassChangeError'{0x000000070ad3d678}: Found class java.lang.Object, but interface was expected> (0x000000070ad3d678) 
thrown [s\open\src\hotspot\share\interpreter\linkResolver.cpp, line 863]
Event: 109.846 Thread 0x000001754e344b40 Exception <a 'java/lang/NoSuchMethodError'{0x000000070aae00e8}: 'java.lang.Object java.lang.invoke.DirectMethodHandle$Holder.invokeStatic(java.lang.Object, java.lang.Object, java.lang.Object, int, int)'> (0x000000070aae00e8) 
thrown [s\open\src\hotspot\share\interpreter\linkResolver.cpp, line 796]
Event: 109.846 Thread 0x000001754e344b40 Exception <a 'java/lang/NoSuchMethodError'{0x000000070aae38d0}: 'java.lang.Object java.lang.invoke.DirectMethodHandle$Holder.invokeStaticInit(java.lang.Object, java.lang.Object, java.lang.Object, int, int)'> (0x000000070aae38d0) 
thrown [s\open\src\hotspot\share\interpreter\linkResolver.cpp, line 796]
Event: 109.879 Thread 0x00000175485e9060 Exception <a 'java/lang/NoSuchMethodError'{0x000000070a84d818}: 'java.lang.Object java.lang.invoke.DirectMethodHandle$Holder.invokeSpecial(java.lang.Object, java.lang.Object, java.lang.Object, java.lang.Object, java.lang.Object, long)'> (0x000000070a84d818) 
thrown [s\open\src\hotspot\share\interpreter\linkResolver.cpp, line 796]
Event: 109.879 Thread 0x00000175485e9060 Exception <a 'java/lang/NoSuchMethodError'{0x000000070a851000}: 'java.lang.Object java.lang.invoke.Invokers$Holder.linkToTargetMethod(java.lang.Object, java.lang.Object, java.lang.Object, long, java.lang.Object)'> (0x000000070a851000) 
thrown [s\open\src\hotspot\share\interpreter\linkResolver.cpp, line 796]
Event: 109.992 Thread 0x00000175485e96f0 Exception <a 'java/lang/NoSuchMethodError'{0x000000070a4bae48}: method resolution failed> (0x000000070a4bae48) 
thrown [s\open\src\hotspot\share\prims\methodHandles.cpp, line 1145]
Event: 110.496 Thread 0x000001754e342a70 Exception <a 'java/lang/IncompatibleClassChangeError'{0x0000000709536528}: Found class java.lang.Object, but interface was expected> (0x0000000709536528) 
thrown [s\open\src\hotspot\share\interpreter\linkResolver.cpp, line 863]
Event: 110.511 Thread 0x000001754e342a70 Exception <a 'java/lang/IncompatibleClassChangeError'{0x0000000709598df8}: Found class java.lang.Object, but interface was expected> (0x0000000709598df8) 
thrown [s\open\src\hotspot\share\interpreter\linkResolver.cpp, line 863]
Event: 110.520 Thread 0x000001754e342a70 Exception <a 'java/lang/NoSuchMethodError'{0x00000007095f7840}: 'java.lang.Object java.lang.invoke.DirectMethodHandle$Holder.invokeInterface(java.lang.Object, java.lang.Object, java.lang.Object, java.lang.Object, java.lang.Object)'> (0x00000007095f7840) 
thrown [s\open\src\hotspot\share\interpreter\linkResolver.cpp, line 796]
Event: 110.808 Thread 0x00000175485e96f0 Exception <a 'java/lang/NoSuchMethodError'{0x000000070a8f3880}: 'long java.lang.invoke.DirectMethodHandle$Holder.invokeSpecial(java.lang.Object, java.lang.Object, java.lang.Object, long)'> (0x000000070a8f3880) 
thrown [s\open\src\hotspot\share\interpreter\linkResolver.cpp, line 796]
Event: 110.808 Thread 0x00000175485e96f0 Exception <a 'java/lang/NoSuchMethodError'{0x000000070a7af7a0}: 'java.lang.Object java.lang.invoke.Invokers$Holder.linkToTargetMethod(java.lang.Object, long, java.lang.Object)'> (0x000000070a7af7a0) 
thrown [s\open\src\hotspot\share\interpreter\linkResolver.cpp, line 796]
Event: 110.814 Thread 0x00000175485e9060 Exception <a 'java/lang/NoSuchMethodError'{0x000000070a5a9ce8}: 'long java.lang.invoke.DirectMethodHandle$Holder.invokeVirtual(java.lang.Object, java.lang.Object, java.lang.Object)'> (0x000000070a5a9ce8) 
thrown [s\open\src\hotspot\share\interpreter\linkResolver.cpp, line 796]

VM Operations (20 events):
Event: 111.838 Executing VM operation: G1PauseRemark done
Event: 111.841 Executing VM operation: G1CollectForAllocation (G1 Evacuation Pause)
Event: 111.849 Executing VM operation: G1CollectForAllocation (G1 Evacuation Pause) done
Event: 111.886 Executing VM operation: G1PauseCleanup
Event: 111.907 Executing VM operation: G1PauseCleanup done
Event: 112.278 Executing VM operation: G1CollectForAllocation (G1 Evacuation Pause)
Event: 112.355 Executing VM operation: G1CollectForAllocation (G1 Evacuation Pause) done
Event: 112.649 Executing VM operation: G1CollectForAllocation (G1 Evacuation Pause)
Event: 112.711 Executing VM operation: G1CollectForAllocation (G1 Evacuation Pause) done
Event: 113.185 Executing VM operation: G1TryInitiateConcMark (G1 Humongous Allocation)
Event: 113.221 Executing VM operation: G1TryInitiateConcMark (G1 Humongous Allocation) done
Event: 113.457 Executing VM operation: G1PauseRemark
Event: 113.474 Executing VM operation: G1PauseRemark done
Event: 113.576 Executing VM operation: G1PauseCleanup
Event: 113.576 Executing VM operation: G1PauseCleanup done
Event: 113.929 Executing VM operation: G1CollectForAllocation (G1 Evacuation Pause)
Event: 113.972 Executing VM operation: G1CollectForAllocation (G1 Evacuation Pause) done
Event: 115.014 Executing VM operation: G1CollectForAllocation (G1 Evacuation Pause)
Event: 115.088 Executing VM operation: G1CollectForAllocation (G1 Evacuation Pause) done
Event: 115.108 Executing VM operation: G1TryInitiateConcMark (G1 Humongous Allocation)

Memory protections (0 events):
No events

Nmethod flushes (20 events):
Event: 113.472 Thread 0x00000175725199d0 flushing  nmethod 0x0000017568cf2888
Event: 113.472 Thread 0x00000175725199d0 flushing  nmethod 0x0000017568cf4288
Event: 113.472 Thread 0x00000175725199d0 flushing  nmethod 0x0000017568cf4588
Event: 113.472 Thread 0x00000175725199d0 flushing  nmethod 0x0000017568cf4888
Event: 113.472 Thread 0x00000175725199d0 flushing  nmethod 0x0000017568cf4b88
Event: 113.472 Thread 0x00000175725199d0 flushing  nmethod 0x0000017568cf4f88
Event: 113.472 Thread 0x00000175725199d0 flushing  nmethod 0x0000017568cf5288
Event: 113.472 Thread 0x00000175725199d0 flushing  nmethod 0x0000017568cf5588
Event: 113.472 Thread 0x00000175725199d0 flushing  nmethod 0x0000017568cf5908
Event: 113.472 Thread 0x00000175725199d0 flushing  nmethod 0x0000017568cf5c08
Event: 113.472 Thread 0x00000175725199d0 flushing  nmethod 0x0000017568cf7408
Event: 113.472 Thread 0x00000175725199d0 flushing  nmethod 0x0000017568cf8208
Event: 113.472 Thread 0x00000175725199d0 flushing  nmethod 0x0000017568cf8508
Event: 113.472 Thread 0x00000175725199d0 flushing  nmethod 0x0000017568d48588
Event: 113.472 Thread 0x00000175725199d0 flushing  nmethod 0x0000017568d48888
Event: 113.472 Thread 0x00000175725199d0 flushing  nmethod 0x0000017568d48e88
Event: 113.472 Thread 0x00000175725199d0 flushing  nmethod 0x0000017568d4b188
Event: 113.472 Thread 0x00000175725199d0 flushing  nmethod 0x0000017568d4c088
Event: 113.472 Thread 0x00000175725199d0 flushing  nmethod 0x0000017568e81088
Event: 113.472 Thread 0x00000175725199d0 flushing  nmethod 0x0000017568e82e88

Events (20 events):
Event: 7.171 Thread 0x000001755f803360 Thread added: 0x000001754e341d50
Event: 7.171 Thread 0x000001755f803360 Thread added: 0x000001754e343100
Event: 7.171 Thread 0x000001755f803360 Thread added: 0x000001754e340310
Event: 7.171 Thread 0x000001755f803360 Thread added: 0x000001754e3423e0
Event: 7.171 Thread 0x000001755f803360 Thread added: 0x000001754e343e20
Event: 7.180 Thread 0x000001755f803360 Thread added: 0x000001754e3409a0
Event: 7.181 Thread 0x000001755f803360 Thread added: 0x000001754e344b40
Event: 7.195 Thread 0x000001755f803360 Thread added: 0x000001754e3444b0
Event: 7.195 Thread 0x000001755f803360 Thread added: 0x000001754e3416c0
Event: 7.532 Thread 0x000001755f803360 Thread exited: 0x000001755f803360
Event: 7.532 Thread 0x000001754e3451d0 Thread added: 0x000001754e3451d0
Event: 8.736 Thread 0x00000175459905a0 Thread exited: 0x00000175459905a0
Event: 9.396 Thread 0x0000017547a40010 Thread exited: 0x0000017547a40010
Event: 11.933 Thread 0x000001754598f6d0 Thread exited: 0x000001754598f6d0
Event: 23.856 Thread 0x00000175450dce20 Thread exited: 0x00000175450dce20
Event: 110.085 Thread 0x0000017545028b00 Thread added: 0x00000175459905a0
Event: 110.717 Thread 0x00000175459905a0 Thread added: 0x000001754e1567a0
Event: 110.720 Thread 0x0000017545028b00 Thread added: 0x0000017546ae3010
Event: 113.415 Thread 0x0000017546ae3010 Thread exited: 0x0000017546ae3010
Event: 113.475 Thread 0x000001754e1567a0 Thread exited: 0x000001754e1567a0


Dynamic libraries:
0x00007ff60c420000 - 0x00007ff60c430000 	C:\Program Files\Java\jdk-23\bin\java.exe
0x00007ffe76d80000 - 0x00007ffe76fe7000 	C:\WINDOWS\SYSTEM32\ntdll.dll
0x00007ffe75d80000 - 0x00007ffe75e49000 	C:\WINDOWS\System32\KERNEL32.DLL
0x00007ffe73870000 - 0x00007ffe73c61000 	C:\WINDOWS\System32\KERNELBASE.dll
0x00007ffe73d50000 - 0x00007ffe73e9b000 	C:\WINDOWS\System32\ucrtbase.dll
0x00007ffe6a9f0000 - 0x00007ffe6aa0b000 	C:\Program Files\Java\jdk-23\bin\VCRUNTIME140.dll
0x00007ffe6aa80000 - 0x00007ffe6aa97000 	C:\Program Files\Java\jdk-23\bin\jli.dll
0x00007ffe76180000 - 0x00007ffe76345000 	C:\WINDOWS\System32\USER32.dll
0x00007ffe73d20000 - 0x00007ffe73d47000 	C:\WINDOWS\System32\win32u.dll
0x00007ffe55c20000 - 0x00007ffe55eb3000 	C:\WINDOWS\WinSxS\amd64_microsoft.windows.common-controls_6595b64144ccf1df_6.0.26100.8037_none_3e092faae333b53b\COMCTL32.dll
0x00007ffe76150000 - 0x00007ffe7617b000 	C:\WINDOWS\System32\GDI32.dll
0x00007ffe76a90000 - 0x00007ffe76b39000 	C:\WINDOWS\System32\msvcrt.dll
0x00007ffe74880000 - 0x00007ffe749ab000 	C:\WINDOWS\System32\gdi32full.dll
0x00007ffe73c70000 - 0x00007ffe73d13000 	C:\WINDOWS\System32\msvcp_win.dll
0x00007ffe75f80000 - 0x00007ffe75fb1000 	C:\WINDOWS\System32\IMM32.DLL
0x00007ffe6af50000 - 0x00007ffe6af5c000 	C:\Program Files\Java\jdk-23\bin\vcruntime140_1.dll
0x00007ffe3fa80000 - 0x00007ffe3fb0e000 	C:\Program Files\Java\jdk-23\bin\msvcp140.dll
0x00007ffdb6590000 - 0x00007ffdb72df000 	C:\Program Files\Java\jdk-23\bin\server\jvm.dll
0x00007ffe76b40000 - 0x00007ffe76bfb000 	C:\WINDOWS\System32\ADVAPI32.dll
0x00007ffe75b30000 - 0x00007ffe75bd7000 	C:\WINDOWS\System32\sechost.dll
0x00007ffe75820000 - 0x00007ffe75938000 	C:\WINDOWS\System32\RPCRT4.dll
0x00007ffe76c00000 - 0x00007ffe76c74000 	C:\WINDOWS\System32\WS2_32.dll
0x00007ffe68740000 - 0x00007ffe6874b000 	C:\WINDOWS\SYSTEM32\VERSION.dll
0x00007ffe72260000 - 0x00007ffe722be000 	C:\WINDOWS\SYSTEM32\POWRPROF.dll
0x00007ffe65a40000 - 0x00007ffe65a75000 	C:\WINDOWS\SYSTEM32\WINMM.dll
0x00007ffe72240000 - 0x00007ffe72254000 	C:\WINDOWS\SYSTEM32\UMPDC.dll
0x00007ffe72510000 - 0x00007ffe7252b000 	C:\WINDOWS\SYSTEM32\kernel.appcore.dll
0x00007ffe6aea0000 - 0x00007ffe6aeaa000 	C:\Program Files\Java\jdk-23\bin\jimage.dll
0x00007ffe710e0000 - 0x00007ffe71322000 	C:\WINDOWS\SYSTEM32\DBGHELP.DLL
0x00007ffe76700000 - 0x00007ffe76a82000 	C:\WINDOWS\System32\combase.dll
0x00007ffe76350000 - 0x00007ffe76427000 	C:\WINDOWS\System32\OLEAUT32.dll
0x00007ffe61110000 - 0x00007ffe6114b000 	C:\WINDOWS\SYSTEM32\dbgcore.DLL
0x00007ffe749b0000 - 0x00007ffe74a55000 	C:\WINDOWS\System32\bcryptPrimitives.dll
0x00007ffe68200000 - 0x00007ffe6821e000 	C:\Program Files\Java\jdk-23\bin\java.dll
0x00007ffe75be0000 - 0x00007ffe75d75000 	C:\WINDOWS\System32\ole32.dll
0x00007ffe74ba0000 - 0x00007ffe752ff000 	C:\WINDOWS\System32\SHELL32.dll
0x00007ffe73ea0000 - 0x00007ffe7400a000 	C:\WINDOWS\System32\wintypes.dll
0x00007ffe74010000 - 0x00007ffe74874000 	C:\WINDOWS\System32\windows.storage.dll
0x00007ffe75e80000 - 0x00007ffe75f77000 	C:\WINDOWS\System32\SHCORE.dll
0x00007ffe76020000 - 0x00007ffe76087000 	C:\WINDOWS\System32\shlwapi.dll
0x00007ffe73580000 - 0x00007ffe735a9000 	C:\WINDOWS\SYSTEM32\profapi.dll
0x00007ffe6aac0000 - 0x00007ffe6aad0000 	C:\Program Files\Java\jdk-23\bin\net.dll
0x00007ffe72a80000 - 0x00007ffe72aeb000 	C:\WINDOWS\system32\mswsock.dll
0x00007ffe67990000 - 0x00007ffe679a6000 	C:\Program Files\Java\jdk-23\bin\nio.dll
0x00007ffe5fa20000 - 0x00007ffe5fa37000 	C:\Program Files\Java\jdk-23\bin\zip.dll
0x00007ffe6aa40000 - 0x00007ffe6aa50000 	C:\Program Files\Java\jdk-23\bin\verify.dll
0x00007ffe6a9e0000 - 0x00007ffe6a9ee000 	C:\Program Files\Java\jdk-23\bin\sunmscapi.dll
0x00007ffe73660000 - 0x00007ffe737d7000 	C:\WINDOWS\System32\CRYPT32.dll
0x00007ffe72f80000 - 0x00007ffe72fb0000 	C:\WINDOWS\SYSTEM32\ncrypt.dll
0x00007ffe72f30000 - 0x00007ffe72f6f000 	C:\WINDOWS\SYSTEM32\NTASN1.dll
0x00007ffe72d60000 - 0x00007ffe72d7b000 	C:\WINDOWS\SYSTEM32\CRYPTSP.dll
0x00007ffe72470000 - 0x00007ffe724a9000 	C:\WINDOWS\system32\rsaenh.dll
0x00007ffe72b30000 - 0x00007ffe72b62000 	C:\WINDOWS\SYSTEM32\USERENV.dll
0x00007ffe73550000 - 0x00007ffe7357a000 	C:\WINDOWS\SYSTEM32\bcrypt.dll
0x00007ffe72d80000 - 0x00007ffe72d8c000 	C:\WINDOWS\SYSTEM32\CRYPTBASE.dll
0x00007ffe71f00000 - 0x00007ffe71f33000 	C:\WINDOWS\SYSTEM32\IPHLPAPI.DLL
0x00007ffe75b20000 - 0x00007ffe75b2a000 	C:\WINDOWS\System32\NSI.dll
0x00007ffe69e70000 - 0x00007ffe69e7a000 	C:\Program Files\Java\jdk-23\bin\management.dll
0x00007ffe681f0000 - 0x00007ffe681fb000 	C:\Program Files\Java\jdk-23\bin\management_ext.dll
0x00007ffe76590000 - 0x00007ffe76598000 	C:\WINDOWS\System32\PSAPI.DLL
0x00007ffe71f40000 - 0x00007ffe7206a000 	C:\WINDOWS\SYSTEM32\DNSAPI.dll
0x00007ffe69760000 - 0x00007ffe6976b000 	C:\Windows\System32\rasadhlp.dll
0x00007ffe6ab80000 - 0x00007ffe6ac06000 	C:\WINDOWS\System32\fwpuclnt.dll
0x00007ffe60110000 - 0x00007ffe60119000 	C:\Program Files\Java\jdk-23\bin\extnet.dll
0x00007ffdcdf30000 - 0x00007ffdcdf38000 	C:\WINDOWS\system32\wshunix.dll

dbghelp: loaded successfully - version: 4.0.5 - missing functions: none
symbol engine: initialized successfully - sym options: 0x614 - pdb path: .;C:\Program Files\Java\jdk-23\bin;C:\WINDOWS\SYSTEM32;C:\WINDOWS\WinSxS\amd64_microsoft.windows.common-controls_6595b64144ccf1df_6.0.26100.8037_none_3e092faae333b53b;C:\Program Files\Java\jdk-23\bin\server

VM Arguments:
jvm_args: -XX:TieredStopAtLevel=1 
java_command: demo.ticket_app.TicketAppApplication
java_class_path (initial): D:\ticket\ticket-app\target\classes;C:\Users\ASUS\.m2\repository\org\springframework\boot\spring-boot\3.5.13\spring-boot-3.5.13.jar;C:\Users\ASUS\.m2\repository\org\springframework\boot\spring-boot-autoconfigure\3.5.13\spring-boot-autoconfigure-3.5.13.jar;C:\Users\ASUS\.m2\repository\org\apache\logging\log4j\log4j-to-slf4j\2.24.3\log4j-to-slf4j-2.24.3.jar;C:\Users\ASUS\.m2\repository\org\apache\logging\log4j\log4j-api\2.24.3\log4j-api-2.24.3.jar;C:\Users\ASUS\.m2\repository\org\slf4j\jul-to-slf4j\2.0.17\jul-to-slf4j-2.0.17.jar;C:\Users\ASUS\.m2\repository\jakarta\annotation\jakarta.annotation-api\2.1.1\jakarta.annotation-api-2.1.1.jar;C:\Users\ASUS\.m2\repository\org\yaml\snakeyaml\2.4\snakeyaml-2.4.jar;C:\Users\ASUS\.m2\repository\org\springframework\boot\spring-boot-actuator-autoconfigure\3.5.13\spring-boot-actuator-autoconfigure-3.5.13.jar;C:\Users\ASUS\.m2\repository\org\springframework\boot\spring-boot-actuator\3.5.13\spring-boot-actuator-3.5.13.jar;C:\Users\ASUS\.m2\repository\io\micrometer\micrometer-observation\1.15.10\micrometer-observation-1.15.10.jar;C:\Users\ASUS\.m2\repository\io\micrometer\micrometer-commons\1.15.10\micrometer-commons-1.15.10.jar;C:\Users\ASUS\.m2\repository\io\micrometer\micrometer-jakarta9\1.15.10\micrometer-jakarta9-1.15.10.jar;C:\Users\ASUS\.m2\repository\io\micrometer\micrometer-core\1.15.10\micrometer-core-1.15.10.jar;C:\Users\ASUS\.m2\repository\org\hdrhistogram\HdrHistogram\2.2.2\HdrHistogram-2.2.2.jar;C:\Users\ASUS\.m2\repository\org\latencyutils\LatencyUtils\2.0.3\LatencyUtils-2.0.3.jar;C:\Users\ASUS\.m2\repository\com\zaxxer\HikariCP\6.3.3\HikariCP-6.3.3.jar;C:\Users\ASUS\.m2\repository\org\springframework\spring-jdbc\6.2.17\spring-jdbc-6.2.17.jar;C:\Users\ASUS\.m2\repository\org\hibernate\orm\hibernate-core\6.6.45.Final\hibernate-core-6.6.45.Final.jar;C:\Users\ASUS\.m2\repository\jakarta\persistence\jakarta.persistence-api\3.1.0\jakarta.persistence-api-3.1.0.jar;C:\Users\ASUS\.m2\repository\jakarta\transaction\jakarta.transaction-api\2.0.1\jakarta.transaction-api-2.0.1.jar;C:\Users\ASUS\.m2\repository\org\jboss\logging\jboss-logging\3.6.3.Final\jboss-logging-3.6.3.Final.jar;C:\Users\ASUS\.m2\repository\org\hibernate\common\hibernate-commons-annotations\7.0.3.Final\hibernate-commons-annotations-7.0.3.Final.jar;C:\Users\ASUS\.m2\repository\io\smallrye\jandex\3.2.0\jandex-3.2.0.jar;C:\Users\ASUS\.m2\repository\com\fasterxml\classmate\1.7.3\classmate-1.7.3.jar;C:\Users\ASUS\.m2\repository\net\bytebuddy\byte-buddy\1.17.8\byte-buddy-1.17.8.jar;C:\Users\ASUS\.m2\repository\org\glassfish\jaxb\jaxb-runtime\4.0.6\jaxb-runtime-4.0.6.jar;C:\Users\ASUS\.m2\repository\org\glassfish\jaxb\jaxb-core\4.0.6\jaxb-core-4.0.6.jar;C:\Users\ASUS\.m2\repository\org\glassfish\jaxb\txw2\4.0.6\txw2-4.0.6.jar;C:\Users\ASUS\.m2\repository\com\sun\istack\istack-commons-runtime\4.1.2\istack-commons-runtime-4.1.2.jar;C:\Users\ASUS\.m2\repository\jakarta\inject\jakarta.inject-api\2.0.1\jakarta.inject-api-2.0.1.jar;C:\Users\ASUS\.m2\repository\org\antlr\antlr4-runtime\4.13.0\antlr4-runtime-4.13.0.jar;C:\Users\ASUS\.m2\repository\org\springframework\data\spring-data-jpa\3.5.10\spring-data-jpa-3.5.10.jar;C:\Users\ASUS\.m2\repository\org\springframework\data\spring-data-commons\3.5.10\spring-data-commons-3.5.10.jar;C:\Users\ASUS\.m2\repository\org\springframework\spring-orm\6.2.17\spring-orm-6.2.17.jar;C:\Users\ASUS\.m2\repository\org\springframework\spring-beans\6.2.17\spring-beans-6.2.17.jar;C:\Users\ASUS\.m2\repository\org\slf4j\slf4j-api\2.0.17\slf4j-api-2.0.17.jar;C:\Users\ASUS\.m2\repository\org\springframework\spring-aspects\6.2.17\spring-aspects-6.2.17.jar;C:\Users\ASUS\.m2\repository\org\aspectj\aspectjweaver\1.9.25.1\aspectjweaver-1.9.25.1.jar;C:\Users\ASUS\.m2\repository\io\lettuce\lettuce-core\6.6.0.RELEASE\lettuce-core-6.6.0.RELEASE.jar;C:\Users\ASUS\.m2\repository\redis\clients\authentication\redis-authx-core\0.1.1-beta2\redis-authx-core-0.1.1-beta2.jar;C:\Users\ASUS\.m2\repository\io\netty\netty-common\4.1.132.Final\netty-common-4.1.132.Final.jar;C:\Users\ASUS\.m2\repository\io\netty\netty-handler\4.1.132.Final\netty-handler-4.1.132.Final.jar;C:\Users\ASUS\.m2\repository\io\netty\netty-resolver\4.1.132.Final\netty-resolver-4.1.132.Final.jar;C:\Users\ASUS\.m2\repository\io\netty\netty-buffer\4.1.132.Final\netty-buffer-4.1.132.Final.jar;C:\Users\ASUS\.m2\repository\io\netty\netty-transport-native-unix-common\4.1.132.Final\netty-transport-native-unix-common-4.1.132.Final.jar;C:\Users\ASUS\.m2\repository\io\netty\netty-codec\4.1.132.Final\netty-codec-4.1.132.Final.jar;C:\Users\ASUS\.m2\repository\io\netty\netty-transport\4.1.132.Final\netty-transport-4.1.132.Final.jar;C:\Users\ASUS\.m2\repository\io\projectreactor\reactor-core\3.7.17\reactor-core-3.7.17.jar;C:\Users\ASUS\.m2\repository\org\reactivestreams\reactive-streams\1.0.4\reactive-streams-1.0.4.jar;C:\Users\ASUS\.m2\repository\org\springframework\data\spring-data-redis\3.5.10\spring-data-redis-3.5.10.jar;C:\Users\ASUS\.m2\repository\org\springframework\data\spring-data-keyvalue\3.5.10\spring-data-keyvalue-3.5.10.jar;C:\Users\ASUS\.m2\repository\org\springframework\spring-oxm\6.2.17\spring-oxm-6.2.17.jar;C:\Users\ASUS\.m2\repository\org\springframework\spring-context-support\6.2.17\spring-context-support-6.2.17.jar;C:\Users\ASUS\.m2\repository\org\eclipse\angus\jakarta.mail\2.0.5\jakarta.mail-2.0.5.jar;C:\Users\ASUS\.m2\repository\jakarta\activation\jakarta.activation-api\2.1.4\jakarta.activation-api-2.1.4.jar;C:\Users\ASUS\.m2\repository\org\eclipse\angus\angus-activation\2.0.3\angus-activation-2.0.3.jar;C:\Users\ASUS\.m2\repository\org\springframework\spring-aop\6.2.17\spring-aop-6.2.17.jar;C:\Users\ASUS\.m2\repository\org\springframework\security\spring-security-config\6.5.9\spring-security-config-6.5.9.jar;C:\Users\ASUS\.m2\repository\org\springframework\security\spring-security-web\6.5.9\spring-security-web-6.5.9.jar;C:\Users\ASUS\.m2\repository\org\springframework\spring-expression\6.2.17\spring-expression-6.2.17.jar;C:\Users\ASUS\.m2\repository\org\apache\tomcat\embed\tomcat-embed-el\10.1.53\tomcat-embed-el-10.1.53.jar;C:\Users\ASUS\.m2\repository\org\hibernate\validator\hibernate-validator\8.0.3.Final\hibernate-validator-8.0.3.Final.jar;C:\Users\ASUS\.m2\repository\jakarta\validation\jakarta.validation-api\3.0.2\jakarta.validation-api-3.0.2.jar;C:\Users\ASUS\.m2\repository\com\fasterxml\jackson\datatype\jackson-datatype-jdk8\2.21.2\jackson-datatype-jdk8-2.21.2.jar;C:\Users\ASUS\.m2\repository\com\fasterxml\jackson\module\jackson-module-parameter-names\2.21.2\jackson-module-parameter-names-2.21.2.jar;C:\Users\ASUS\.m2\repository\org\apache\tomcat\embed\tomcat-embed-core\10.1.53\tomcat-embed-core-10.1.53.jar;C:\Users\ASUS\.m2\repository\org\apache\tomcat\embed\tomcat-embed-websocket\10.1.53\tomcat-embed-websocket-10.1.53.jar;C:\Users\ASUS\.m2\repository\org\springframework\spring-web\6.2.17\spring-web-6.2.17.jar;C:\Users\ASUS\.m2\repository\org\springframework\spring-webmvc\6.2.17\spring-webmvc-6.2.17.jar;C:\Users\ASUS\.m2\repository\com\github\javafaker\javafaker\1.0.2\javafaker-1.0.2.jar;C:\Users\ASUS\.m2\repository\org\apache\commons\commons-lang3\3.17.0\commons-lang3-3.17.0.jar;C:\Users\ASUS\.m2\repository\org\yaml\snakeyaml\1.23\snakeyaml-1.23-android.jar;C:\Users\ASUS\.m2\repository\com\github\mifmif\generex\1.0.2\generex-1.0.2.jar;C:\Users\ASUS\.m2\repository\dk\brics\automaton\automaton\1.11-8\automaton-1.11-8.jar;C:\Users\ASUS\.m2\repository\com\google\api-client\google-api-client\2.7.2\google-api-client-2.7.2.jar;C:\Users\ASUS\.m2\repository\commons-codec\commons-codec\1.18.0\commons-codec-1.18.0.jar;C:\Users\ASUS\.m2\repository\com\google\auth\google-auth-library-credentials\1.30.0\google-auth-library-credentials-1.30.0.jar;C:\Users\ASUS\.m2\repository\com\google\auth\google-auth-library-oauth2-http\1.30.0\google-auth-library-oauth2-http-1.30.0.jar;C:\Users\ASUS\.m2\repository\com\google\auto\value\auto-value-annotations\1.11.0\auto-value-annotations-1.11.0.jar;C:\Users\ASUS\.m2\repository\com\google\code\findbugs\jsr305\3.0.2\jsr305-3.0.2.jar;C:\Users\ASUS\.m2\repository\com\google\errorprone\error_prone_annotations\2.35.1\error_prone_annotations-2.35.1.jar;C:\Users\ASUS\.m2\repository\com\google\guava\guava\33.1.0-jre\guava-33.1.0-jre.jar;C:\Users\ASUS\.m2\repository\com\google\guava\failureaccess\1.0.2\failureaccess-1.0.2.jar;C:\Users\ASUS\.m2\repository\com\google\guava\listenablefuture\9999.0-empty-to-avoid-conflict-with-guava\listenablefuture-9999.0-empty-to-avoid-conflict-with-guava.jar;C:\Users\ASUS\.m2\repository\com\google\j2objc\j2objc-annotations\3.0.0\j2objc-annotations-3.0.0.jar;C:\Users\ASUS\.m2\repository\com\google\http-client\google-http-client-apache-v2\1.45.2\google-http-client-apache-v2-1.45.2.jar;C:\Users\ASUS\.m2\repository\org\apache\httpcomponents\httpcore\4.4.16\httpcore-4.4.16.jar;C:\Users\ASUS\.m2\repository\org\apache\httpcomponents\httpclient\4.5.14\httpclient-4.5.14.jar;C:\Users\ASUS\.m2\repository\commons-logging\commons-logging\1.2\commons-logging-1.2.jar;C:\Users\ASUS\.m2\repository\com\google\http-client\google-http-client\1.45.2\google-http-client-1.45.2.jar;C:\Users\ASUS\.m2\repository\io\grpc\grpc-context\1.68.2\grpc-context-1.68.2.jar;C:\Users\ASUS\.m2\repository\io\grpc\grpc-api\1.68.2\grpc-api-1.68.2.jar;C:\Users\ASUS\.m2\repository\io\opencensus\opencensus-api\0.31.1\opencensus-api-0.31.1.jar;C:\Users\ASUS\.m2\repository\io\opencensus\opencensus-contrib-http-util\0.31.1\opencensus-contrib-http-util-0.31.1.jar;C:\Users\ASUS\.m2\repository\com\google\oauth-client\google-oauth-client\1.36.0\google-oauth-client-1.36.0.jar;C:\Users\ASUS\.m2\repository\com\google\http-client\google-http-client-gson\1.45.3\google-http-client-gson-1.45.3.jar;C:\Users\ASUS\.m2\repository\com\google\code\gson\gson\2.13.2\gson-2.13.2.jar;C:\Users\ASUS\.m2\repository\org\springframework\kafka\spring-kafka\3.3.14\spring-kafka-3.3.14.jar;C:\Users\ASUS\.m2\repository\org\springframework\spring-context\6.2.17\spring-context-6.2.17.jar;C:\Users\ASUS\.m2\repository\org\springframework\spring-messaging\6.2.17\spring-messaging-6.2.17.jar;C:\Users\ASUS\.m2\repository\org\springframework\spring-tx\6.2.17\spring-tx-6.2.17.jar;C:\Users\ASUS\.m2\repository\org\springframework\retry\spring-retry\2.0.12\spring-retry-2.0.12.jar;C:\Users\ASUS\.m2\repository\org\apache\kafka\kafka-clients\3.9.2\kafka-clients-3.9.2.jar;C:\Users\ASUS\.m2\repository\com\github\luben\zstd-jni\1.5.6-4\zstd-jni-1.5.6-4.jar;C:\Users\ASUS\.m2\repository\at\yawk\lz4\lz4-java\1.10.1\lz4-java-1.10.1.jar;C:\Users\ASUS\.m2\repository\org\xerial\snappy\snappy-java\1.1.10.5\snappy-java-1.1.10.5.jar;C:\Users\ASUS\.m2\repository\com\fasterxml\jackson\datatype\jackson-datatype-jsr310\2.21.2\jackson-datatype-jsr310-2.21.2.jar;C:\Users\ASUS\.m2\repository\com\fasterxml\jackson\core\jackson-annotations\2.21\jackson-annotations-2.21.jar;C:\Users\ASUS\.m2\repository\com\fasterxml\jackson\core\jackson-core\2.21.2\jackson-core-2.21.2.jar;C:\Users\ASUS\.m2\repository\com\fasterxml\jackson\core\jackson-databind\2.21.2\jackson-databind-2.21.2.jar;C:\Users\ASUS\.m2\repository\io\jsonwebtoken\jjwt-api\0.11.5\jjwt-api-0.11.5.jar;C:\Users\ASUS\.m2\repository\io\jsonwebtoken\jjwt-impl\0.11.5\jjwt-impl-0.11.5.jar;C:\Users\ASUS\.m2\repository\io\jsonwebtoken\jjwt-jackson\0.11.5\jjwt-jackson-0.11.5.jar;C:\Users\ASUS\.m2\repository\org\postgresql\postgresql\42.7.10\postgresql-42.7.10.jar;C:\Users\ASUS\.m2\repository\org\checkerframework\checker-qual\3.52.0\checker-qual-3.52.0.jar;C:\Users\ASUS\.m2\repository\jakarta\xml\bind\jakarta.xml.bind-api\4.0.4\jakarta.xml.bind-api-4.0.4.jar;C:\Users\ASUS\.m2\repository\org\springframework\spring-core\6.2.17\spring-core-6.2.17.jar;C:\Users\ASUS\.m2\repository\org\springframework\spring-jcl\6.2.17\spring-jcl-6.2.17.jar;C:\Users\ASUS\.m2\repository\ch\qos\logback\logback-core\1.5.32\logback-core-1.5.32.jar;C:\Users\ASUS\.m2\repository\ch\qos\logback\logback-classic\1.5.32\logback-classic-1.5.32.jar;C:\Users\ASUS\.m2\repository\org\springframework\security\spring-security-core\6.5.9\spring-security-core-6.5.9.jar;C:\Users\ASUS\.m2\repository\org\springframework\security\spring-security-crypto\6.5.9\spring-security-crypto-6.5.9.jar
Launcher Type: SUN_STANDARD

[Global flags]
     intx CICompilerCount                          = 4                                         {product} {ergonomic}
     uint ConcGCThreads                            = 3                                         {product} {ergonomic}
     uint G1ConcRefinementThreads                  = 10                                        {product} {ergonomic}
   size_t G1HeapRegionSize                         = 2097152                                   {product} {ergonomic}
   size_t InitialHeapSize                          = 264241152                                 {product} {ergonomic}
   size_t MarkStackSize                            = 4194304                                   {product} {ergonomic}
   size_t MarkStackSizeMax                         = 536870912                                 {product} {ergonomic}
   size_t MaxHeapSize                              = 4227858432                                {product} {ergonomic}
   size_t MaxNewSize                               = 2535456768                                {product} {ergonomic}
   size_t MinHeapDeltaBytes                        = 2097152                                   {product} {ergonomic}
   size_t MinHeapSize                              = 8388608                                   {product} {ergonomic}
    uintx NonNMethodCodeHeapSize                   = 4096                                   {pd product} {ergonomic}
    uintx NonProfiledCodeHeapSize                  = 0                                      {pd product} {ergonomic}
     bool ProfileInterpreter                       = false                                  {pd product} {command line}
    uintx ProfiledCodeHeapSize                     = 0                                      {pd product} {ergonomic}
   size_t SoftMaxHeapSize                          = 4227858432                             {manageable} {ergonomic}
     intx TieredStopAtLevel                        = 1                                         {product} {command line}
     bool UseCompressedOops                        = true                           {product lp64_product} {ergonomic}
     bool UseG1GC                                  = true                                      {product} {ergonomic}
     bool UseLargePagesIndividualAllocation        = false                                  {pd product} {ergonomic}

Logging:
Log output configuration:
 #0: stdout all=warning uptime,level,tags foldmultilines=false
 #1: stderr all=off uptime,level,tags foldmultilines=false

Environment Variables:
PATH=C:\Program Files\Common Files\Oracle\Java\javapath;C:\Program Files (x86)\Common Files\Oracle\Java\javapath;C:\WINDOWS\system32;C:\WINDOWS;C:\WINDOWS\System32\Wbem;C:\WINDOWS\System32\WindowsPowerShell\v1.0\;C:\WINDOWS\System32\OpenSSH\;C:\Program Files (x86)\NVIDIA Corporation\PhysX\Common;C:\Program Files (x86)\Windows Kits\10\Windows Performance Toolkit\;C:\Program Files\Git\cmd;C:\Program Files\dotnet\;C:\Program Files\NVIDIA Corporation\NVIDIA app\NvDLISR;C:\WINDOWS\system32;C:\WINDOWS;C:\WINDOWS\System32\Wbem;C:\WINDOWS\System32\WindowsPowerShell\v1.0\;C:\WINDOWS\System32\OpenSSH\;C:\Program Files\nodejs\;C:\Program Files\Microsoft SQL Server\150\Tools\Binn\;C:\Program Files\Microsoft SQL Server\Client SDK\ODBC\170\Tools\Binn\;C:\Program Files\Cloudflare\Cloudflare WARP\;C:\Program Files\Docker\Docker\resources\bin;C:\apache-maven-3.9.14\bin;C:\Users\ASUS\AppData\Local\Programs\Python\Python313\Scripts\;C:\Users\ASUS\AppData\Local\Programs\Python\Python313\;C:\Users\ASUS\AppData\Local\Microsoft\WindowsApps;C:\Users\ASUS\AppData\Local\Programs\Microsoft VS Code\bin;C:\Users\ASUS\AppData\Local\Android\Sdk;D:\SDK\flutter\bin;C:\msys64_update\ucrt64\bin;C:\Program Files\Java\jdk-22\bin;C:\Users\ASUS\.lmstudio\bin;C:\Users\ASUS\AppData\Roaming\npm;C:\Users\ASUS\.dotnet\tools;C:\Program Files\nodejs;C:\Program Files\JetBrains\IntelliJ IDEA Community Edition 2025.2.2\bin;C:\Users\ASUS\AppData\Local\Programs\MiKTeX\miktex\bin\x64\;C:\Users\ASUS\AppData\Local\Programs\Windsurf\bin;D:\Download\Antigravity\bin;c:\Users\ASUS\.antigravity\extensions\vscjava.vscode-java-debug-0.58.5-universal\bundled\scripts\noConfigScripts
USERNAME=ASUS
LANG=en_US.UTF-8
OS=Windows_NT
PROCESSOR_IDENTIFIER=Intel64 Family 6 Model 141 Stepping 1, GenuineIntel
TMP=C:\Users\ASUS\AppData\Local\Temp
TEMP=C:\Users\ASUS\AppData\Local\Temp




Periodic native trim disabled

---------------  S Y S T E M  ---------------

OS:
 Windows 11 , 64 bit Build 26100 (10.0.26100.7920)
OS uptime: 0 days 6:40 hours
Hyper-V role detected

CPU: total 12 (initial active 12) (6 cores per cpu, 2 threads per core) family 6 model 141 stepping 1 microcode 0x34, cx8, cmov, fxsr, ht, mmx, 3dnowpref, sse, sse2, sse3, ssse3, sse4.1, sse4.2, popcnt, lzcnt, tsc, tscinvbit, avx, avx2, aes, erms, clmul, bmi1, bmi2, adx, avx512f, avx512dq, avx512cd, avx512bw, avx512vl, sha, fma, vzeroupper, avx512_vpopcntdq, avx512_vpclmulqdq, avx512_vaes, avx512_vnni, clflush, clflushopt, clwb, avx512_vbmi2, avx512_vbmi, hv, rdtscp, rdpid, fsrm, gfni, avx512_bitalg, f16c, cet_ibt, cet_ss, avx512_ifma
Processor Information for the first 12 processors :
  Max Mhz: 2688, Current Mhz: 2688, Mhz Limit: 2688

Memory: 4k page, system-wide physical 16122M (844M free)
TotalPageFile size 27610M (AvailPageFile size 443M)
current process WorkingSet (physical memory assigned to process): 1405M, peak: 1405M
current process commit charge ("private bytes"): 1477M, peak: 2045M

vm_info: Java HotSpot(TM) 64-Bit Server VM (23+37-2369) for windows-amd64 JRE (23+37-2369), built on 2024-08-20T16:01:23Z with MS VC++ 17.6 (VS2022)

END.
