#
# There is insufficient memory for the Java Runtime Environment to continue.
# Native memory allocation (mmap) failed to map 1019215872 bytes. Error detail: G1 virtual space
# Possible reasons:
#   The system is out of physical RAM or swap space
#   This process is running with CompressedOops enabled, and the Java Heap may be blocking the growth of the native heap
# Possible solutions:
#   Reduce memory load on the system
#   Increase physical memory or swap space
#   Check if swap backing store is full
#   Decrease Java heap size (-Xmx/-Xms)
#   Decrease number of Java threads
#   Decrease Java thread stack sizes (-Xss)
#   Set larger code cache with -XX:ReservedCodeCacheSize=
#   JVM is running with Zero Based Compressed Oops mode in which the Java heap is
#     placed in the first 32GB address space. The Java Heap base address is the
#     maximum limit for the native heap growth. Please use -XX:HeapBaseMinAddress
#     to set the Java Heap base and to place the Java Heap above 32GB virtual address.
# This output file may be truncated or incomplete.
#
#  Out of Memory Error (os_windows.cpp:3703), pid=10480, tid=3772
#
# JRE version: Java(TM) SE Runtime Environment (23.0+37) (build 23+37-2369)
# Java VM: Java HotSpot(TM) 64-Bit Server VM (23+37-2369, mixed mode, emulated-client, sharing, tiered, compressed oops, compressed class ptrs, g1 gc, windows-amd64)
# No core dump will be written. Minidumps are not enabled by default on client versions of Windows
#

---------------  S U M M A R Y ------------

Command Line: -XX:TieredStopAtLevel=1 demo.ticket_app.TicketAppApplication

Host: 11th Gen Intel(R) Core(TM) i5-11400H @ 2.70GHz, 12 cores, 15G,  Windows 11 , 64 bit Build 26100 (10.0.26100.7920)
Time: Mon Apr 13 14:26:14 2026 SE Asia Standard Time elapsed time: 103.070009 seconds (0d 0h 1m 43s)

---------------  T H R E A D  ---------------

Current thread (0x00000282324fa2c0):  VMThread "VM Thread"          [id=3772, stack(0x000000a800000000,0x000000a800100000) (1024K)]

Stack: [0x000000a800000000,0x000000a800100000]
Native frames: (J=compiled Java code, j=interpreted, Vv=VM code, C=native code)
V  [jvm.dll+0x6e08a9]  (no source info available)
V  [jvm.dll+0x87da63]  (no source info available)
V  [jvm.dll+0x87feee]  (no source info available)
V  [jvm.dll+0x8805c3]  (no source info available)
V  [jvm.dll+0x27aee6]  (no source info available)
V  [jvm.dll+0x6dd1b5]  (no source info available)
V  [jvm.dll+0x6d103a]  (no source info available)
V  [jvm.dll+0x35b3ea]  (no source info available)
V  [jvm.dll+0x3637f6]  (no source info available)
V  [jvm.dll+0x34fd5e]  (no source info available)
V  [jvm.dll+0x34fff8]  (no source info available)
V  [jvm.dll+0x3289cc]  (no source info available)
V  [jvm.dll+0x32b3b9]  (no source info available)
V  [jvm.dll+0x335f74]  (no source info available)
V  [jvm.dll+0x372d55]  (no source info available)
V  [jvm.dll+0x886500]  (no source info available)
V  [jvm.dll+0x887827]  (no source info available)
V  [jvm.dll+0x887d58]  (no source info available)
V  [jvm.dll+0x887ff3]  (no source info available)
V  [jvm.dll+0x824f1b]  (no source info available)
V  [jvm.dll+0x6df055]  (no source info available)
C  [ucrtbase.dll+0x37b0]  (no source info available)
C  [KERNEL32.DLL+0x2e8d7]  (no source info available)
C  [ntdll.dll+0x8c48c]  (no source info available)

VM_Operation (0x000000a87fbff360): G1PauseRemark, mode: safepoint, requested by thread 0x000002822f892b80


---------------  P R O C E S S  ---------------

Threads class SMR info:
_java_thread_list=0x0000028204a5c7a0, length=31, elements={
0x0000028232515d20, 0x0000028232516a70, 0x0000028232519b90, 0x000002823251ab60,
0x000002823251f410, 0x00000282325231a0, 0x0000028232533a40, 0x0000028232665390,
0x0000028232665a00, 0x000002827a1877e0, 0x000002827a187e50, 0x000002827aced070,
0x000002827aced700, 0x000002827acedd90, 0x000002827b3d96e0, 0x000002827b3d89c0,
0x000002827b3d9d70, 0x000002827b3da400, 0x000002827b3daa90, 0x000002827b3d7610,
0x000002827b3db120, 0x000002827b3d8330, 0x000002827b3d7ca0, 0x000002827b3dec30,
0x000002827b3dd1f0, 0x000002827b3dbe40, 0x000002827b3dcb60, 0x000002827b3dd880,
0x000002827b3ddf10, 0x000002827b3db7b0, 0x000002827b3dc4d0
}

Java Threads: ( => current thread )
  0x0000028232515d20 JavaThread "Reference Handler"          daemon [_thread_blocked, id=1268, stack(0x000000a800100000,0x000000a800200000) (1024K)]
  0x0000028232516a70 JavaThread "Finalizer"                  daemon [_thread_blocked, id=12632, stack(0x000000a800200000,0x000000a800300000) (1024K)]
  0x0000028232519b90 JavaThread "Signal Dispatcher"          daemon [_thread_blocked, id=18024, stack(0x000000a800300000,0x000000a800400000) (1024K)]
  0x000002823251ab60 JavaThread "Attach Listener"            daemon [_thread_blocked, id=5200, stack(0x000000a800400000,0x000000a800500000) (1024K)]
  0x000002823251f410 JavaThread "Service Thread"             daemon [_thread_blocked, id=8272, stack(0x000000a800500000,0x000000a800600000) (1024K)]
  0x00000282325231a0 JavaThread "Monitor Deflation Thread"   daemon [_thread_blocked, id=23668, stack(0x000000a800600000,0x000000a800700000) (1024K)]
  0x0000028232533a40 JavaThread "C1 CompilerThread0"         daemon [_thread_blocked, id=14068, stack(0x000000a800700000,0x000000a800800000) (1024K)]
  0x0000028232665390 JavaThread "Notification Thread"        daemon [_thread_blocked, id=19012, stack(0x000000a800900000,0x000000a800a00000) (1024K)]
  0x0000028232665a00 JavaThread "Common-Cleaner"             daemon [_thread_blocked, id=20008, stack(0x000000a800a00000,0x000000a800b00000) (1024K)]
  0x000002827a1877e0 JavaThread "Cleaner-0"                  daemon [_thread_blocked, id=3776, stack(0x000000a801900000,0x000000a801a00000) (1024K)]
  0x000002827a187e50 JavaThread "HikariPool-1:housekeeper"   daemon [_thread_blocked, id=17288, stack(0x000000a801a00000,0x000000a801b00000) (1024K)]
  0x000002827aced070 JavaThread "Catalina-utility-1"                [_thread_blocked, id=9028, stack(0x000000a801c00000,0x000000a801d00000) (1024K)]
  0x000002827aced700 JavaThread "Catalina-utility-2"                [_thread_blocked, id=14908, stack(0x000000a801d00000,0x000000a801e00000) (1024K)]
  0x000002827acedd90 JavaThread "container-0"                       [_thread_blocked, id=1824, stack(0x000000a801e00000,0x000000a801f00000) (1024K)]
  0x000002827b3d96e0 JavaThread "lettuce-timer-3-1"          daemon [_thread_blocked, id=11112, stack(0x000000a801f00000,0x000000a802000000) (1024K)]
  0x000002827b3d89c0 JavaThread "http-nio-8081-exec-1"       daemon [_thread_blocked, id=17224, stack(0x000000a802000000,0x000000a802100000) (1024K)]
  0x000002827b3d9d70 JavaThread "http-nio-8081-exec-2"       daemon [_thread_blocked, id=3204, stack(0x000000a802100000,0x000000a802200000) (1024K)]
  0x000002827b3da400 JavaThread "http-nio-8081-exec-3"       daemon [_thread_blocked, id=19400, stack(0x000000a802200000,0x000000a802300000) (1024K)]
  0x000002827b3daa90 JavaThread "http-nio-8081-exec-4"       daemon [_thread_blocked, id=8820, stack(0x000000a802300000,0x000000a802400000) (1024K)]
  0x000002827b3d7610 JavaThread "http-nio-8081-exec-5"       daemon [_thread_blocked, id=7268, stack(0x000000a802400000,0x000000a802500000) (1024K)]
  0x000002827b3db120 JavaThread "http-nio-8081-exec-6"       daemon [_thread_blocked, id=24332, stack(0x000000a802500000,0x000000a802600000) (1024K)]
  0x000002827b3d8330 JavaThread "http-nio-8081-exec-7"       daemon [_thread_blocked, id=21040, stack(0x000000a802600000,0x000000a802700000) (1024K)]
  0x000002827b3d7ca0 JavaThread "http-nio-8081-exec-8"       daemon [_thread_blocked, id=16588, stack(0x000000a802700000,0x000000a802800000) (1024K)]
  0x000002827b3dec30 JavaThread "http-nio-8081-exec-9"       daemon [_thread_blocked, id=21460, stack(0x000000a802800000,0x000000a802900000) (1024K)]
  0x000002827b3dd1f0 JavaThread "http-nio-8081-exec-10"      daemon [_thread_blocked, id=22844, stack(0x000000a802900000,0x000000a802a00000) (1024K)]
  0x000002827b3dbe40 JavaThread "http-nio-8081-Poller"       daemon [_thread_in_native, id=19800, stack(0x000000a802a00000,0x000000a802b00000) (1024K)]
  0x000002827b3dcb60 JavaThread "http-nio-8081-Acceptor"     daemon [_thread_in_native, id=23644, stack(0x000000a802b00000,0x000000a802c00000) (1024K)]
  0x000002827b3dd880 JavaThread "scheduled-1"                       [_thread_blocked, id=21076, stack(0x000000a802c00000,0x000000a802d00000) (1024K)]
  0x000002827b3ddf10 JavaThread "scheduled-2"                       [_thread_blocked, id=23648, stack(0x000000a802d00000,0x000000a802e00000) (1024K)]
  0x000002827b3db7b0 JavaThread "DestroyJavaVM"                     [_thread_blocked, id=5712, stack(0x000000a87f900000,0x000000a87fa00000) (1024K)]
  0x000002827b3dc4d0 JavaThread "lettuce-nioEventLoop-4-1"   daemon [_thread_in_native, id=3664, stack(0x000000a802e00000,0x000000a802f00000) (1024K)]
Total: 31

Other Threads:
=>0x00000282324fa2c0 VMThread "VM Thread"                           [id=3772, stack(0x000000a800000000,0x000000a800100000) (1024K)]
  0x000002822fa43050 WatcherThread "VM Periodic Task Thread"        [id=23888, stack(0x000000a87ff00000,0x000000a880000000) (1024K)]
  0x000002821ef21c50 WorkerThread "GC Thread#0"                     [id=24540, stack(0x000000a87fa00000,0x000000a87fb00000) (1024K)]
  0x0000028278851910 WorkerThread "GC Thread#1"                     [id=23576, stack(0x000000a800d00000,0x000000a800e00000) (1024K)]
  0x0000028278833600 WorkerThread "GC Thread#2"                     [id=22576, stack(0x000000a800e00000,0x000000a800f00000) (1024K)]
  0x00000282788341c0 WorkerThread "GC Thread#3"                     [id=5680, stack(0x000000a800f00000,0x000000a801000000) (1024K)]
  0x00000282788560d0 WorkerThread "GC Thread#4"                     [id=4640, stack(0x000000a801000000,0x000000a801100000) (1024K)]
  0x000002827885e490 WorkerThread "GC Thread#5"                     [id=10560, stack(0x000000a801100000,0x000000a801200000) (1024K)]
  0x0000028278a43bb0 WorkerThread "GC Thread#6"                     [id=22184, stack(0x000000a801300000,0x000000a801400000) (1024K)]
  0x0000028278a42940 WorkerThread "GC Thread#7"                     [id=7448, stack(0x000000a801400000,0x000000a801500000) (1024K)]
  0x0000028278a44310 WorkerThread "GC Thread#8"                     [id=8136, stack(0x000000a801600000,0x000000a801700000) (1024K)]
  0x0000028278a42cf0 WorkerThread "GC Thread#9"                     [id=23604, stack(0x000000a801700000,0x000000a801800000) (1024K)]
  0x000002822f892b80 ConcurrentGCThread "G1 Main Marker"            [id=12704, stack(0x000000a87fb00000,0x000000a87fc00000) (1024K)]
  0x000002822f893340 WorkerThread "G1 Conc#0"                       [id=6440, stack(0x000000a87fc00000,0x000000a87fd00000) (1024K)]
  0x00000282793d2e90 WorkerThread "G1 Conc#1"                       [id=21884, stack(0x000000a801500000,0x000000a801600000) (1024K)]
  0x00000282793d3d50 WorkerThread "G1 Conc#2"                       [id=3012, stack(0x000000a801800000,0x000000a801900000) (1024K)]
  0x000002822f90fca0 ConcurrentGCThread "G1 Refine#0"               [id=12100, stack(0x000000a87fd00000,0x000000a87fe00000) (1024K)]
  0x000002822f911340 ConcurrentGCThread "G1 Service"                [id=23500, stack(0x000000a87fe00000,0x000000a87ff00000) (1024K)]
Total: 18

Threads with active compile tasks:
Total: 0

VM state: at safepoint (normal execution)

VM Mutex/Monitor currently owned by a thread:  ([mutex/lock_event])
[0x00007ffffbbc3910] Threads_lock - owner thread: 0x00000282324fa2c0
[0x00007ffffbbc3a10] Heap_lock - owner thread: 0x000002822f892b80

Heap address: 0x0000000704000000, size: 4032 MB, Compressed Oops mode: Zero based, Oop shift amount: 3

CDS archive(s) mapped at: [0x0000028233000000-0x0000028233d70000-0x0000028233d70000), size 14090240, SharedBaseAddress: 0x0000028233000000, ArchiveRelocationMode: 1.
Compressed class space mapped at: 0x0000028234000000-0x0000028274000000, reserved size: 1073741824
Narrow klass base: 0x0000028233000000, Narrow klass shift: 0, Narrow klass range: 0x41000000

GC Precious Log:
 CardTable entry size: 512
 Card Set container configuration: InlinePtr #cards 4 size 8 Array Of Cards #cards 16 size 48 Howl #buckets 8 coarsen threshold 3686 Howl Bitmap #cards 512 size 80 coarsen threshold 460 Card regions per heap region 1 cards per card region 4096
 CPUs: 12 total, 12 available
 Memory: 16122M
 Large Page Support: Disabled
 NUMA Support: Disabled
 Compressed Oops: Enabled (Zero based)
 Heap Region Size: 2M
 Heap Min Capacity: 8M
 Heap Initial Capacity: 252M
 Heap Max Capacity: 4032M
 Pre-touch: Disabled
 Parallel Workers: 10
 Concurrent Workers: 3
 Concurrent Refinement Workers: 10
 Periodic GC: Disabled

Heap:
 garbage-first heap   total reserved 4128768K, committed 2547712K, used 2255872K [0x0000000704000000, 0x0000000800000000)
  region size 2048K, 80 young (163840K), 15 survivors (30720K)
 Metaspace       used 100114K, committed 101504K, reserved 1179648K
  class space    used 15049K, committed 15616K, reserved 1048576K

Heap Regions: E=young(eden), S=young(survivor), O=old, HS=humongous(starts), HC=humongous(continues), CS=collection set, F=free, TAMS=top-at-mark-start, PB=parsable bottom
|   0|0x0000000704000000, 0x0000000704200000, 0x0000000704200000|100%| O|  |TAMS 0x0000000704200000| PB 0x0000000704200000| Untracked |  0
|   1|0x0000000704200000, 0x0000000704400000, 0x0000000704400000|100%| O|  |TAMS 0x0000000704400000| PB 0x0000000704400000| Untracked |  0
|   2|0x0000000704400000, 0x0000000704600000, 0x0000000704600000|100%| O|  |TAMS 0x0000000704600000| PB 0x0000000704600000| Untracked |  0
|   3|0x0000000704600000, 0x0000000704800000, 0x0000000704800000|100%| O|  |TAMS 0x0000000704800000| PB 0x0000000704800000| Untracked |  0
|   4|0x0000000704800000, 0x0000000704a00000, 0x0000000704a00000|100%| O|  |TAMS 0x0000000704a00000| PB 0x0000000704a00000| Untracked |  0
|   5|0x0000000704a00000, 0x0000000704c00000, 0x0000000704c00000|100%| O|  |TAMS 0x0000000704c00000| PB 0x0000000704c00000| Untracked |  0
|   6|0x0000000704c00000, 0x0000000704e00000, 0x0000000704e00000|100%| O|  |TAMS 0x0000000704e00000| PB 0x0000000704e00000| Untracked |  0
|   7|0x0000000704e00000, 0x0000000705000000, 0x0000000705000000|100%| O|  |TAMS 0x0000000705000000| PB 0x0000000705000000| Untracked |  0
|   8|0x0000000705000000, 0x0000000705200000, 0x0000000705200000|100%| O|  |TAMS 0x0000000705200000| PB 0x0000000705200000| Untracked |  0
|   9|0x0000000705200000, 0x0000000705400000, 0x0000000705400000|100%| O|  |TAMS 0x0000000705400000| PB 0x0000000705400000| Untracked |  0
|  10|0x0000000705400000, 0x0000000705600000, 0x0000000705600000|100%| O|  |TAMS 0x0000000705600000| PB 0x0000000705600000| Untracked |  0
|  11|0x0000000705600000, 0x0000000705800000, 0x0000000705800000|100%| O|  |TAMS 0x0000000705800000| PB 0x0000000705800000| Untracked |  0
|  12|0x0000000705800000, 0x0000000705a00000, 0x0000000705a00000|100%| O|  |TAMS 0x0000000705a00000| PB 0x0000000705a00000| Untracked |  0
|  13|0x0000000705a00000, 0x0000000705c00000, 0x0000000705c00000|100%| O|  |TAMS 0x0000000705c00000| PB 0x0000000705c00000| Untracked |  0
|  14|0x0000000705c00000, 0x0000000705e00000, 0x0000000705e00000|100%| O|  |TAMS 0x0000000705e00000| PB 0x0000000705e00000| Untracked |  0
|  15|0x0000000705e00000, 0x0000000706000000, 0x0000000706000000|100%| O|  |TAMS 0x0000000706000000| PB 0x0000000706000000| Untracked |  0
|  16|0x0000000706000000, 0x0000000706200000, 0x0000000706200000|100%| O|  |TAMS 0x0000000706200000| PB 0x0000000706200000| Untracked |  0
|  17|0x0000000706200000, 0x0000000706400000, 0x0000000706400000|100%| O|  |TAMS 0x0000000706400000| PB 0x0000000706400000| Untracked |  0
|  18|0x0000000706400000, 0x0000000706600000, 0x0000000706600000|100%| O|  |TAMS 0x0000000706600000| PB 0x0000000706600000| Untracked |  0
|  19|0x0000000706600000, 0x0000000706800000, 0x0000000706800000|100%| O|  |TAMS 0x0000000706800000| PB 0x0000000706800000| Untracked |  0
|  20|0x0000000706800000, 0x0000000706a00000, 0x0000000706a00000|100%| O|  |TAMS 0x0000000706a00000| PB 0x0000000706a00000| Untracked |  0
|  21|0x0000000706a00000, 0x0000000706c00000, 0x0000000706c00000|100%| O|  |TAMS 0x0000000706c00000| PB 0x0000000706c00000| Untracked |  0
|  22|0x0000000706c00000, 0x0000000706e00000, 0x0000000706e00000|100%| O|  |TAMS 0x0000000706e00000| PB 0x0000000706e00000| Untracked |  0
|  23|0x0000000706e00000, 0x0000000707000000, 0x0000000707000000|100%| O|  |TAMS 0x0000000707000000| PB 0x0000000707000000| Untracked |  0
|  24|0x0000000707000000, 0x0000000707200000, 0x0000000707200000|100%| O|  |TAMS 0x0000000707200000| PB 0x0000000707200000| Untracked |  0
|  25|0x0000000707200000, 0x0000000707400000, 0x0000000707400000|100%| O|  |TAMS 0x0000000707400000| PB 0x0000000707400000| Untracked |  0
|  26|0x0000000707400000, 0x0000000707600000, 0x0000000707600000|100%| O|Cm|TAMS 0x0000000707600000| PB 0x0000000707600000| Updating |  0
|  27|0x0000000707600000, 0x0000000707800000, 0x0000000707800000|100%| O|  |TAMS 0x0000000707800000| PB 0x0000000707800000| Untracked |  0
|  28|0x0000000707800000, 0x0000000707a00000, 0x0000000707a00000|100%| O|  |TAMS 0x0000000707a00000| PB 0x0000000707a00000| Untracked |  0
|  29|0x0000000707a00000, 0x0000000707c00000, 0x0000000707c00000|100%| O|  |TAMS 0x0000000707c00000| PB 0x0000000707c00000| Untracked |  0
|  30|0x0000000707c00000, 0x0000000707e00000, 0x0000000707e00000|100%| O|  |TAMS 0x0000000707e00000| PB 0x0000000707e00000| Untracked |  0
|  31|0x0000000707e00000, 0x0000000708000000, 0x0000000708000000|100%| O|  |TAMS 0x0000000708000000| PB 0x0000000708000000| Untracked |  0
|  32|0x0000000708000000, 0x0000000708200000, 0x0000000708200000|100%| O|  |TAMS 0x0000000708200000| PB 0x0000000708200000| Untracked |  0
|  33|0x0000000708200000, 0x0000000708400000, 0x0000000708400000|100%| O|  |TAMS 0x0000000708400000| PB 0x0000000708400000| Untracked |  0
|  34|0x0000000708400000, 0x0000000708600000, 0x0000000708600000|100%| O|  |TAMS 0x0000000708600000| PB 0x0000000708600000| Untracked |  0
|  35|0x0000000708600000, 0x0000000708800000, 0x0000000708800000|100%| O|  |TAMS 0x0000000708800000| PB 0x0000000708800000| Untracked |  0
|  36|0x0000000708800000, 0x0000000708a00000, 0x0000000708a00000|100%| O|  |TAMS 0x0000000708a00000| PB 0x0000000708a00000| Untracked |  0
|  37|0x0000000708a00000, 0x0000000708c00000, 0x0000000708c00000|100%| O|  |TAMS 0x0000000708c00000| PB 0x0000000708c00000| Untracked |  0
|  38|0x0000000708c00000, 0x0000000708e00000, 0x0000000708e00000|100%| O|  |TAMS 0x0000000708e00000| PB 0x0000000708e00000| Untracked |  0
|  39|0x0000000708e00000, 0x0000000709000000, 0x0000000709000000|100%| O|  |TAMS 0x0000000709000000| PB 0x0000000709000000| Untracked |  0
|  40|0x0000000709000000, 0x0000000709200000, 0x0000000709200000|100%| O|  |TAMS 0x0000000709200000| PB 0x0000000709200000| Untracked |  0
|  41|0x0000000709200000, 0x0000000709400000, 0x0000000709400000|100%| O|  |TAMS 0x0000000709400000| PB 0x0000000709400000| Untracked |  0
|  42|0x0000000709400000, 0x0000000709600000, 0x0000000709600000|100%| O|  |TAMS 0x0000000709600000| PB 0x0000000709600000| Untracked |  0
|  43|0x0000000709600000, 0x0000000709800000, 0x0000000709800000|100%| O|  |TAMS 0x0000000709800000| PB 0x0000000709800000| Untracked |  0
|  44|0x0000000709800000, 0x0000000709a00000, 0x0000000709a00000|100%| O|  |TAMS 0x0000000709a00000| PB 0x0000000709a00000| Untracked |  0
|  45|0x0000000709a00000, 0x0000000709c00000, 0x0000000709c00000|100%| O|  |TAMS 0x0000000709c00000| PB 0x0000000709c00000| Untracked |  0
|  46|0x0000000709c00000, 0x0000000709e00000, 0x0000000709e00000|100%| O|  |TAMS 0x0000000709e00000| PB 0x0000000709e00000| Untracked |  0
|  47|0x0000000709e00000, 0x000000070a000000, 0x000000070a000000|100%| O|  |TAMS 0x000000070a000000| PB 0x000000070a000000| Untracked |  0
|  48|0x000000070a000000, 0x000000070a200000, 0x000000070a200000|100%| O|  |TAMS 0x000000070a200000| PB 0x000000070a200000| Untracked |  0
|  49|0x000000070a200000, 0x000000070a400000, 0x000000070a400000|100%| O|  |TAMS 0x000000070a400000| PB 0x000000070a400000| Untracked |  0
|  50|0x000000070a400000, 0x000000070a600000, 0x000000070a600000|100%| O|  |TAMS 0x000000070a600000| PB 0x000000070a600000| Untracked |  0
|  51|0x000000070a600000, 0x000000070a800000, 0x000000070a800000|100%| O|  |TAMS 0x000000070a800000| PB 0x000000070a800000| Untracked |  0
|  52|0x000000070a800000, 0x000000070aa00000, 0x000000070aa00000|100%| O|  |TAMS 0x000000070aa00000| PB 0x000000070aa00000| Untracked |  0
|  53|0x000000070aa00000, 0x000000070ac00000, 0x000000070ac00000|100%| O|  |TAMS 0x000000070ac00000| PB 0x000000070ac00000| Untracked |  0
|  54|0x000000070ac00000, 0x000000070ae00000, 0x000000070ae00000|100%| O|  |TAMS 0x000000070ae00000| PB 0x000000070ae00000| Untracked |  0
|  55|0x000000070ae00000, 0x000000070b000000, 0x000000070b000000|100%| O|  |TAMS 0x000000070ae00000| PB 0x000000070ae00000| Untracked |  0
|  56|0x000000070b000000, 0x000000070b200000, 0x000000070b200000|100%| O|  |TAMS 0x000000070b200000| PB 0x000000070b200000| Untracked |  0
|  57|0x000000070b200000, 0x000000070b400000, 0x000000070b400000|100%| O|Cm|TAMS 0x000000070b400000| PB 0x000000070b400000| Updating |  0
|  58|0x000000070b400000, 0x000000070b600000, 0x000000070b600000|100%| O|  |TAMS 0x000000070b600000| PB 0x000000070b600000| Untracked |  0
|  59|0x000000070b600000, 0x000000070b800000, 0x000000070b800000|100%| O|  |TAMS 0x000000070b800000| PB 0x000000070b800000| Untracked |  0
|  60|0x000000070b800000, 0x000000070ba00000, 0x000000070ba00000|100%| O|Cm|TAMS 0x000000070ba00000| PB 0x000000070ba00000| Updating |  0
|  61|0x000000070ba00000, 0x000000070bc00000, 0x000000070bc00000|100%| O|  |TAMS 0x000000070bc00000| PB 0x000000070bc00000| Untracked |  0
|  62|0x000000070bc00000, 0x000000070be00000, 0x000000070be00000|100%| O|  |TAMS 0x000000070be00000| PB 0x000000070be00000| Untracked |  0
|  63|0x000000070be00000, 0x000000070c000000, 0x000000070c000000|100%| O|  |TAMS 0x000000070c000000| PB 0x000000070c000000| Untracked |  0
|  64|0x000000070c000000, 0x000000070c200000, 0x000000070c200000|100%| O|  |TAMS 0x000000070c200000| PB 0x000000070c200000| Untracked |  0
|  65|0x000000070c200000, 0x000000070c400000, 0x000000070c400000|100%| O|  |TAMS 0x000000070c400000| PB 0x000000070c400000| Untracked |  0
|  66|0x000000070c400000, 0x000000070c600000, 0x000000070c600000|100%| O|  |TAMS 0x000000070c600000| PB 0x000000070c600000| Untracked |  0
|  67|0x000000070c600000, 0x000000070c800000, 0x000000070c800000|100%| O|  |TAMS 0x000000070c800000| PB 0x000000070c800000| Untracked |  0
|  68|0x000000070c800000, 0x000000070ca00000, 0x000000070ca00000|100%| O|  |TAMS 0x000000070ca00000| PB 0x000000070ca00000| Untracked |  0
|  69|0x000000070ca00000, 0x000000070cc00000, 0x000000070cc00000|100%| O|  |TAMS 0x000000070cc00000| PB 0x000000070cc00000| Untracked |  0
|  70|0x000000070cc00000, 0x000000070ce00000, 0x000000070ce00000|100%| O|  |TAMS 0x000000070ce00000| PB 0x000000070ce00000| Untracked |  0
|  71|0x000000070ce00000, 0x000000070d000000, 0x000000070d000000|100%| O|  |TAMS 0x000000070d000000| PB 0x000000070d000000| Untracked |  0
|  72|0x000000070d000000, 0x000000070d200000, 0x000000070d200000|100%| O|  |TAMS 0x000000070d200000| PB 0x000000070d200000| Untracked |  0
|  73|0x000000070d200000, 0x000000070d400000, 0x000000070d400000|100%| O|  |TAMS 0x000000070d400000| PB 0x000000070d400000| Untracked |  0
|  74|0x000000070d400000, 0x000000070d600000, 0x000000070d600000|100%| O|  |TAMS 0x000000070d600000| PB 0x000000070d600000| Untracked |  0
|  75|0x000000070d600000, 0x000000070d800000, 0x000000070d800000|100%| O|  |TAMS 0x000000070d800000| PB 0x000000070d800000| Untracked |  0
|  76|0x000000070d800000, 0x000000070da00000, 0x000000070da00000|100%| O|  |TAMS 0x000000070da00000| PB 0x000000070da00000| Untracked |  0
|  77|0x000000070da00000, 0x000000070dc00000, 0x000000070dc00000|100%| O|  |TAMS 0x000000070dc00000| PB 0x000000070dc00000| Untracked |  0
|  78|0x000000070dc00000, 0x000000070de00000, 0x000000070de00000|100%| O|  |TAMS 0x000000070de00000| PB 0x000000070de00000| Untracked |  0
|  79|0x000000070de00000, 0x000000070e000000, 0x000000070e000000|100%| O|  |TAMS 0x000000070e000000| PB 0x000000070e000000| Untracked |  0
|  80|0x000000070e000000, 0x000000070e200000, 0x000000070e200000|100%| O|  |TAMS 0x000000070e200000| PB 0x000000070e200000| Untracked |  0
|  81|0x000000070e200000, 0x000000070e400000, 0x000000070e400000|100%| O|  |TAMS 0x000000070e400000| PB 0x000000070e400000| Untracked |  0
|  82|0x000000070e400000, 0x000000070e600000, 0x000000070e600000|100%| O|  |TAMS 0x000000070e600000| PB 0x000000070e600000| Untracked |  0
|  83|0x000000070e600000, 0x000000070e800000, 0x000000070e800000|100%| O|  |TAMS 0x000000070e600000| PB 0x000000070e600000| Untracked |  0
|  84|0x000000070e800000, 0x000000070ea00000, 0x000000070ea00000|100%| O|  |TAMS 0x000000070ea00000| PB 0x000000070ea00000| Untracked |  0
|  85|0x000000070ea00000, 0x000000070ec00000, 0x000000070ec00000|100%| O|  |TAMS 0x000000070ec00000| PB 0x000000070ec00000| Untracked |  0
|  86|0x000000070ec00000, 0x000000070ee00000, 0x000000070ee00000|100%| O|  |TAMS 0x000000070ee00000| PB 0x000000070ee00000| Untracked |  0
|  87|0x000000070ee00000, 0x000000070f000000, 0x000000070f000000|100%| O|  |TAMS 0x000000070f000000| PB 0x000000070f000000| Untracked |  0
|  88|0x000000070f000000, 0x000000070f200000, 0x000000070f200000|100%| O|  |TAMS 0x000000070f200000| PB 0x000000070f200000| Untracked |  0
|  89|0x000000070f200000, 0x000000070f400000, 0x000000070f400000|100%| O|  |TAMS 0x000000070f400000| PB 0x000000070f400000| Untracked |  0
|  90|0x000000070f400000, 0x000000070f600000, 0x000000070f600000|100%| O|  |TAMS 0x000000070f600000| PB 0x000000070f600000| Untracked |  0
|  91|0x000000070f600000, 0x000000070f800000, 0x000000070f800000|100%| O|  |TAMS 0x000000070f800000| PB 0x000000070f800000| Untracked |  0
|  92|0x000000070f800000, 0x000000070fa00000, 0x000000070fa00000|100%| O|  |TAMS 0x000000070fa00000| PB 0x000000070fa00000| Untracked |  0
|  93|0x000000070fa00000, 0x000000070fc00000, 0x000000070fc00000|100%| O|  |TAMS 0x000000070fc00000| PB 0x000000070fc00000| Untracked |  0
|  94|0x000000070fc00000, 0x000000070fe00000, 0x000000070fe00000|100%| O|  |TAMS 0x000000070fe00000| PB 0x000000070fe00000| Untracked |  0
|  95|0x000000070fe00000, 0x0000000710000000, 0x0000000710000000|100%| O|  |TAMS 0x0000000710000000| PB 0x0000000710000000| Untracked |  0
|  96|0x0000000710000000, 0x0000000710200000, 0x0000000710200000|100%| O|  |TAMS 0x0000000710200000| PB 0x0000000710200000| Untracked |  0
|  97|0x0000000710200000, 0x0000000710400000, 0x0000000710400000|100%| O|  |TAMS 0x0000000710200000| PB 0x0000000710200000| Untracked |  0
|  98|0x0000000710400000, 0x0000000710600000, 0x0000000710600000|100%| O|  |TAMS 0x0000000710600000| PB 0x0000000710600000| Untracked |  0
|  99|0x0000000710600000, 0x0000000710800000, 0x0000000710800000|100%| O|  |TAMS 0x0000000710800000| PB 0x0000000710800000| Untracked |  0
| 100|0x0000000710800000, 0x0000000710a00000, 0x0000000710a00000|100%| O|  |TAMS 0x0000000710a00000| PB 0x0000000710a00000| Untracked |  0
| 101|0x0000000710a00000, 0x0000000710c00000, 0x0000000710c00000|100%| O|  |TAMS 0x0000000710c00000| PB 0x0000000710c00000| Untracked |  0
| 102|0x0000000710c00000, 0x0000000710e00000, 0x0000000710e00000|100%| O|  |TAMS 0x0000000710e00000| PB 0x0000000710e00000| Untracked |  0
| 103|0x0000000710e00000, 0x0000000711000000, 0x0000000711000000|100%| O|  |TAMS 0x0000000711000000| PB 0x0000000711000000| Untracked |  0
| 104|0x0000000711000000, 0x0000000711200000, 0x0000000711200000|100%| O|  |TAMS 0x0000000711200000| PB 0x0000000711200000| Untracked |  0
| 105|0x0000000711200000, 0x0000000711400000, 0x0000000711400000|100%| O|  |TAMS 0x0000000711400000| PB 0x0000000711400000| Untracked |  0
| 106|0x0000000711400000, 0x0000000711600000, 0x0000000711600000|100%| O|  |TAMS 0x0000000711600000| PB 0x0000000711600000| Untracked |  0
| 107|0x0000000711600000, 0x0000000711800000, 0x0000000711800000|100%| O|  |TAMS 0x0000000711800000| PB 0x0000000711800000| Untracked |  0
| 108|0x0000000711800000, 0x0000000711a00000, 0x0000000711a00000|100%| O|  |TAMS 0x0000000711a00000| PB 0x0000000711a00000| Untracked |  0
| 109|0x0000000711a00000, 0x0000000711c00000, 0x0000000711c00000|100%| O|  |TAMS 0x0000000711c00000| PB 0x0000000711c00000| Untracked |  0
| 110|0x0000000711c00000, 0x0000000711e00000, 0x0000000711e00000|100%| O|  |TAMS 0x0000000711e00000| PB 0x0000000711e00000| Untracked |  0
| 111|0x0000000711e00000, 0x0000000712000000, 0x0000000712000000|100%| O|  |TAMS 0x0000000712000000| PB 0x0000000712000000| Untracked |  0
| 112|0x0000000712000000, 0x0000000712200000, 0x0000000712200000|100%| O|  |TAMS 0x0000000712200000| PB 0x0000000712200000| Untracked |  0
| 113|0x0000000712200000, 0x0000000712400000, 0x0000000712400000|100%| O|  |TAMS 0x0000000712400000| PB 0x0000000712400000| Untracked |  0
| 114|0x0000000712400000, 0x0000000712600000, 0x0000000712600000|100%| O|  |TAMS 0x0000000712600000| PB 0x0000000712600000| Untracked |  0
| 115|0x0000000712600000, 0x0000000712800000, 0x0000000712800000|100%| O|  |TAMS 0x0000000712800000| PB 0x0000000712800000| Untracked |  0
| 116|0x0000000712800000, 0x0000000712a00000, 0x0000000712a00000|100%| O|  |TAMS 0x0000000712a00000| PB 0x0000000712a00000| Untracked |  0
| 117|0x0000000712a00000, 0x0000000712c00000, 0x0000000712c00000|100%| O|  |TAMS 0x0000000712c00000| PB 0x0000000712c00000| Untracked |  0
| 118|0x0000000712c00000, 0x0000000712e00000, 0x0000000712e00000|100%| O|  |TAMS 0x0000000712e00000| PB 0x0000000712e00000| Untracked |  0
| 119|0x0000000712e00000, 0x0000000713000000, 0x0000000713000000|100%| O|  |TAMS 0x0000000713000000| PB 0x0000000713000000| Untracked |  0
| 120|0x0000000713000000, 0x0000000713200000, 0x0000000713200000|100%| O|  |TAMS 0x0000000713200000| PB 0x0000000713200000| Untracked |  0
| 121|0x0000000713200000, 0x0000000713400000, 0x0000000713400000|100%| O|  |TAMS 0x0000000713400000| PB 0x0000000713400000| Untracked |  0
| 122|0x0000000713400000, 0x0000000713600000, 0x0000000713600000|100%| O|  |TAMS 0x0000000713600000| PB 0x0000000713600000| Untracked |  0
| 123|0x0000000713600000, 0x0000000713800000, 0x0000000713800000|100%| O|  |TAMS 0x0000000713800000| PB 0x0000000713800000| Untracked |  0
| 124|0x0000000713800000, 0x0000000713a00000, 0x0000000713a00000|100%| O|  |TAMS 0x0000000713a00000| PB 0x0000000713a00000| Untracked |  0
| 125|0x0000000713a00000, 0x0000000713c00000, 0x0000000713c00000|100%| O|  |TAMS 0x0000000713c00000| PB 0x0000000713c00000| Untracked |  0
| 126|0x0000000713c00000, 0x0000000713e00000, 0x0000000713e00000|100%| O|  |TAMS 0x0000000713e00000| PB 0x0000000713e00000| Untracked |  0
| 127|0x0000000713e00000, 0x0000000714000000, 0x0000000714000000|100%| O|  |TAMS 0x0000000714000000| PB 0x0000000714000000| Untracked |  0
| 128|0x0000000714000000, 0x0000000714200000, 0x0000000714200000|100%| O|  |TAMS 0x0000000714200000| PB 0x0000000714200000| Untracked |  0
| 129|0x0000000714200000, 0x0000000714400000, 0x0000000714400000|100%| O|  |TAMS 0x0000000714400000| PB 0x0000000714400000| Untracked |  0
| 130|0x0000000714400000, 0x0000000714600000, 0x0000000714600000|100%| O|  |TAMS 0x0000000714600000| PB 0x0000000714600000| Untracked |  0
| 131|0x0000000714600000, 0x0000000714800000, 0x0000000714800000|100%| O|  |TAMS 0x0000000714800000| PB 0x0000000714800000| Untracked |  0
| 132|0x0000000714800000, 0x0000000714a00000, 0x0000000714a00000|100%| O|  |TAMS 0x0000000714a00000| PB 0x0000000714a00000| Untracked |  0
| 133|0x0000000714a00000, 0x0000000714c00000, 0x0000000714c00000|100%| O|  |TAMS 0x0000000714c00000| PB 0x0000000714c00000| Untracked |  0
| 134|0x0000000714c00000, 0x0000000714e00000, 0x0000000714e00000|100%| O|  |TAMS 0x0000000714e00000| PB 0x0000000714e00000| Untracked |  0
| 135|0x0000000714e00000, 0x0000000715000000, 0x0000000715000000|100%| O|  |TAMS 0x0000000715000000| PB 0x0000000715000000| Untracked |  0
| 136|0x0000000715000000, 0x0000000715200000, 0x0000000715200000|100%| O|  |TAMS 0x0000000715200000| PB 0x0000000715200000| Untracked |  0
| 137|0x0000000715200000, 0x0000000715400000, 0x0000000715400000|100%| O|  |TAMS 0x0000000715400000| PB 0x0000000715400000| Untracked |  0
| 138|0x0000000715400000, 0x0000000715600000, 0x0000000715600000|100%| O|  |TAMS 0x0000000715600000| PB 0x0000000715600000| Untracked |  0
| 139|0x0000000715600000, 0x0000000715800000, 0x0000000715800000|100%| O|  |TAMS 0x0000000715800000| PB 0x0000000715800000| Untracked |  0
| 140|0x0000000715800000, 0x0000000715a00000, 0x0000000715a00000|100%| O|  |TAMS 0x0000000715a00000| PB 0x0000000715a00000| Untracked |  0
| 141|0x0000000715a00000, 0x0000000715c00000, 0x0000000715c00000|100%| O|  |TAMS 0x0000000715c00000| PB 0x0000000715c00000| Untracked |  0
| 142|0x0000000715c00000, 0x0000000715e00000, 0x0000000715e00000|100%| O|  |TAMS 0x0000000715e00000| PB 0x0000000715e00000| Untracked |  0
| 143|0x0000000715e00000, 0x0000000716000000, 0x0000000716000000|100%| O|  |TAMS 0x0000000716000000| PB 0x0000000716000000| Untracked |  0
| 144|0x0000000716000000, 0x0000000716200000, 0x0000000716200000|100%| O|  |TAMS 0x0000000716200000| PB 0x0000000716200000| Untracked |  0
| 145|0x0000000716200000, 0x0000000716400000, 0x0000000716400000|100%| O|  |TAMS 0x0000000716400000| PB 0x0000000716400000| Untracked |  0
| 146|0x0000000716400000, 0x0000000716600000, 0x0000000716600000|100%| O|  |TAMS 0x0000000716600000| PB 0x0000000716600000| Untracked |  0
| 147|0x0000000716600000, 0x0000000716800000, 0x0000000716800000|100%| O|Cm|TAMS 0x0000000716800000| PB 0x0000000716800000| Updating |  0
| 148|0x0000000716800000, 0x0000000716a00000, 0x0000000716a00000|100%| O|  |TAMS 0x0000000716a00000| PB 0x0000000716a00000| Untracked |  0
| 149|0x0000000716a00000, 0x0000000716c00000, 0x0000000716c00000|100%| O|  |TAMS 0x0000000716c00000| PB 0x0000000716c00000| Untracked |  0
| 150|0x0000000716c00000, 0x0000000716e00000, 0x0000000716e00000|100%| O|  |TAMS 0x0000000716e00000| PB 0x0000000716e00000| Untracked |  0
| 151|0x0000000716e00000, 0x0000000717000000, 0x0000000717000000|100%| O|  |TAMS 0x0000000717000000| PB 0x0000000717000000| Untracked |  0
| 152|0x0000000717000000, 0x0000000717200000, 0x0000000717200000|100%| O|  |TAMS 0x0000000717200000| PB 0x0000000717200000| Untracked |  0
| 153|0x0000000717200000, 0x0000000717400000, 0x0000000717400000|100%| O|  |TAMS 0x0000000717400000| PB 0x0000000717400000| Untracked |  0
| 154|0x0000000717400000, 0x0000000717600000, 0x0000000717600000|100%| O|  |TAMS 0x0000000717600000| PB 0x0000000717600000| Untracked |  0
| 155|0x0000000717600000, 0x0000000717800000, 0x0000000717800000|100%| O|  |TAMS 0x0000000717800000| PB 0x0000000717800000| Untracked |  0
| 156|0x0000000717800000, 0x0000000717a00000, 0x0000000717a00000|100%| O|  |TAMS 0x0000000717a00000| PB 0x0000000717a00000| Untracked |  0
| 157|0x0000000717a00000, 0x0000000717c00000, 0x0000000717c00000|100%| O|  |TAMS 0x0000000717c00000| PB 0x0000000717c00000| Untracked |  0
| 158|0x0000000717c00000, 0x0000000717e00000, 0x0000000717e00000|100%| O|  |TAMS 0x0000000717e00000| PB 0x0000000717e00000| Untracked |  0
| 159|0x0000000717e00000, 0x0000000718000000, 0x0000000718000000|100%| O|  |TAMS 0x0000000718000000| PB 0x0000000718000000| Untracked |  0
| 160|0x0000000718000000, 0x0000000718200000, 0x0000000718200000|100%| O|  |TAMS 0x0000000718200000| PB 0x0000000718200000| Untracked |  0
| 161|0x0000000718200000, 0x0000000718400000, 0x0000000718400000|100%| O|  |TAMS 0x0000000718400000| PB 0x0000000718400000| Untracked |  0
| 162|0x0000000718400000, 0x0000000718600000, 0x0000000718600000|100%| O|  |TAMS 0x0000000718600000| PB 0x0000000718600000| Untracked |  0
| 163|0x0000000718600000, 0x0000000718800000, 0x0000000718800000|100%| O|  |TAMS 0x0000000718800000| PB 0x0000000718800000| Untracked |  0
| 164|0x0000000718800000, 0x0000000718a00000, 0x0000000718a00000|100%| O|  |TAMS 0x0000000718a00000| PB 0x0000000718a00000| Untracked |  0
| 165|0x0000000718a00000, 0x0000000718c00000, 0x0000000718c00000|100%| O|  |TAMS 0x0000000718c00000| PB 0x0000000718c00000| Untracked |  0
| 166|0x0000000718c00000, 0x0000000718e00000, 0x0000000718e00000|100%| O|  |TAMS 0x0000000718e00000| PB 0x0000000718e00000| Untracked |  0
| 167|0x0000000718e00000, 0x0000000719000000, 0x0000000719000000|100%| O|  |TAMS 0x0000000719000000| PB 0x0000000719000000| Untracked |  0
| 168|0x0000000719000000, 0x0000000719200000, 0x0000000719200000|100%| O|  |TAMS 0x0000000719200000| PB 0x0000000719200000| Untracked |  0
| 169|0x0000000719200000, 0x0000000719400000, 0x0000000719400000|100%| O|  |TAMS 0x0000000719400000| PB 0x0000000719400000| Untracked |  0
| 170|0x0000000719400000, 0x0000000719600000, 0x0000000719600000|100%| O|  |TAMS 0x0000000719600000| PB 0x0000000719600000| Untracked |  0
| 171|0x0000000719600000, 0x0000000719800000, 0x0000000719800000|100%| O|  |TAMS 0x0000000719800000| PB 0x0000000719800000| Untracked |  0
| 172|0x0000000719800000, 0x0000000719a00000, 0x0000000719a00000|100%| O|  |TAMS 0x0000000719a00000| PB 0x0000000719a00000| Untracked |  0
| 173|0x0000000719a00000, 0x0000000719c00000, 0x0000000719c00000|100%| O|  |TAMS 0x0000000719c00000| PB 0x0000000719c00000| Untracked |  0
| 174|0x0000000719c00000, 0x0000000719e00000, 0x0000000719e00000|100%| O|  |TAMS 0x0000000719e00000| PB 0x0000000719e00000| Untracked |  0
| 175|0x0000000719e00000, 0x000000071a000000, 0x000000071a000000|100%| O|  |TAMS 0x000000071a000000| PB 0x000000071a000000| Untracked |  0
| 176|0x000000071a000000, 0x000000071a200000, 0x000000071a200000|100%| O|  |TAMS 0x000000071a200000| PB 0x000000071a200000| Untracked |  0
| 177|0x000000071a200000, 0x000000071a400000, 0x000000071a400000|100%| O|  |TAMS 0x000000071a400000| PB 0x000000071a400000| Untracked |  0
| 178|0x000000071a400000, 0x000000071a600000, 0x000000071a600000|100%| O|  |TAMS 0x000000071a600000| PB 0x000000071a600000| Untracked |  0
| 179|0x000000071a600000, 0x000000071a800000, 0x000000071a800000|100%| O|  |TAMS 0x000000071a800000| PB 0x000000071a800000| Untracked |  0
| 180|0x000000071a800000, 0x000000071aa00000, 0x000000071aa00000|100%| O|  |TAMS 0x000000071aa00000| PB 0x000000071aa00000| Untracked |  0
| 181|0x000000071aa00000, 0x000000071ac00000, 0x000000071ac00000|100%| O|  |TAMS 0x000000071ac00000| PB 0x000000071ac00000| Untracked |  0
| 182|0x000000071ac00000, 0x000000071ae00000, 0x000000071ae00000|100%| O|  |TAMS 0x000000071ae00000| PB 0x000000071ae00000| Untracked |  0
| 183|0x000000071ae00000, 0x000000071b000000, 0x000000071b000000|100%| O|  |TAMS 0x000000071b000000| PB 0x000000071b000000| Untracked |  0
| 184|0x000000071b000000, 0x000000071b200000, 0x000000071b200000|100%| O|  |TAMS 0x000000071b200000| PB 0x000000071b200000| Untracked |  0
| 185|0x000000071b200000, 0x000000071b400000, 0x000000071b400000|100%| O|  |TAMS 0x000000071b400000| PB 0x000000071b400000| Untracked |  0
| 186|0x000000071b400000, 0x000000071b600000, 0x000000071b600000|100%| O|  |TAMS 0x000000071b600000| PB 0x000000071b600000| Untracked |  0
| 187|0x000000071b600000, 0x000000071b800000, 0x000000071b800000|100%| O|  |TAMS 0x000000071b800000| PB 0x000000071b800000| Untracked |  0
| 188|0x000000071b800000, 0x000000071ba00000, 0x000000071ba00000|100%| O|  |TAMS 0x000000071ba00000| PB 0x000000071ba00000| Untracked |  0
| 189|0x000000071ba00000, 0x000000071bc00000, 0x000000071bc00000|100%| O|  |TAMS 0x000000071bc00000| PB 0x000000071bc00000| Untracked |  0
| 190|0x000000071bc00000, 0x000000071be00000, 0x000000071be00000|100%| O|  |TAMS 0x000000071be00000| PB 0x000000071be00000| Untracked |  0
| 191|0x000000071be00000, 0x000000071c000000, 0x000000071c000000|100%| O|  |TAMS 0x000000071c000000| PB 0x000000071c000000| Untracked |  0
| 192|0x000000071c000000, 0x000000071c200000, 0x000000071c200000|100%| O|  |TAMS 0x000000071c200000| PB 0x000000071c200000| Untracked |  0
| 193|0x000000071c200000, 0x000000071c400000, 0x000000071c400000|100%| O|  |TAMS 0x000000071c400000| PB 0x000000071c400000| Untracked |  0
| 194|0x000000071c400000, 0x000000071c600000, 0x000000071c600000|100%| O|  |TAMS 0x000000071c600000| PB 0x000000071c600000| Untracked |  0
| 195|0x000000071c600000, 0x000000071c800000, 0x000000071c800000|100%| O|  |TAMS 0x000000071c800000| PB 0x000000071c800000| Untracked |  0
| 196|0x000000071c800000, 0x000000071ca00000, 0x000000071ca00000|100%| O|  |TAMS 0x000000071ca00000| PB 0x000000071ca00000| Untracked |  0
| 197|0x000000071ca00000, 0x000000071cc00000, 0x000000071cc00000|100%| O|  |TAMS 0x000000071cc00000| PB 0x000000071cc00000| Untracked |  0
| 198|0x000000071cc00000, 0x000000071ce00000, 0x000000071ce00000|100%| O|  |TAMS 0x000000071ce00000| PB 0x000000071ce00000| Untracked |  0
| 199|0x000000071ce00000, 0x000000071d000000, 0x000000071d000000|100%| O|  |TAMS 0x000000071d000000| PB 0x000000071d000000| Untracked |  0
| 200|0x000000071d000000, 0x000000071d200000, 0x000000071d200000|100%| O|  |TAMS 0x000000071d200000| PB 0x000000071d200000| Untracked |  0
| 201|0x000000071d200000, 0x000000071d400000, 0x000000071d400000|100%| O|  |TAMS 0x000000071d200000| PB 0x000000071d200000| Untracked |  0
| 202|0x000000071d400000, 0x000000071d600000, 0x000000071d600000|100%| O|  |TAMS 0x000000071d600000| PB 0x000000071d600000| Untracked |  0
| 203|0x000000071d600000, 0x000000071d800000, 0x000000071d800000|100%| O|  |TAMS 0x000000071d800000| PB 0x000000071d800000| Untracked |  0
| 204|0x000000071d800000, 0x000000071da00000, 0x000000071da00000|100%| O|  |TAMS 0x000000071da00000| PB 0x000000071da00000| Untracked |  0
| 205|0x000000071da00000, 0x000000071dc00000, 0x000000071dc00000|100%| O|  |TAMS 0x000000071dc00000| PB 0x000000071dc00000| Untracked |  0
| 206|0x000000071dc00000, 0x000000071de00000, 0x000000071de00000|100%| O|  |TAMS 0x000000071de00000| PB 0x000000071de00000| Untracked |  0
| 207|0x000000071de00000, 0x000000071e000000, 0x000000071e000000|100%| O|  |TAMS 0x000000071e000000| PB 0x000000071e000000| Untracked |  0
| 208|0x000000071e000000, 0x000000071e200000, 0x000000071e200000|100%| O|  |TAMS 0x000000071e200000| PB 0x000000071e200000| Untracked |  0
| 209|0x000000071e200000, 0x000000071e400000, 0x000000071e400000|100%| O|  |TAMS 0x000000071e400000| PB 0x000000071e400000| Untracked |  0
| 210|0x000000071e400000, 0x000000071e600000, 0x000000071e600000|100%| O|  |TAMS 0x000000071e600000| PB 0x000000071e600000| Untracked |  0
| 211|0x000000071e600000, 0x000000071e800000, 0x000000071e800000|100%| O|  |TAMS 0x000000071e800000| PB 0x000000071e800000| Untracked |  0
| 212|0x000000071e800000, 0x000000071ea00000, 0x000000071ea00000|100%| O|  |TAMS 0x000000071ea00000| PB 0x000000071ea00000| Untracked |  0
| 213|0x000000071ea00000, 0x000000071ec00000, 0x000000071ec00000|100%| O|  |TAMS 0x000000071ec00000| PB 0x000000071ec00000| Untracked |  0
| 214|0x000000071ec00000, 0x000000071ee00000, 0x000000071ee00000|100%| O|  |TAMS 0x000000071ee00000| PB 0x000000071ee00000| Untracked |  0
| 215|0x000000071ee00000, 0x000000071f000000, 0x000000071f000000|100%| O|  |TAMS 0x000000071f000000| PB 0x000000071f000000| Untracked |  0
| 216|0x000000071f000000, 0x000000071f200000, 0x000000071f200000|100%| O|  |TAMS 0x000000071f200000| PB 0x000000071f200000| Untracked |  0
| 217|0x000000071f200000, 0x000000071f400000, 0x000000071f400000|100%| O|  |TAMS 0x000000071f400000| PB 0x000000071f400000| Untracked |  0
| 218|0x000000071f400000, 0x000000071f600000, 0x000000071f600000|100%| O|  |TAMS 0x000000071f600000| PB 0x000000071f600000| Untracked |  0
| 219|0x000000071f600000, 0x000000071f800000, 0x000000071f800000|100%| O|  |TAMS 0x000000071f800000| PB 0x000000071f800000| Untracked |  0
| 220|0x000000071f800000, 0x000000071fa00000, 0x000000071fa00000|100%| O|  |TAMS 0x000000071fa00000| PB 0x000000071fa00000| Untracked |  0
| 221|0x000000071fa00000, 0x000000071fc00000, 0x000000071fc00000|100%| O|  |TAMS 0x000000071fc00000| PB 0x000000071fc00000| Untracked |  0
| 222|0x000000071fc00000, 0x000000071fe00000, 0x000000071fe00000|100%| O|  |TAMS 0x000000071fe00000| PB 0x000000071fe00000| Untracked |  0
| 223|0x000000071fe00000, 0x0000000720000000, 0x0000000720000000|100%| O|  |TAMS 0x0000000720000000| PB 0x0000000720000000| Untracked |  0
| 224|0x0000000720000000, 0x0000000720200000, 0x0000000720200000|100%| O|  |TAMS 0x0000000720200000| PB 0x0000000720200000| Untracked |  0
| 225|0x0000000720200000, 0x0000000720400000, 0x0000000720400000|100%| O|  |TAMS 0x0000000720400000| PB 0x0000000720400000| Untracked |  0
| 226|0x0000000720400000, 0x0000000720600000, 0x0000000720600000|100%| O|  |TAMS 0x0000000720600000| PB 0x0000000720600000| Untracked |  0
| 227|0x0000000720600000, 0x0000000720800000, 0x0000000720800000|100%| O|  |TAMS 0x0000000720800000| PB 0x0000000720800000| Untracked |  0
| 228|0x0000000720800000, 0x0000000720a00000, 0x0000000720a00000|100%| O|  |TAMS 0x0000000720a00000| PB 0x0000000720a00000| Untracked |  0
| 229|0x0000000720a00000, 0x0000000720c00000, 0x0000000720c00000|100%| O|  |TAMS 0x0000000720c00000| PB 0x0000000720c00000| Untracked |  0
| 230|0x0000000720c00000, 0x0000000720e00000, 0x0000000720e00000|100%| O|  |TAMS 0x0000000720e00000| PB 0x0000000720e00000| Untracked |  0
| 231|0x0000000720e00000, 0x0000000721000000, 0x0000000721000000|100%| O|  |TAMS 0x0000000721000000| PB 0x0000000721000000| Untracked |  0
| 232|0x0000000721000000, 0x0000000721200000, 0x0000000721200000|100%| O|  |TAMS 0x0000000721200000| PB 0x0000000721200000| Untracked |  0
| 233|0x0000000721200000, 0x0000000721400000, 0x0000000721400000|100%| O|  |TAMS 0x0000000721400000| PB 0x0000000721400000| Untracked |  0
| 234|0x0000000721400000, 0x0000000721600000, 0x0000000721600000|100%| O|  |TAMS 0x0000000721600000| PB 0x0000000721600000| Untracked |  0
| 235|0x0000000721600000, 0x0000000721800000, 0x0000000721800000|100%| O|  |TAMS 0x0000000721800000| PB 0x0000000721800000| Untracked |  0
| 236|0x0000000721800000, 0x0000000721a00000, 0x0000000721a00000|100%| O|  |TAMS 0x0000000721a00000| PB 0x0000000721a00000| Untracked |  0
| 237|0x0000000721a00000, 0x0000000721c00000, 0x0000000721c00000|100%| O|  |TAMS 0x0000000721c00000| PB 0x0000000721c00000| Untracked |  0
| 238|0x0000000721c00000, 0x0000000721e00000, 0x0000000721e00000|100%| O|  |TAMS 0x0000000721e00000| PB 0x0000000721e00000| Untracked |  0
| 239|0x0000000721e00000, 0x0000000722000000, 0x0000000722000000|100%| O|  |TAMS 0x0000000722000000| PB 0x0000000722000000| Untracked |  0
| 240|0x0000000722000000, 0x0000000722200000, 0x0000000722200000|100%| O|  |TAMS 0x0000000722200000| PB 0x0000000722200000| Untracked |  0
| 241|0x0000000722200000, 0x0000000722400000, 0x0000000722400000|100%| O|  |TAMS 0x0000000722400000| PB 0x0000000722400000| Untracked |  0
| 242|0x0000000722400000, 0x0000000722600000, 0x0000000722600000|100%| O|  |TAMS 0x0000000722600000| PB 0x0000000722600000| Untracked |  0
| 243|0x0000000722600000, 0x0000000722800000, 0x0000000722800000|100%| O|  |TAMS 0x0000000722800000| PB 0x0000000722800000| Untracked |  0
| 244|0x0000000722800000, 0x0000000722a00000, 0x0000000722a00000|100%| O|  |TAMS 0x0000000722a00000| PB 0x0000000722a00000| Untracked |  0
| 245|0x0000000722a00000, 0x0000000722c00000, 0x0000000722c00000|100%| O|  |TAMS 0x0000000722c00000| PB 0x0000000722c00000| Untracked |  0
| 246|0x0000000722c00000, 0x0000000722e00000, 0x0000000722e00000|100%| O|  |TAMS 0x0000000722e00000| PB 0x0000000722e00000| Untracked |  0
| 247|0x0000000722e00000, 0x0000000723000000, 0x0000000723000000|100%| O|  |TAMS 0x0000000723000000| PB 0x0000000723000000| Untracked |  0
| 248|0x0000000723000000, 0x0000000723200000, 0x0000000723200000|100%| O|  |TAMS 0x0000000723200000| PB 0x0000000723200000| Untracked |  0
| 249|0x0000000723200000, 0x0000000723400000, 0x0000000723400000|100%| O|  |TAMS 0x0000000723400000| PB 0x0000000723400000| Untracked |  0
| 250|0x0000000723400000, 0x0000000723600000, 0x0000000723600000|100%| O|  |TAMS 0x0000000723600000| PB 0x0000000723600000| Untracked |  0
| 251|0x0000000723600000, 0x0000000723800000, 0x0000000723800000|100%| O|  |TAMS 0x0000000723800000| PB 0x0000000723800000| Untracked |  0
| 252|0x0000000723800000, 0x0000000723a00000, 0x0000000723a00000|100%| O|  |TAMS 0x0000000723a00000| PB 0x0000000723a00000| Untracked |  0
| 253|0x0000000723a00000, 0x0000000723c00000, 0x0000000723c00000|100%| O|  |TAMS 0x0000000723c00000| PB 0x0000000723c00000| Untracked |  0
| 254|0x0000000723c00000, 0x0000000723e00000, 0x0000000723e00000|100%| O|  |TAMS 0x0000000723e00000| PB 0x0000000723e00000| Untracked |  0
| 255|0x0000000723e00000, 0x0000000724000000, 0x0000000724000000|100%| O|  |TAMS 0x0000000724000000| PB 0x0000000724000000| Untracked |  0
| 256|0x0000000724000000, 0x0000000724200000, 0x0000000724200000|100%| O|  |TAMS 0x0000000724200000| PB 0x0000000724200000| Untracked |  0
| 257|0x0000000724200000, 0x0000000724400000, 0x0000000724400000|100%| O|  |TAMS 0x0000000724400000| PB 0x0000000724400000| Untracked |  0
| 258|0x0000000724400000, 0x0000000724600000, 0x0000000724600000|100%| O|  |TAMS 0x0000000724600000| PB 0x0000000724600000| Untracked |  0
| 259|0x0000000724600000, 0x0000000724800000, 0x0000000724800000|100%| O|  |TAMS 0x0000000724800000| PB 0x0000000724800000| Untracked |  0
| 260|0x0000000724800000, 0x0000000724a00000, 0x0000000724a00000|100%| O|  |TAMS 0x0000000724a00000| PB 0x0000000724a00000| Untracked |  0
| 261|0x0000000724a00000, 0x0000000724c00000, 0x0000000724c00000|100%| O|  |TAMS 0x0000000724c00000| PB 0x0000000724c00000| Untracked |  0
| 262|0x0000000724c00000, 0x0000000724e00000, 0x0000000724e00000|100%| O|  |TAMS 0x0000000724e00000| PB 0x0000000724e00000| Untracked |  0
| 263|0x0000000724e00000, 0x0000000725000000, 0x0000000725000000|100%| O|  |TAMS 0x0000000725000000| PB 0x0000000725000000| Untracked |  0
| 264|0x0000000725000000, 0x0000000725200000, 0x0000000725200000|100%| O|  |TAMS 0x0000000725200000| PB 0x0000000725200000| Untracked |  0
| 265|0x0000000725200000, 0x0000000725400000, 0x0000000725400000|100%| O|  |TAMS 0x0000000725400000| PB 0x0000000725400000| Untracked |  0
| 266|0x0000000725400000, 0x0000000725600000, 0x0000000725600000|100%| O|  |TAMS 0x0000000725600000| PB 0x0000000725600000| Untracked |  0
| 267|0x0000000725600000, 0x0000000725800000, 0x0000000725800000|100%| O|  |TAMS 0x0000000725800000| PB 0x0000000725800000| Untracked |  0
| 268|0x0000000725800000, 0x0000000725a00000, 0x0000000725a00000|100%| O|  |TAMS 0x0000000725a00000| PB 0x0000000725a00000| Untracked |  0
| 269|0x0000000725a00000, 0x0000000725c00000, 0x0000000725c00000|100%| O|  |TAMS 0x0000000725c00000| PB 0x0000000725c00000| Untracked |  0
| 270|0x0000000725c00000, 0x0000000725e00000, 0x0000000725e00000|100%| O|  |TAMS 0x0000000725e00000| PB 0x0000000725e00000| Untracked |  0
| 271|0x0000000725e00000, 0x0000000726000000, 0x0000000726000000|100%| O|  |TAMS 0x0000000726000000| PB 0x0000000726000000| Untracked |  0
| 272|0x0000000726000000, 0x0000000726200000, 0x0000000726200000|100%| O|  |TAMS 0x0000000726200000| PB 0x0000000726200000| Untracked |  0
| 273|0x0000000726200000, 0x0000000726400000, 0x0000000726400000|100%| O|  |TAMS 0x0000000726400000| PB 0x0000000726400000| Untracked |  0
| 274|0x0000000726400000, 0x0000000726600000, 0x0000000726600000|100%| O|  |TAMS 0x0000000726600000| PB 0x0000000726600000| Untracked |  0
| 275|0x0000000726600000, 0x0000000726800000, 0x0000000726800000|100%| O|  |TAMS 0x0000000726800000| PB 0x0000000726800000| Untracked |  0
| 276|0x0000000726800000, 0x0000000726a00000, 0x0000000726a00000|100%| O|  |TAMS 0x0000000726a00000| PB 0x0000000726a00000| Untracked |  0
| 277|0x0000000726a00000, 0x0000000726c00000, 0x0000000726c00000|100%| O|  |TAMS 0x0000000726c00000| PB 0x0000000726c00000| Untracked |  0
| 278|0x0000000726c00000, 0x0000000726e00000, 0x0000000726e00000|100%| O|  |TAMS 0x0000000726e00000| PB 0x0000000726e00000| Untracked |  0
| 279|0x0000000726e00000, 0x0000000727000000, 0x0000000727000000|100%| O|  |TAMS 0x0000000727000000| PB 0x0000000727000000| Untracked |  0
| 280|0x0000000727000000, 0x0000000727200000, 0x0000000727200000|100%| O|  |TAMS 0x0000000727200000| PB 0x0000000727200000| Untracked |  0
| 281|0x0000000727200000, 0x0000000727400000, 0x0000000727400000|100%| O|  |TAMS 0x0000000727400000| PB 0x0000000727400000| Untracked |  0
| 282|0x0000000727400000, 0x0000000727600000, 0x0000000727600000|100%| O|  |TAMS 0x0000000727600000| PB 0x0000000727600000| Untracked |  0
| 283|0x0000000727600000, 0x0000000727800000, 0x0000000727800000|100%| O|  |TAMS 0x0000000727800000| PB 0x0000000727800000| Untracked |  0
| 284|0x0000000727800000, 0x0000000727a00000, 0x0000000727a00000|100%| O|  |TAMS 0x0000000727a00000| PB 0x0000000727a00000| Untracked |  0
| 285|0x0000000727a00000, 0x0000000727c00000, 0x0000000727c00000|100%| O|  |TAMS 0x0000000727c00000| PB 0x0000000727c00000| Untracked |  0
| 286|0x0000000727c00000, 0x0000000727e00000, 0x0000000727e00000|100%|HS|  |TAMS 0x0000000727e00000| PB 0x0000000727c00000| Complete |  0
| 287|0x0000000727e00000, 0x0000000728000000, 0x0000000728000000|100%|HC|  |TAMS 0x0000000728000000| PB 0x0000000727e00000| Complete |  0
| 288|0x0000000728000000, 0x0000000728200000, 0x0000000728200000|100%| O|  |TAMS 0x0000000728200000| PB 0x0000000728200000| Untracked |  0
| 289|0x0000000728200000, 0x0000000728400000, 0x0000000728400000|100%| O|  |TAMS 0x0000000728400000| PB 0x0000000728400000| Untracked |  0
| 290|0x0000000728400000, 0x0000000728600000, 0x0000000728600000|100%| O|  |TAMS 0x0000000728600000| PB 0x0000000728600000| Untracked |  0
| 291|0x0000000728600000, 0x0000000728800000, 0x0000000728800000|100%| O|  |TAMS 0x0000000728800000| PB 0x0000000728800000| Untracked |  0
| 292|0x0000000728800000, 0x0000000728a00000, 0x0000000728a00000|100%| O|  |TAMS 0x0000000728a00000| PB 0x0000000728a00000| Untracked |  0
| 293|0x0000000728a00000, 0x0000000728c00000, 0x0000000728c00000|100%| O|  |TAMS 0x0000000728c00000| PB 0x0000000728c00000| Untracked |  0
| 294|0x0000000728c00000, 0x0000000728e00000, 0x0000000728e00000|100%| O|  |TAMS 0x0000000728e00000| PB 0x0000000728e00000| Untracked |  0
| 295|0x0000000728e00000, 0x0000000729000000, 0x0000000729000000|100%| O|  |TAMS 0x0000000729000000| PB 0x0000000729000000| Untracked |  0
| 296|0x0000000729000000, 0x0000000729200000, 0x0000000729200000|100%| O|  |TAMS 0x0000000729200000| PB 0x0000000729200000| Untracked |  0
| 297|0x0000000729200000, 0x0000000729400000, 0x0000000729400000|100%| O|  |TAMS 0x0000000729400000| PB 0x0000000729400000| Untracked |  0
| 298|0x0000000729400000, 0x0000000729600000, 0x0000000729600000|100%| O|  |TAMS 0x0000000729600000| PB 0x0000000729600000| Untracked |  0
| 299|0x0000000729600000, 0x0000000729800000, 0x0000000729800000|100%| O|  |TAMS 0x0000000729800000| PB 0x0000000729800000| Untracked |  0
| 300|0x0000000729800000, 0x0000000729a00000, 0x0000000729a00000|100%| O|  |TAMS 0x0000000729a00000| PB 0x0000000729a00000| Untracked |  0
| 301|0x0000000729a00000, 0x0000000729c00000, 0x0000000729c00000|100%| O|  |TAMS 0x0000000729c00000| PB 0x0000000729c00000| Untracked |  0
| 302|0x0000000729c00000, 0x0000000729e00000, 0x0000000729e00000|100%| O|  |TAMS 0x0000000729e00000| PB 0x0000000729e00000| Untracked |  0
| 303|0x0000000729e00000, 0x000000072a000000, 0x000000072a000000|100%| O|  |TAMS 0x000000072a000000| PB 0x000000072a000000| Untracked |  0
| 304|0x000000072a000000, 0x000000072a200000, 0x000000072a200000|100%| O|  |TAMS 0x000000072a200000| PB 0x000000072a200000| Untracked |  0
| 305|0x000000072a200000, 0x000000072a400000, 0x000000072a400000|100%| O|  |TAMS 0x000000072a400000| PB 0x000000072a400000| Untracked |  0
| 306|0x000000072a400000, 0x000000072a600000, 0x000000072a600000|100%| O|  |TAMS 0x000000072a600000| PB 0x000000072a600000| Untracked |  0
| 307|0x000000072a600000, 0x000000072a800000, 0x000000072a800000|100%| O|  |TAMS 0x000000072a800000| PB 0x000000072a800000| Untracked |  0
| 308|0x000000072a800000, 0x000000072aa00000, 0x000000072aa00000|100%| O|  |TAMS 0x000000072aa00000| PB 0x000000072aa00000| Untracked |  0
| 309|0x000000072aa00000, 0x000000072ac00000, 0x000000072ac00000|100%| O|  |TAMS 0x000000072ac00000| PB 0x000000072ac00000| Untracked |  0
| 310|0x000000072ac00000, 0x000000072ae00000, 0x000000072ae00000|100%| O|  |TAMS 0x000000072ae00000| PB 0x000000072ae00000| Untracked |  0
| 311|0x000000072ae00000, 0x000000072b000000, 0x000000072b000000|100%| O|  |TAMS 0x000000072b000000| PB 0x000000072b000000| Untracked |  0
| 312|0x000000072b000000, 0x000000072b200000, 0x000000072b200000|100%| O|  |TAMS 0x000000072b200000| PB 0x000000072b200000| Untracked |  0
| 313|0x000000072b200000, 0x000000072b400000, 0x000000072b400000|100%| O|  |TAMS 0x000000072b400000| PB 0x000000072b400000| Untracked |  0
| 314|0x000000072b400000, 0x000000072b600000, 0x000000072b600000|100%| O|  |TAMS 0x000000072b600000| PB 0x000000072b600000| Untracked |  0
| 315|0x000000072b600000, 0x000000072b800000, 0x000000072b800000|100%| O|  |TAMS 0x000000072b800000| PB 0x000000072b800000| Untracked |  0
| 316|0x000000072b800000, 0x000000072ba00000, 0x000000072ba00000|100%| O|  |TAMS 0x000000072ba00000| PB 0x000000072ba00000| Untracked |  0
| 317|0x000000072ba00000, 0x000000072bc00000, 0x000000072bc00000|100%| O|  |TAMS 0x000000072bc00000| PB 0x000000072bc00000| Untracked |  0
| 318|0x000000072bc00000, 0x000000072be00000, 0x000000072be00000|100%| O|  |TAMS 0x000000072be00000| PB 0x000000072be00000| Untracked |  0
| 319|0x000000072be00000, 0x000000072c000000, 0x000000072c000000|100%| O|  |TAMS 0x000000072c000000| PB 0x000000072c000000| Untracked |  0
| 320|0x000000072c000000, 0x000000072c200000, 0x000000072c200000|100%| O|  |TAMS 0x000000072c200000| PB 0x000000072c200000| Untracked |  0
| 321|0x000000072c200000, 0x000000072c400000, 0x000000072c400000|100%| O|  |TAMS 0x000000072c400000| PB 0x000000072c400000| Untracked |  0
| 322|0x000000072c400000, 0x000000072c600000, 0x000000072c600000|100%| O|  |TAMS 0x000000072c600000| PB 0x000000072c600000| Untracked |  0
| 323|0x000000072c600000, 0x000000072c800000, 0x000000072c800000|100%| O|  |TAMS 0x000000072c800000| PB 0x000000072c800000| Untracked |  0
| 324|0x000000072c800000, 0x000000072ca00000, 0x000000072ca00000|100%| O|  |TAMS 0x000000072ca00000| PB 0x000000072ca00000| Untracked |  0
| 325|0x000000072ca00000, 0x000000072cc00000, 0x000000072cc00000|100%| O|  |TAMS 0x000000072cc00000| PB 0x000000072cc00000| Untracked |  0
| 326|0x000000072cc00000, 0x000000072ce00000, 0x000000072ce00000|100%| O|  |TAMS 0x000000072ce00000| PB 0x000000072ce00000| Untracked |  0
| 327|0x000000072ce00000, 0x000000072d000000, 0x000000072d000000|100%| O|  |TAMS 0x000000072d000000| PB 0x000000072d000000| Untracked |  0
| 328|0x000000072d000000, 0x000000072d200000, 0x000000072d200000|100%| O|  |TAMS 0x000000072d200000| PB 0x000000072d200000| Untracked |  0
| 329|0x000000072d200000, 0x000000072d400000, 0x000000072d400000|100%| O|  |TAMS 0x000000072d400000| PB 0x000000072d400000| Untracked |  0
| 330|0x000000072d400000, 0x000000072d600000, 0x000000072d600000|100%| O|  |TAMS 0x000000072d600000| PB 0x000000072d600000| Untracked |  0
| 331|0x000000072d600000, 0x000000072d800000, 0x000000072d800000|100%| O|  |TAMS 0x000000072d800000| PB 0x000000072d800000| Untracked |  0
| 332|0x000000072d800000, 0x000000072da00000, 0x000000072da00000|100%|HS|  |TAMS 0x000000072da00000| PB 0x000000072d800000| Complete |  0
| 333|0x000000072da00000, 0x000000072dc00000, 0x000000072dc00000|100%|HC|  |TAMS 0x000000072dc00000| PB 0x000000072da00000| Complete |  0
| 334|0x000000072dc00000, 0x000000072de00000, 0x000000072de00000|100%|HC|  |TAMS 0x000000072de00000| PB 0x000000072dc00000| Complete |  0
| 335|0x000000072de00000, 0x000000072e000000, 0x000000072e000000|100%|HS|  |TAMS 0x000000072e000000| PB 0x000000072de00000| Complete |  0
| 336|0x000000072e000000, 0x000000072e000000, 0x000000072e200000|  0%| F|  |TAMS 0x000000072e000000| PB 0x000000072e000000| Untracked |  0
| 337|0x000000072e200000, 0x000000072e200000, 0x000000072e400000|  0%| F|  |TAMS 0x000000072e200000| PB 0x000000072e200000| Untracked |  0
| 338|0x000000072e400000, 0x000000072e400000, 0x000000072e600000|  0%| F|  |TAMS 0x000000072e400000| PB 0x000000072e400000| Untracked |  0
| 339|0x000000072e600000, 0x000000072e600000, 0x000000072e800000|  0%| F|  |TAMS 0x000000072e600000| PB 0x000000072e600000| Untracked |  0
| 340|0x000000072e800000, 0x000000072e800000, 0x000000072ea00000|  0%| F|  |TAMS 0x000000072e800000| PB 0x000000072e800000| Untracked |  0
| 341|0x000000072ea00000, 0x000000072ec00000, 0x000000072ec00000|100%| O|  |TAMS 0x000000072ec00000| PB 0x000000072ec00000| Untracked |  0
| 342|0x000000072ec00000, 0x000000072ee00000, 0x000000072ee00000|100%| O|  |TAMS 0x000000072ee00000| PB 0x000000072ee00000| Untracked |  0
| 343|0x000000072ee00000, 0x000000072f000000, 0x000000072f000000|100%| O|  |TAMS 0x000000072f000000| PB 0x000000072f000000| Untracked |  0
| 344|0x000000072f000000, 0x000000072f200000, 0x000000072f200000|100%| O|  |TAMS 0x000000072f200000| PB 0x000000072f200000| Untracked |  0
| 345|0x000000072f200000, 0x000000072f400000, 0x000000072f400000|100%| O|  |TAMS 0x000000072f400000| PB 0x000000072f400000| Untracked |  0
| 346|0x000000072f400000, 0x000000072f600000, 0x000000072f600000|100%| O|  |TAMS 0x000000072f600000| PB 0x000000072f600000| Untracked |  0
| 347|0x000000072f600000, 0x000000072f800000, 0x000000072f800000|100%| O|  |TAMS 0x000000072f800000| PB 0x000000072f800000| Untracked |  0
| 348|0x000000072f800000, 0x000000072fa00000, 0x000000072fa00000|100%| O|  |TAMS 0x000000072fa00000| PB 0x000000072fa00000| Untracked |  0
| 349|0x000000072fa00000, 0x000000072fc00000, 0x000000072fc00000|100%| O|  |TAMS 0x000000072fc00000| PB 0x000000072fc00000| Untracked |  0
| 350|0x000000072fc00000, 0x000000072fe00000, 0x000000072fe00000|100%| O|  |TAMS 0x000000072fe00000| PB 0x000000072fe00000| Untracked |  0
| 351|0x000000072fe00000, 0x0000000730000000, 0x0000000730000000|100%| O|  |TAMS 0x0000000730000000| PB 0x0000000730000000| Untracked |  0
| 352|0x0000000730000000, 0x0000000730200000, 0x0000000730200000|100%| O|  |TAMS 0x0000000730200000| PB 0x0000000730200000| Untracked |  0
| 353|0x0000000730200000, 0x0000000730400000, 0x0000000730400000|100%| O|  |TAMS 0x0000000730400000| PB 0x0000000730400000| Untracked |  0
| 354|0x0000000730400000, 0x0000000730600000, 0x0000000730600000|100%| O|  |TAMS 0x0000000730600000| PB 0x0000000730600000| Untracked |  0
| 355|0x0000000730600000, 0x0000000730800000, 0x0000000730800000|100%| O|  |TAMS 0x0000000730800000| PB 0x0000000730800000| Untracked |  0
| 356|0x0000000730800000, 0x0000000730a00000, 0x0000000730a00000|100%| O|  |TAMS 0x0000000730a00000| PB 0x0000000730a00000| Untracked |  0
| 357|0x0000000730a00000, 0x0000000730c00000, 0x0000000730c00000|100%| O|  |TAMS 0x0000000730c00000| PB 0x0000000730c00000| Untracked |  0
| 358|0x0000000730c00000, 0x0000000730e00000, 0x0000000730e00000|100%| O|  |TAMS 0x0000000730e00000| PB 0x0000000730e00000| Untracked |  0
| 359|0x0000000730e00000, 0x0000000731000000, 0x0000000731000000|100%| O|  |TAMS 0x0000000731000000| PB 0x0000000731000000| Untracked |  0
| 360|0x0000000731000000, 0x0000000731200000, 0x0000000731200000|100%| O|  |TAMS 0x0000000731200000| PB 0x0000000731200000| Untracked |  0
| 361|0x0000000731200000, 0x0000000731400000, 0x0000000731400000|100%| O|  |TAMS 0x0000000731400000| PB 0x0000000731400000| Untracked |  0
| 362|0x0000000731400000, 0x0000000731600000, 0x0000000731600000|100%| O|  |TAMS 0x0000000731600000| PB 0x0000000731600000| Untracked |  0
| 363|0x0000000731600000, 0x0000000731800000, 0x0000000731800000|100%| O|  |TAMS 0x0000000731800000| PB 0x0000000731800000| Untracked |  0
| 364|0x0000000731800000, 0x0000000731a00000, 0x0000000731a00000|100%| O|  |TAMS 0x0000000731a00000| PB 0x0000000731a00000| Untracked |  0
| 365|0x0000000731a00000, 0x0000000731c00000, 0x0000000731c00000|100%| O|  |TAMS 0x0000000731c00000| PB 0x0000000731c00000| Untracked |  0
| 366|0x0000000731c00000, 0x0000000731e00000, 0x0000000731e00000|100%| O|  |TAMS 0x0000000731e00000| PB 0x0000000731e00000| Untracked |  0
| 367|0x0000000731e00000, 0x0000000732000000, 0x0000000732000000|100%| O|  |TAMS 0x0000000732000000| PB 0x0000000732000000| Untracked |  0
| 368|0x0000000732000000, 0x0000000732200000, 0x0000000732200000|100%| O|  |TAMS 0x0000000732200000| PB 0x0000000732200000| Untracked |  0
| 369|0x0000000732200000, 0x0000000732400000, 0x0000000732400000|100%| O|  |TAMS 0x0000000732400000| PB 0x0000000732400000| Untracked |  0
| 370|0x0000000732400000, 0x0000000732600000, 0x0000000732600000|100%| O|  |TAMS 0x0000000732600000| PB 0x0000000732600000| Untracked |  0
| 371|0x0000000732600000, 0x0000000732800000, 0x0000000732800000|100%| O|  |TAMS 0x0000000732800000| PB 0x0000000732800000| Untracked |  0
| 372|0x0000000732800000, 0x0000000732a00000, 0x0000000732a00000|100%| O|  |TAMS 0x0000000732a00000| PB 0x0000000732a00000| Untracked |  0
| 373|0x0000000732a00000, 0x0000000732c00000, 0x0000000732c00000|100%| O|  |TAMS 0x0000000732c00000| PB 0x0000000732c00000| Untracked |  0
| 374|0x0000000732c00000, 0x0000000732e00000, 0x0000000732e00000|100%| O|  |TAMS 0x0000000732e00000| PB 0x0000000732e00000| Untracked |  0
| 375|0x0000000732e00000, 0x0000000733000000, 0x0000000733000000|100%| O|  |TAMS 0x0000000733000000| PB 0x0000000733000000| Untracked |  0
| 376|0x0000000733000000, 0x0000000733200000, 0x0000000733200000|100%| O|  |TAMS 0x0000000733200000| PB 0x0000000733200000| Untracked |  0
| 377|0x0000000733200000, 0x0000000733400000, 0x0000000733400000|100%| O|  |TAMS 0x0000000733400000| PB 0x0000000733400000| Untracked |  0
| 378|0x0000000733400000, 0x0000000733600000, 0x0000000733600000|100%| O|  |TAMS 0x0000000733600000| PB 0x0000000733600000| Untracked |  0
| 379|0x0000000733600000, 0x0000000733800000, 0x0000000733800000|100%| O|  |TAMS 0x0000000733800000| PB 0x0000000733800000| Untracked |  0
| 380|0x0000000733800000, 0x0000000733a00000, 0x0000000733a00000|100%| O|  |TAMS 0x0000000733a00000| PB 0x0000000733a00000| Untracked |  0
| 381|0x0000000733a00000, 0x0000000733c00000, 0x0000000733c00000|100%| O|  |TAMS 0x0000000733c00000| PB 0x0000000733c00000| Untracked |  0
| 382|0x0000000733c00000, 0x0000000733e00000, 0x0000000733e00000|100%| O|  |TAMS 0x0000000733e00000| PB 0x0000000733e00000| Untracked |  0
| 383|0x0000000733e00000, 0x0000000734000000, 0x0000000734000000|100%| O|  |TAMS 0x0000000734000000| PB 0x0000000734000000| Untracked |  0
| 384|0x0000000734000000, 0x0000000734200000, 0x0000000734200000|100%| O|  |TAMS 0x0000000734200000| PB 0x0000000734200000| Untracked |  0
| 385|0x0000000734200000, 0x0000000734400000, 0x0000000734400000|100%| O|  |TAMS 0x0000000734400000| PB 0x0000000734400000| Untracked |  0
| 386|0x0000000734400000, 0x0000000734600000, 0x0000000734600000|100%| O|  |TAMS 0x0000000734600000| PB 0x0000000734600000| Untracked |  0
| 387|0x0000000734600000, 0x0000000734800000, 0x0000000734800000|100%| O|  |TAMS 0x0000000734800000| PB 0x0000000734800000| Untracked |  0
| 388|0x0000000734800000, 0x0000000734a00000, 0x0000000734a00000|100%| O|  |TAMS 0x0000000734a00000| PB 0x0000000734a00000| Untracked |  0
| 389|0x0000000734a00000, 0x0000000734c00000, 0x0000000734c00000|100%| O|  |TAMS 0x0000000734c00000| PB 0x0000000734c00000| Untracked |  0
| 390|0x0000000734c00000, 0x0000000734e00000, 0x0000000734e00000|100%| O|  |TAMS 0x0000000734e00000| PB 0x0000000734e00000| Untracked |  0
| 391|0x0000000734e00000, 0x0000000735000000, 0x0000000735000000|100%| O|  |TAMS 0x0000000735000000| PB 0x0000000735000000| Untracked |  0
| 392|0x0000000735000000, 0x0000000735200000, 0x0000000735200000|100%| O|  |TAMS 0x0000000735200000| PB 0x0000000735200000| Untracked |  0
| 393|0x0000000735200000, 0x0000000735400000, 0x0000000735400000|100%| O|  |TAMS 0x0000000735400000| PB 0x0000000735400000| Untracked |  0
| 394|0x0000000735400000, 0x0000000735600000, 0x0000000735600000|100%| O|  |TAMS 0x0000000735600000| PB 0x0000000735600000| Untracked |  0
| 395|0x0000000735600000, 0x0000000735800000, 0x0000000735800000|100%| O|  |TAMS 0x0000000735800000| PB 0x0000000735800000| Untracked |  0
| 396|0x0000000735800000, 0x0000000735a00000, 0x0000000735a00000|100%| O|  |TAMS 0x0000000735a00000| PB 0x0000000735a00000| Untracked |  0
| 397|0x0000000735a00000, 0x0000000735c00000, 0x0000000735c00000|100%| O|  |TAMS 0x0000000735c00000| PB 0x0000000735c00000| Untracked |  0
| 398|0x0000000735c00000, 0x0000000735e00000, 0x0000000735e00000|100%| O|  |TAMS 0x0000000735e00000| PB 0x0000000735e00000| Untracked |  0
| 399|0x0000000735e00000, 0x0000000736000000, 0x0000000736000000|100%| O|  |TAMS 0x0000000736000000| PB 0x0000000736000000| Untracked |  0
| 400|0x0000000736000000, 0x0000000736200000, 0x0000000736200000|100%| O|  |TAMS 0x0000000736200000| PB 0x0000000736200000| Untracked |  0
| 401|0x0000000736200000, 0x0000000736400000, 0x0000000736400000|100%| O|  |TAMS 0x0000000736400000| PB 0x0000000736400000| Untracked |  0
| 402|0x0000000736400000, 0x0000000736600000, 0x0000000736600000|100%| O|  |TAMS 0x0000000736600000| PB 0x0000000736600000| Untracked |  0
| 403|0x0000000736600000, 0x0000000736800000, 0x0000000736800000|100%| O|  |TAMS 0x0000000736800000| PB 0x0000000736800000| Untracked |  0
| 404|0x0000000736800000, 0x0000000736a00000, 0x0000000736a00000|100%| O|  |TAMS 0x0000000736a00000| PB 0x0000000736a00000| Untracked |  0
| 405|0x0000000736a00000, 0x0000000736c00000, 0x0000000736c00000|100%| O|  |TAMS 0x0000000736c00000| PB 0x0000000736c00000| Untracked |  0
| 406|0x0000000736c00000, 0x0000000736e00000, 0x0000000736e00000|100%| O|  |TAMS 0x0000000736e00000| PB 0x0000000736e00000| Untracked |  0
| 407|0x0000000736e00000, 0x0000000737000000, 0x0000000737000000|100%| O|  |TAMS 0x0000000737000000| PB 0x0000000737000000| Untracked |  0
| 408|0x0000000737000000, 0x0000000737200000, 0x0000000737200000|100%| O|  |TAMS 0x0000000737200000| PB 0x0000000737200000| Untracked |  0
| 409|0x0000000737200000, 0x0000000737400000, 0x0000000737400000|100%| O|  |TAMS 0x0000000737400000| PB 0x0000000737400000| Untracked |  0
| 410|0x0000000737400000, 0x0000000737600000, 0x0000000737600000|100%| O|  |TAMS 0x0000000737600000| PB 0x0000000737600000| Untracked |  0
| 411|0x0000000737600000, 0x0000000737800000, 0x0000000737800000|100%| O|  |TAMS 0x0000000737800000| PB 0x0000000737800000| Untracked |  0
| 412|0x0000000737800000, 0x0000000737a00000, 0x0000000737a00000|100%| O|  |TAMS 0x0000000737a00000| PB 0x0000000737a00000| Untracked |  0
| 413|0x0000000737a00000, 0x0000000737c00000, 0x0000000737c00000|100%| O|  |TAMS 0x0000000737c00000| PB 0x0000000737c00000| Untracked |  0
| 414|0x0000000737c00000, 0x0000000737e00000, 0x0000000737e00000|100%| O|  |TAMS 0x0000000737e00000| PB 0x0000000737e00000| Untracked |  0
| 415|0x0000000737e00000, 0x0000000738000000, 0x0000000738000000|100%| O|  |TAMS 0x0000000738000000| PB 0x0000000738000000| Untracked |  0
| 416|0x0000000738000000, 0x0000000738200000, 0x0000000738200000|100%| O|  |TAMS 0x0000000738200000| PB 0x0000000738200000| Untracked |  0
| 417|0x0000000738200000, 0x0000000738400000, 0x0000000738400000|100%| O|  |TAMS 0x0000000738400000| PB 0x0000000738400000| Untracked |  0
| 418|0x0000000738400000, 0x0000000738600000, 0x0000000738600000|100%| O|  |TAMS 0x0000000738600000| PB 0x0000000738600000| Untracked |  0
| 419|0x0000000738600000, 0x0000000738800000, 0x0000000738800000|100%| O|  |TAMS 0x0000000738800000| PB 0x0000000738800000| Untracked |  0
| 420|0x0000000738800000, 0x0000000738a00000, 0x0000000738a00000|100%| O|  |TAMS 0x0000000738a00000| PB 0x0000000738a00000| Untracked |  0
| 421|0x0000000738a00000, 0x0000000738c00000, 0x0000000738c00000|100%| O|  |TAMS 0x0000000738c00000| PB 0x0000000738c00000| Untracked |  0
| 422|0x0000000738c00000, 0x0000000738e00000, 0x0000000738e00000|100%| O|  |TAMS 0x0000000738e00000| PB 0x0000000738e00000| Untracked |  0
| 423|0x0000000738e00000, 0x0000000739000000, 0x0000000739000000|100%| O|  |TAMS 0x0000000739000000| PB 0x0000000739000000| Untracked |  0
| 424|0x0000000739000000, 0x0000000739200000, 0x0000000739200000|100%| O|  |TAMS 0x0000000739200000| PB 0x0000000739200000| Untracked |  0
| 425|0x0000000739200000, 0x0000000739400000, 0x0000000739400000|100%| O|  |TAMS 0x0000000739400000| PB 0x0000000739400000| Untracked |  0
| 426|0x0000000739400000, 0x0000000739600000, 0x0000000739600000|100%| O|  |TAMS 0x0000000739600000| PB 0x0000000739600000| Untracked |  0
| 427|0x0000000739600000, 0x0000000739800000, 0x0000000739800000|100%| O|  |TAMS 0x0000000739800000| PB 0x0000000739800000| Untracked |  0
| 428|0x0000000739800000, 0x0000000739a00000, 0x0000000739a00000|100%| O|  |TAMS 0x0000000739a00000| PB 0x0000000739a00000| Untracked |  0
| 429|0x0000000739a00000, 0x0000000739c00000, 0x0000000739c00000|100%| O|  |TAMS 0x0000000739c00000| PB 0x0000000739c00000| Untracked |  0
| 430|0x0000000739c00000, 0x0000000739e00000, 0x0000000739e00000|100%| O|  |TAMS 0x0000000739e00000| PB 0x0000000739e00000| Untracked |  0
| 431|0x0000000739e00000, 0x000000073a000000, 0x000000073a000000|100%| O|  |TAMS 0x000000073a000000| PB 0x000000073a000000| Untracked |  0
| 432|0x000000073a000000, 0x000000073a200000, 0x000000073a200000|100%| O|  |TAMS 0x000000073a200000| PB 0x000000073a200000| Untracked |  0
| 433|0x000000073a200000, 0x000000073a400000, 0x000000073a400000|100%| O|  |TAMS 0x000000073a400000| PB 0x000000073a400000| Untracked |  0
| 434|0x000000073a400000, 0x000000073a600000, 0x000000073a600000|100%| O|  |TAMS 0x000000073a600000| PB 0x000000073a600000| Untracked |  0
| 435|0x000000073a600000, 0x000000073a800000, 0x000000073a800000|100%| O|  |TAMS 0x000000073a800000| PB 0x000000073a800000| Untracked |  0
| 436|0x000000073a800000, 0x000000073aa00000, 0x000000073aa00000|100%| O|  |TAMS 0x000000073aa00000| PB 0x000000073aa00000| Untracked |  0
| 437|0x000000073aa00000, 0x000000073ac00000, 0x000000073ac00000|100%| O|  |TAMS 0x000000073ac00000| PB 0x000000073ac00000| Untracked |  0
| 438|0x000000073ac00000, 0x000000073ae00000, 0x000000073ae00000|100%| O|  |TAMS 0x000000073ae00000| PB 0x000000073ae00000| Untracked |  0
| 439|0x000000073ae00000, 0x000000073b000000, 0x000000073b000000|100%| O|  |TAMS 0x000000073b000000| PB 0x000000073b000000| Untracked |  0
| 440|0x000000073b000000, 0x000000073b200000, 0x000000073b200000|100%| O|  |TAMS 0x000000073b200000| PB 0x000000073b200000| Untracked |  0
| 441|0x000000073b200000, 0x000000073b400000, 0x000000073b400000|100%| O|  |TAMS 0x000000073b400000| PB 0x000000073b400000| Untracked |  0
| 442|0x000000073b400000, 0x000000073b600000, 0x000000073b600000|100%| O|  |TAMS 0x000000073b600000| PB 0x000000073b600000| Untracked |  0
| 443|0x000000073b600000, 0x000000073b800000, 0x000000073b800000|100%| O|  |TAMS 0x000000073b800000| PB 0x000000073b800000| Untracked |  0
| 444|0x000000073b800000, 0x000000073ba00000, 0x000000073ba00000|100%| O|  |TAMS 0x000000073ba00000| PB 0x000000073ba00000| Untracked |  0
| 445|0x000000073ba00000, 0x000000073bc00000, 0x000000073bc00000|100%| O|  |TAMS 0x000000073bc00000| PB 0x000000073bc00000| Untracked |  0
| 446|0x000000073bc00000, 0x000000073be00000, 0x000000073be00000|100%| O|  |TAMS 0x000000073be00000| PB 0x000000073be00000| Untracked |  0
| 447|0x000000073be00000, 0x000000073c000000, 0x000000073c000000|100%| O|  |TAMS 0x000000073c000000| PB 0x000000073c000000| Untracked |  0
| 448|0x000000073c000000, 0x000000073c200000, 0x000000073c200000|100%| O|  |TAMS 0x000000073c200000| PB 0x000000073c200000| Untracked |  0
| 449|0x000000073c200000, 0x000000073c400000, 0x000000073c400000|100%| O|  |TAMS 0x000000073c400000| PB 0x000000073c400000| Untracked |  0
| 450|0x000000073c400000, 0x000000073c600000, 0x000000073c600000|100%| O|  |TAMS 0x000000073c600000| PB 0x000000073c600000| Untracked |  0
| 451|0x000000073c600000, 0x000000073c800000, 0x000000073c800000|100%| O|  |TAMS 0x000000073c800000| PB 0x000000073c800000| Untracked |  0
| 452|0x000000073c800000, 0x000000073ca00000, 0x000000073ca00000|100%| O|  |TAMS 0x000000073ca00000| PB 0x000000073ca00000| Untracked |  0
| 453|0x000000073ca00000, 0x000000073cc00000, 0x000000073cc00000|100%| O|  |TAMS 0x000000073cc00000| PB 0x000000073cc00000| Untracked |  0
| 454|0x000000073cc00000, 0x000000073ce00000, 0x000000073ce00000|100%| O|  |TAMS 0x000000073ce00000| PB 0x000000073ce00000| Untracked |  0
| 455|0x000000073ce00000, 0x000000073d000000, 0x000000073d000000|100%| O|  |TAMS 0x000000073d000000| PB 0x000000073d000000| Untracked |  0
| 456|0x000000073d000000, 0x000000073d200000, 0x000000073d200000|100%| O|  |TAMS 0x000000073d200000| PB 0x000000073d200000| Untracked |  0
| 457|0x000000073d200000, 0x000000073d400000, 0x000000073d400000|100%| O|  |TAMS 0x000000073d400000| PB 0x000000073d400000| Untracked |  0
| 458|0x000000073d400000, 0x000000073d600000, 0x000000073d600000|100%| O|  |TAMS 0x000000073d600000| PB 0x000000073d600000| Untracked |  0
| 459|0x000000073d600000, 0x000000073d800000, 0x000000073d800000|100%| O|  |TAMS 0x000000073d800000| PB 0x000000073d800000| Untracked |  0
| 460|0x000000073d800000, 0x000000073da00000, 0x000000073da00000|100%| O|  |TAMS 0x000000073da00000| PB 0x000000073da00000| Untracked |  0
| 461|0x000000073da00000, 0x000000073dc00000, 0x000000073dc00000|100%| O|  |TAMS 0x000000073dc00000| PB 0x000000073dc00000| Untracked |  0
| 462|0x000000073dc00000, 0x000000073de00000, 0x000000073de00000|100%| O|  |TAMS 0x000000073de00000| PB 0x000000073de00000| Untracked |  0
| 463|0x000000073de00000, 0x000000073e000000, 0x000000073e000000|100%| O|  |TAMS 0x000000073e000000| PB 0x000000073e000000| Untracked |  0
| 464|0x000000073e000000, 0x000000073e200000, 0x000000073e200000|100%| O|  |TAMS 0x000000073e200000| PB 0x000000073e200000| Untracked |  0
| 465|0x000000073e200000, 0x000000073e400000, 0x000000073e400000|100%| O|  |TAMS 0x000000073e400000| PB 0x000000073e400000| Untracked |  0
| 466|0x000000073e400000, 0x000000073e600000, 0x000000073e600000|100%| O|  |TAMS 0x000000073e600000| PB 0x000000073e600000| Untracked |  0
| 467|0x000000073e600000, 0x000000073e800000, 0x000000073e800000|100%| O|  |TAMS 0x000000073e800000| PB 0x000000073e800000| Untracked |  0
| 468|0x000000073e800000, 0x000000073ea00000, 0x000000073ea00000|100%| O|  |TAMS 0x000000073ea00000| PB 0x000000073ea00000| Untracked |  0
| 469|0x000000073ea00000, 0x000000073ec00000, 0x000000073ec00000|100%| O|  |TAMS 0x000000073ec00000| PB 0x000000073ec00000| Untracked |  0
| 470|0x000000073ec00000, 0x000000073ee00000, 0x000000073ee00000|100%| O|  |TAMS 0x000000073ee00000| PB 0x000000073ee00000| Untracked |  0
| 471|0x000000073ee00000, 0x000000073f000000, 0x000000073f000000|100%| O|  |TAMS 0x000000073f000000| PB 0x000000073f000000| Untracked |  0
| 472|0x000000073f000000, 0x000000073f200000, 0x000000073f200000|100%| O|  |TAMS 0x000000073f200000| PB 0x000000073f200000| Untracked |  0
| 473|0x000000073f200000, 0x000000073f400000, 0x000000073f400000|100%| O|  |TAMS 0x000000073f400000| PB 0x000000073f400000| Untracked |  0
| 474|0x000000073f400000, 0x000000073f600000, 0x000000073f600000|100%| O|  |TAMS 0x000000073f600000| PB 0x000000073f600000| Untracked |  0
| 475|0x000000073f600000, 0x000000073f800000, 0x000000073f800000|100%| O|  |TAMS 0x000000073f800000| PB 0x000000073f800000| Untracked |  0
| 476|0x000000073f800000, 0x000000073fa00000, 0x000000073fa00000|100%| O|  |TAMS 0x000000073fa00000| PB 0x000000073fa00000| Untracked |  0
| 477|0x000000073fa00000, 0x000000073fc00000, 0x000000073fc00000|100%| O|  |TAMS 0x000000073fc00000| PB 0x000000073fc00000| Untracked |  0
| 478|0x000000073fc00000, 0x000000073fe00000, 0x000000073fe00000|100%| O|  |TAMS 0x000000073fe00000| PB 0x000000073fe00000| Untracked |  0
| 479|0x000000073fe00000, 0x0000000740000000, 0x0000000740000000|100%| O|  |TAMS 0x0000000740000000| PB 0x0000000740000000| Untracked |  0
| 480|0x0000000740000000, 0x0000000740200000, 0x0000000740200000|100%| O|  |TAMS 0x0000000740200000| PB 0x0000000740200000| Untracked |  0
| 481|0x0000000740200000, 0x0000000740400000, 0x0000000740400000|100%| O|  |TAMS 0x0000000740400000| PB 0x0000000740400000| Untracked |  0
| 482|0x0000000740400000, 0x0000000740600000, 0x0000000740600000|100%| O|  |TAMS 0x0000000740600000| PB 0x0000000740600000| Untracked |  0
| 483|0x0000000740600000, 0x0000000740800000, 0x0000000740800000|100%| O|  |TAMS 0x0000000740800000| PB 0x0000000740800000| Untracked |  0
| 484|0x0000000740800000, 0x0000000740a00000, 0x0000000740a00000|100%| O|  |TAMS 0x0000000740a00000| PB 0x0000000740a00000| Untracked |  0
| 485|0x0000000740a00000, 0x0000000740c00000, 0x0000000740c00000|100%| O|  |TAMS 0x0000000740c00000| PB 0x0000000740c00000| Untracked |  0
| 486|0x0000000740c00000, 0x0000000740e00000, 0x0000000740e00000|100%| O|  |TAMS 0x0000000740e00000| PB 0x0000000740e00000| Untracked |  0
| 487|0x0000000740e00000, 0x0000000741000000, 0x0000000741000000|100%| O|  |TAMS 0x0000000741000000| PB 0x0000000741000000| Untracked |  0
| 488|0x0000000741000000, 0x0000000741200000, 0x0000000741200000|100%| O|  |TAMS 0x0000000741200000| PB 0x0000000741200000| Untracked |  0
| 489|0x0000000741200000, 0x0000000741400000, 0x0000000741400000|100%| O|  |TAMS 0x0000000741400000| PB 0x0000000741400000| Untracked |  0
| 490|0x0000000741400000, 0x0000000741600000, 0x0000000741600000|100%| O|  |TAMS 0x0000000741600000| PB 0x0000000741600000| Untracked |  0
| 491|0x0000000741600000, 0x0000000741800000, 0x0000000741800000|100%| O|  |TAMS 0x0000000741800000| PB 0x0000000741800000| Untracked |  0
| 492|0x0000000741800000, 0x0000000741a00000, 0x0000000741a00000|100%| O|  |TAMS 0x0000000741a00000| PB 0x0000000741a00000| Untracked |  0
| 493|0x0000000741a00000, 0x0000000741c00000, 0x0000000741c00000|100%| O|  |TAMS 0x0000000741c00000| PB 0x0000000741c00000| Untracked |  0
| 494|0x0000000741c00000, 0x0000000741e00000, 0x0000000741e00000|100%| O|  |TAMS 0x0000000741e00000| PB 0x0000000741e00000| Untracked |  0
| 495|0x0000000741e00000, 0x0000000742000000, 0x0000000742000000|100%| O|  |TAMS 0x0000000742000000| PB 0x0000000742000000| Untracked |  0
| 496|0x0000000742000000, 0x0000000742200000, 0x0000000742200000|100%| O|  |TAMS 0x0000000742200000| PB 0x0000000742200000| Untracked |  0
| 497|0x0000000742200000, 0x0000000742400000, 0x0000000742400000|100%| O|  |TAMS 0x0000000742400000| PB 0x0000000742400000| Untracked |  0
| 498|0x0000000742400000, 0x0000000742600000, 0x0000000742600000|100%| O|  |TAMS 0x0000000742600000| PB 0x0000000742600000| Untracked |  0
| 499|0x0000000742600000, 0x0000000742800000, 0x0000000742800000|100%| O|  |TAMS 0x0000000742800000| PB 0x0000000742800000| Untracked |  0
| 500|0x0000000742800000, 0x0000000742a00000, 0x0000000742a00000|100%| O|  |TAMS 0x0000000742a00000| PB 0x0000000742a00000| Untracked |  0
| 501|0x0000000742a00000, 0x0000000742c00000, 0x0000000742c00000|100%| O|  |TAMS 0x0000000742c00000| PB 0x0000000742c00000| Untracked |  0
| 502|0x0000000742c00000, 0x0000000742e00000, 0x0000000742e00000|100%| O|  |TAMS 0x0000000742e00000| PB 0x0000000742e00000| Untracked |  0
| 503|0x0000000742e00000, 0x0000000743000000, 0x0000000743000000|100%| O|  |TAMS 0x0000000743000000| PB 0x0000000743000000| Untracked |  0
| 504|0x0000000743000000, 0x0000000743200000, 0x0000000743200000|100%| O|  |TAMS 0x0000000743200000| PB 0x0000000743200000| Untracked |  0
| 505|0x0000000743200000, 0x0000000743400000, 0x0000000743400000|100%| O|  |TAMS 0x0000000743400000| PB 0x0000000743400000| Untracked |  0
| 506|0x0000000743400000, 0x0000000743600000, 0x0000000743600000|100%| O|  |TAMS 0x0000000743600000| PB 0x0000000743600000| Untracked |  0
| 507|0x0000000743600000, 0x0000000743800000, 0x0000000743800000|100%| O|  |TAMS 0x0000000743800000| PB 0x0000000743800000| Untracked |  0
| 508|0x0000000743800000, 0x0000000743a00000, 0x0000000743a00000|100%| O|  |TAMS 0x0000000743a00000| PB 0x0000000743a00000| Untracked |  0
| 509|0x0000000743a00000, 0x0000000743c00000, 0x0000000743c00000|100%| O|  |TAMS 0x0000000743c00000| PB 0x0000000743c00000| Untracked |  0
| 510|0x0000000743c00000, 0x0000000743e00000, 0x0000000743e00000|100%| O|  |TAMS 0x0000000743e00000| PB 0x0000000743e00000| Untracked |  0
| 511|0x0000000743e00000, 0x0000000744000000, 0x0000000744000000|100%| O|  |TAMS 0x0000000744000000| PB 0x0000000744000000| Untracked |  0
| 512|0x0000000744000000, 0x0000000744200000, 0x0000000744200000|100%| O|  |TAMS 0x0000000744200000| PB 0x0000000744200000| Untracked |  0
| 513|0x0000000744200000, 0x0000000744400000, 0x0000000744400000|100%| O|  |TAMS 0x0000000744400000| PB 0x0000000744400000| Untracked |  0
| 514|0x0000000744400000, 0x0000000744600000, 0x0000000744600000|100%| O|  |TAMS 0x0000000744600000| PB 0x0000000744600000| Untracked |  0
| 515|0x0000000744600000, 0x0000000744800000, 0x0000000744800000|100%| O|  |TAMS 0x0000000744800000| PB 0x0000000744800000| Untracked |  0
| 516|0x0000000744800000, 0x0000000744a00000, 0x0000000744a00000|100%| O|  |TAMS 0x0000000744a00000| PB 0x0000000744a00000| Untracked |  0
| 517|0x0000000744a00000, 0x0000000744c00000, 0x0000000744c00000|100%| O|  |TAMS 0x0000000744c00000| PB 0x0000000744c00000| Untracked |  0
| 518|0x0000000744c00000, 0x0000000744e00000, 0x0000000744e00000|100%| O|  |TAMS 0x0000000744e00000| PB 0x0000000744e00000| Untracked |  0
| 519|0x0000000744e00000, 0x0000000745000000, 0x0000000745000000|100%| O|  |TAMS 0x0000000745000000| PB 0x0000000745000000| Untracked |  0
| 520|0x0000000745000000, 0x0000000745200000, 0x0000000745200000|100%| O|  |TAMS 0x0000000745200000| PB 0x0000000745200000| Untracked |  0
| 521|0x0000000745200000, 0x0000000745400000, 0x0000000745400000|100%| O|  |TAMS 0x0000000745400000| PB 0x0000000745400000| Untracked |  0
| 522|0x0000000745400000, 0x0000000745600000, 0x0000000745600000|100%| O|  |TAMS 0x0000000745600000| PB 0x0000000745600000| Untracked |  0
| 523|0x0000000745600000, 0x0000000745800000, 0x0000000745800000|100%| O|  |TAMS 0x0000000745800000| PB 0x0000000745800000| Untracked |  0
| 524|0x0000000745800000, 0x0000000745a00000, 0x0000000745a00000|100%| O|  |TAMS 0x0000000745a00000| PB 0x0000000745a00000| Untracked |  0
| 525|0x0000000745a00000, 0x0000000745c00000, 0x0000000745c00000|100%| O|  |TAMS 0x0000000745c00000| PB 0x0000000745c00000| Untracked |  0
| 526|0x0000000745c00000, 0x0000000745e00000, 0x0000000745e00000|100%| O|  |TAMS 0x0000000745e00000| PB 0x0000000745e00000| Untracked |  0
| 527|0x0000000745e00000, 0x0000000746000000, 0x0000000746000000|100%| O|  |TAMS 0x0000000746000000| PB 0x0000000746000000| Untracked |  0
| 528|0x0000000746000000, 0x0000000746200000, 0x0000000746200000|100%| O|  |TAMS 0x0000000746200000| PB 0x0000000746200000| Untracked |  0
| 529|0x0000000746200000, 0x0000000746400000, 0x0000000746400000|100%| O|  |TAMS 0x0000000746400000| PB 0x0000000746400000| Untracked |  0
| 530|0x0000000746400000, 0x0000000746600000, 0x0000000746600000|100%| O|  |TAMS 0x0000000746600000| PB 0x0000000746600000| Untracked |  0
| 531|0x0000000746600000, 0x0000000746800000, 0x0000000746800000|100%| O|  |TAMS 0x0000000746800000| PB 0x0000000746800000| Untracked |  0
| 532|0x0000000746800000, 0x0000000746a00000, 0x0000000746a00000|100%| O|  |TAMS 0x0000000746800000| PB 0x0000000746800000| Untracked |  0
| 533|0x0000000746a00000, 0x0000000746c00000, 0x0000000746c00000|100%| O|  |TAMS 0x0000000746c00000| PB 0x0000000746c00000| Untracked |  0
| 534|0x0000000746c00000, 0x0000000746e00000, 0x0000000746e00000|100%| O|  |TAMS 0x0000000746e00000| PB 0x0000000746e00000| Untracked |  0
| 535|0x0000000746e00000, 0x0000000747000000, 0x0000000747000000|100%| O|  |TAMS 0x0000000747000000| PB 0x0000000747000000| Untracked |  0
| 536|0x0000000747000000, 0x0000000747200000, 0x0000000747200000|100%| O|  |TAMS 0x0000000747200000| PB 0x0000000747200000| Untracked |  0
| 537|0x0000000747200000, 0x0000000747400000, 0x0000000747400000|100%| O|  |TAMS 0x0000000747400000| PB 0x0000000747400000| Untracked |  0
| 538|0x0000000747400000, 0x0000000747600000, 0x0000000747600000|100%| O|  |TAMS 0x0000000747600000| PB 0x0000000747600000| Untracked |  0
| 539|0x0000000747600000, 0x0000000747800000, 0x0000000747800000|100%| O|  |TAMS 0x0000000747800000| PB 0x0000000747800000| Untracked |  0
| 540|0x0000000747800000, 0x0000000747a00000, 0x0000000747a00000|100%| O|  |TAMS 0x0000000747a00000| PB 0x0000000747a00000| Untracked |  0
| 541|0x0000000747a00000, 0x0000000747c00000, 0x0000000747c00000|100%| O|  |TAMS 0x0000000747c00000| PB 0x0000000747c00000| Untracked |  0
| 542|0x0000000747c00000, 0x0000000747e00000, 0x0000000747e00000|100%| O|  |TAMS 0x0000000747e00000| PB 0x0000000747e00000| Untracked |  0
| 543|0x0000000747e00000, 0x0000000748000000, 0x0000000748000000|100%| O|  |TAMS 0x0000000748000000| PB 0x0000000748000000| Untracked |  0
| 544|0x0000000748000000, 0x0000000748200000, 0x0000000748200000|100%| O|  |TAMS 0x0000000748200000| PB 0x0000000748200000| Untracked |  0
| 545|0x0000000748200000, 0x0000000748400000, 0x0000000748400000|100%| O|  |TAMS 0x0000000748400000| PB 0x0000000748400000| Untracked |  0
| 546|0x0000000748400000, 0x0000000748600000, 0x0000000748600000|100%| O|  |TAMS 0x0000000748600000| PB 0x0000000748600000| Untracked |  0
| 547|0x0000000748600000, 0x0000000748800000, 0x0000000748800000|100%| O|  |TAMS 0x0000000748800000| PB 0x0000000748800000| Untracked |  0
| 548|0x0000000748800000, 0x0000000748a00000, 0x0000000748a00000|100%| O|  |TAMS 0x0000000748a00000| PB 0x0000000748a00000| Untracked |  0
| 549|0x0000000748a00000, 0x0000000748c00000, 0x0000000748c00000|100%| O|  |TAMS 0x0000000748c00000| PB 0x0000000748c00000| Untracked |  0
| 550|0x0000000748c00000, 0x0000000748e00000, 0x0000000748e00000|100%| O|  |TAMS 0x0000000748e00000| PB 0x0000000748e00000| Untracked |  0
| 551|0x0000000748e00000, 0x0000000749000000, 0x0000000749000000|100%| O|Cm|TAMS 0x0000000749000000| PB 0x0000000749000000| Updating |  0
| 552|0x0000000749000000, 0x0000000749200000, 0x0000000749200000|100%| O|  |TAMS 0x0000000749200000| PB 0x0000000749200000| Untracked |  0
| 553|0x0000000749200000, 0x0000000749400000, 0x0000000749400000|100%| O|  |TAMS 0x0000000749400000| PB 0x0000000749400000| Untracked |  0
| 554|0x0000000749400000, 0x0000000749600000, 0x0000000749600000|100%| O|  |TAMS 0x0000000749600000| PB 0x0000000749600000| Untracked |  0
| 555|0x0000000749600000, 0x0000000749800000, 0x0000000749800000|100%| O|  |TAMS 0x0000000749800000| PB 0x0000000749800000| Untracked |  0
| 556|0x0000000749800000, 0x0000000749a00000, 0x0000000749a00000|100%| O|  |TAMS 0x0000000749a00000| PB 0x0000000749a00000| Untracked |  0
| 557|0x0000000749a00000, 0x0000000749c00000, 0x0000000749c00000|100%| O|  |TAMS 0x0000000749c00000| PB 0x0000000749c00000| Untracked |  0
| 558|0x0000000749c00000, 0x0000000749e00000, 0x0000000749e00000|100%| O|  |TAMS 0x0000000749e00000| PB 0x0000000749e00000| Untracked |  0
| 559|0x0000000749e00000, 0x000000074a000000, 0x000000074a000000|100%| O|  |TAMS 0x000000074a000000| PB 0x000000074a000000| Untracked |  0
| 560|0x000000074a000000, 0x000000074a200000, 0x000000074a200000|100%| O|  |TAMS 0x000000074a200000| PB 0x000000074a200000| Untracked |  0
| 561|0x000000074a200000, 0x000000074a400000, 0x000000074a400000|100%| O|  |TAMS 0x000000074a400000| PB 0x000000074a400000| Untracked |  0
| 562|0x000000074a400000, 0x000000074a600000, 0x000000074a600000|100%| O|  |TAMS 0x000000074a600000| PB 0x000000074a600000| Untracked |  0
| 563|0x000000074a600000, 0x000000074a800000, 0x000000074a800000|100%| O|  |TAMS 0x000000074a800000| PB 0x000000074a800000| Untracked |  0
| 564|0x000000074a800000, 0x000000074aa00000, 0x000000074aa00000|100%| O|  |TAMS 0x000000074aa00000| PB 0x000000074aa00000| Untracked |  0
| 565|0x000000074aa00000, 0x000000074ac00000, 0x000000074ac00000|100%| O|  |TAMS 0x000000074ac00000| PB 0x000000074ac00000| Untracked |  0
| 566|0x000000074ac00000, 0x000000074ae00000, 0x000000074ae00000|100%| O|  |TAMS 0x000000074ae00000| PB 0x000000074ae00000| Untracked |  0
| 567|0x000000074ae00000, 0x000000074b000000, 0x000000074b000000|100%| O|  |TAMS 0x000000074b000000| PB 0x000000074b000000| Untracked |  0
| 568|0x000000074b000000, 0x000000074b200000, 0x000000074b200000|100%| O|  |TAMS 0x000000074b200000| PB 0x000000074b200000| Untracked |  0
| 569|0x000000074b200000, 0x000000074b400000, 0x000000074b400000|100%| O|  |TAMS 0x000000074b400000| PB 0x000000074b400000| Untracked |  0
| 570|0x000000074b400000, 0x000000074b600000, 0x000000074b600000|100%| O|  |TAMS 0x000000074b600000| PB 0x000000074b600000| Untracked |  0
| 571|0x000000074b600000, 0x000000074b800000, 0x000000074b800000|100%| O|  |TAMS 0x000000074b800000| PB 0x000000074b800000| Untracked |  0
| 572|0x000000074b800000, 0x000000074ba00000, 0x000000074ba00000|100%| O|  |TAMS 0x000000074ba00000| PB 0x000000074ba00000| Untracked |  0
| 573|0x000000074ba00000, 0x000000074bc00000, 0x000000074bc00000|100%| O|  |TAMS 0x000000074bc00000| PB 0x000000074bc00000| Untracked |  0
| 574|0x000000074bc00000, 0x000000074be00000, 0x000000074be00000|100%| O|  |TAMS 0x000000074be00000| PB 0x000000074be00000| Untracked |  0
| 575|0x000000074be00000, 0x000000074c000000, 0x000000074c000000|100%| O|  |TAMS 0x000000074c000000| PB 0x000000074c000000| Untracked |  0
| 576|0x000000074c000000, 0x000000074c200000, 0x000000074c200000|100%| O|  |TAMS 0x000000074c200000| PB 0x000000074c200000| Untracked |  0
| 577|0x000000074c200000, 0x000000074c400000, 0x000000074c400000|100%| O|  |TAMS 0x000000074c400000| PB 0x000000074c400000| Untracked |  0
| 578|0x000000074c400000, 0x000000074c600000, 0x000000074c600000|100%| O|  |TAMS 0x000000074c600000| PB 0x000000074c600000| Untracked |  0
| 579|0x000000074c600000, 0x000000074c800000, 0x000000074c800000|100%| O|  |TAMS 0x000000074c800000| PB 0x000000074c800000| Untracked |  0
| 580|0x000000074c800000, 0x000000074ca00000, 0x000000074ca00000|100%| O|  |TAMS 0x000000074ca00000| PB 0x000000074ca00000| Untracked |  0
| 581|0x000000074ca00000, 0x000000074cc00000, 0x000000074cc00000|100%| O|  |TAMS 0x000000074cc00000| PB 0x000000074cc00000| Untracked |  0
| 582|0x000000074cc00000, 0x000000074ce00000, 0x000000074ce00000|100%| O|  |TAMS 0x000000074ce00000| PB 0x000000074ce00000| Untracked |  0
| 583|0x000000074ce00000, 0x000000074d000000, 0x000000074d000000|100%| O|  |TAMS 0x000000074d000000| PB 0x000000074d000000| Untracked |  0
| 584|0x000000074d000000, 0x000000074d200000, 0x000000074d200000|100%| O|  |TAMS 0x000000074d200000| PB 0x000000074d200000| Untracked |  0
| 585|0x000000074d200000, 0x000000074d400000, 0x000000074d400000|100%| O|  |TAMS 0x000000074d400000| PB 0x000000074d400000| Untracked |  0
| 586|0x000000074d400000, 0x000000074d600000, 0x000000074d600000|100%| O|  |TAMS 0x000000074d600000| PB 0x000000074d600000| Untracked |  0
| 587|0x000000074d600000, 0x000000074d800000, 0x000000074d800000|100%| O|  |TAMS 0x000000074d800000| PB 0x000000074d800000| Untracked |  0
| 588|0x000000074d800000, 0x000000074da00000, 0x000000074da00000|100%| O|  |TAMS 0x000000074da00000| PB 0x000000074da00000| Untracked |  0
| 589|0x000000074da00000, 0x000000074dc00000, 0x000000074dc00000|100%| O|  |TAMS 0x000000074dc00000| PB 0x000000074dc00000| Untracked |  0
| 590|0x000000074dc00000, 0x000000074de00000, 0x000000074de00000|100%| O|  |TAMS 0x000000074de00000| PB 0x000000074de00000| Untracked |  0
| 591|0x000000074de00000, 0x000000074e000000, 0x000000074e000000|100%| O|  |TAMS 0x000000074e000000| PB 0x000000074e000000| Untracked |  0
| 592|0x000000074e000000, 0x000000074e200000, 0x000000074e200000|100%| O|  |TAMS 0x000000074e200000| PB 0x000000074e200000| Untracked |  0
| 593|0x000000074e200000, 0x000000074e400000, 0x000000074e400000|100%| O|  |TAMS 0x000000074e400000| PB 0x000000074e400000| Untracked |  0
| 594|0x000000074e400000, 0x000000074e600000, 0x000000074e600000|100%| O|  |TAMS 0x000000074e600000| PB 0x000000074e600000| Untracked |  0
| 595|0x000000074e600000, 0x000000074e800000, 0x000000074e800000|100%| O|  |TAMS 0x000000074e800000| PB 0x000000074e800000| Untracked |  0
| 596|0x000000074e800000, 0x000000074ea00000, 0x000000074ea00000|100%| O|Cm|TAMS 0x000000074ea00000| PB 0x000000074ea00000| Updating |  0
| 597|0x000000074ea00000, 0x000000074ec00000, 0x000000074ec00000|100%| O|  |TAMS 0x000000074ec00000| PB 0x000000074ec00000| Untracked |  0
| 598|0x000000074ec00000, 0x000000074ee00000, 0x000000074ee00000|100%| O|  |TAMS 0x000000074ee00000| PB 0x000000074ee00000| Untracked |  0
| 599|0x000000074ee00000, 0x000000074ee00000, 0x000000074f000000|  0%| F|  |TAMS 0x000000074ee00000| PB 0x000000074ee00000| Untracked |  0
| 600|0x000000074f000000, 0x000000074f000000, 0x000000074f200000|  0%| F|  |TAMS 0x000000074f000000| PB 0x000000074f000000| Untracked |  0
| 601|0x000000074f200000, 0x000000074f200000, 0x000000074f400000|  0%| F|  |TAMS 0x000000074f200000| PB 0x000000074f200000| Untracked |  0
| 602|0x000000074f400000, 0x000000074f400000, 0x000000074f600000|  0%| F|  |TAMS 0x000000074f400000| PB 0x000000074f400000| Untracked |  0
| 603|0x000000074f600000, 0x000000074f600000, 0x000000074f800000|  0%| F|  |TAMS 0x000000074f600000| PB 0x000000074f600000| Untracked |  0
| 604|0x000000074f800000, 0x000000074f800000, 0x000000074fa00000|  0%| F|  |TAMS 0x000000074f800000| PB 0x000000074f800000| Untracked |  0
| 605|0x000000074fa00000, 0x000000074fa00000, 0x000000074fc00000|  0%| F|  |TAMS 0x000000074fa00000| PB 0x000000074fa00000| Untracked |  0
| 606|0x000000074fc00000, 0x000000074fc00000, 0x000000074fe00000|  0%| F|  |TAMS 0x000000074fc00000| PB 0x000000074fc00000| Untracked |  0
| 607|0x000000074fe00000, 0x000000074fe00000, 0x0000000750000000|  0%| F|  |TAMS 0x000000074fe00000| PB 0x000000074fe00000| Untracked |  0
| 608|0x0000000750000000, 0x0000000750000000, 0x0000000750200000|  0%| F|  |TAMS 0x0000000750000000| PB 0x0000000750000000| Untracked |  0
| 609|0x0000000750200000, 0x0000000750200000, 0x0000000750400000|  0%| F|  |TAMS 0x0000000750200000| PB 0x0000000750200000| Untracked |  0
| 610|0x0000000750400000, 0x0000000750400000, 0x0000000750600000|  0%| F|  |TAMS 0x0000000750400000| PB 0x0000000750400000| Untracked |  0
| 611|0x0000000750600000, 0x0000000750600000, 0x0000000750800000|  0%| F|  |TAMS 0x0000000750600000| PB 0x0000000750600000| Untracked |  0
| 612|0x0000000750800000, 0x0000000750800000, 0x0000000750a00000|  0%| F|  |TAMS 0x0000000750800000| PB 0x0000000750800000| Untracked |  0
| 613|0x0000000750a00000, 0x0000000750a00000, 0x0000000750c00000|  0%| F|  |TAMS 0x0000000750a00000| PB 0x0000000750a00000| Untracked |  0
| 614|0x0000000750c00000, 0x0000000750c00000, 0x0000000750e00000|  0%| F|  |TAMS 0x0000000750c00000| PB 0x0000000750c00000| Untracked |  0
| 615|0x0000000750e00000, 0x0000000750e00000, 0x0000000751000000|  0%| F|  |TAMS 0x0000000750e00000| PB 0x0000000750e00000| Untracked |  0
| 616|0x0000000751000000, 0x0000000751000000, 0x0000000751200000|  0%| F|  |TAMS 0x0000000751000000| PB 0x0000000751000000| Untracked |  0
| 617|0x0000000751200000, 0x0000000751200000, 0x0000000751400000|  0%| F|  |TAMS 0x0000000751200000| PB 0x0000000751200000| Untracked |  0
| 618|0x0000000751400000, 0x0000000751400000, 0x0000000751600000|  0%| F|  |TAMS 0x0000000751400000| PB 0x0000000751400000| Untracked |  0
| 619|0x0000000751600000, 0x0000000751600000, 0x0000000751800000|  0%| F|  |TAMS 0x0000000751600000| PB 0x0000000751600000| Untracked |  0
| 620|0x0000000751800000, 0x0000000751a00000, 0x0000000751a00000|100%| O|  |TAMS 0x0000000751a00000| PB 0x0000000751a00000| Untracked |  0
| 621|0x0000000751a00000, 0x0000000751c00000, 0x0000000751c00000|100%| O|  |TAMS 0x0000000751c00000| PB 0x0000000751c00000| Untracked |  0
| 622|0x0000000751c00000, 0x0000000751e00000, 0x0000000751e00000|100%| O|  |TAMS 0x0000000751e00000| PB 0x0000000751e00000| Untracked |  0
| 623|0x0000000751e00000, 0x0000000752000000, 0x0000000752000000|100%| O|  |TAMS 0x0000000752000000| PB 0x0000000752000000| Untracked |  0
| 624|0x0000000752000000, 0x0000000752200000, 0x0000000752200000|100%| O|  |TAMS 0x0000000752200000| PB 0x0000000752200000| Untracked |  0
| 625|0x0000000752200000, 0x0000000752400000, 0x0000000752400000|100%| O|  |TAMS 0x0000000752400000| PB 0x0000000752400000| Untracked |  0
| 626|0x0000000752400000, 0x0000000752600000, 0x0000000752600000|100%| O|  |TAMS 0x0000000752600000| PB 0x0000000752600000| Untracked |  0
| 627|0x0000000752600000, 0x0000000752800000, 0x0000000752800000|100%| O|  |TAMS 0x0000000752800000| PB 0x0000000752800000| Untracked |  0
| 628|0x0000000752800000, 0x0000000752a00000, 0x0000000752a00000|100%| O|  |TAMS 0x0000000752a00000| PB 0x0000000752a00000| Untracked |  0
| 629|0x0000000752a00000, 0x0000000752c00000, 0x0000000752c00000|100%| O|  |TAMS 0x0000000752c00000| PB 0x0000000752c00000| Untracked |  0
| 630|0x0000000752c00000, 0x0000000752e00000, 0x0000000752e00000|100%| O|  |TAMS 0x0000000752e00000| PB 0x0000000752e00000| Untracked |  0
| 631|0x0000000752e00000, 0x0000000753000000, 0x0000000753000000|100%| O|  |TAMS 0x0000000753000000| PB 0x0000000753000000| Untracked |  0
| 632|0x0000000753000000, 0x0000000753200000, 0x0000000753200000|100%| O|  |TAMS 0x0000000753200000| PB 0x0000000753200000| Untracked |  0
| 633|0x0000000753200000, 0x0000000753400000, 0x0000000753400000|100%| O|  |TAMS 0x0000000753400000| PB 0x0000000753400000| Untracked |  0
| 634|0x0000000753400000, 0x0000000753600000, 0x0000000753600000|100%| O|  |TAMS 0x0000000753600000| PB 0x0000000753600000| Untracked |  0
| 635|0x0000000753600000, 0x0000000753800000, 0x0000000753800000|100%| O|  |TAMS 0x0000000753800000| PB 0x0000000753800000| Untracked |  0
| 636|0x0000000753800000, 0x0000000753a00000, 0x0000000753a00000|100%| O|  |TAMS 0x0000000753a00000| PB 0x0000000753a00000| Untracked |  0
| 637|0x0000000753a00000, 0x0000000753c00000, 0x0000000753c00000|100%| O|  |TAMS 0x0000000753c00000| PB 0x0000000753c00000| Untracked |  0
| 638|0x0000000753c00000, 0x0000000753e00000, 0x0000000753e00000|100%| O|  |TAMS 0x0000000753e00000| PB 0x0000000753e00000| Untracked |  0
| 639|0x0000000753e00000, 0x0000000754000000, 0x0000000754000000|100%| O|  |TAMS 0x0000000754000000| PB 0x0000000754000000| Untracked |  0
| 640|0x0000000754000000, 0x0000000754200000, 0x0000000754200000|100%| O|  |TAMS 0x0000000754200000| PB 0x0000000754200000| Untracked |  0
| 641|0x0000000754200000, 0x0000000754400000, 0x0000000754400000|100%| O|  |TAMS 0x0000000754400000| PB 0x0000000754400000| Untracked |  0
| 642|0x0000000754400000, 0x0000000754600000, 0x0000000754600000|100%| O|  |TAMS 0x0000000754600000| PB 0x0000000754600000| Untracked |  0
| 643|0x0000000754600000, 0x0000000754800000, 0x0000000754800000|100%| O|  |TAMS 0x0000000754800000| PB 0x0000000754800000| Untracked |  0
| 644|0x0000000754800000, 0x0000000754a00000, 0x0000000754a00000|100%| O|  |TAMS 0x0000000754a00000| PB 0x0000000754a00000| Untracked |  0
| 645|0x0000000754a00000, 0x0000000754c00000, 0x0000000754c00000|100%| O|  |TAMS 0x0000000754c00000| PB 0x0000000754c00000| Untracked |  0
| 646|0x0000000754c00000, 0x0000000754e00000, 0x0000000754e00000|100%| O|  |TAMS 0x0000000754e00000| PB 0x0000000754e00000| Untracked |  0
| 647|0x0000000754e00000, 0x0000000755000000, 0x0000000755000000|100%| O|  |TAMS 0x0000000755000000| PB 0x0000000755000000| Untracked |  0
| 648|0x0000000755000000, 0x0000000755200000, 0x0000000755200000|100%| O|  |TAMS 0x0000000755200000| PB 0x0000000755200000| Untracked |  0
| 649|0x0000000755200000, 0x0000000755400000, 0x0000000755400000|100%| O|  |TAMS 0x0000000755400000| PB 0x0000000755400000| Untracked |  0
| 650|0x0000000755400000, 0x0000000755600000, 0x0000000755600000|100%| O|  |TAMS 0x0000000755600000| PB 0x0000000755600000| Untracked |  0
| 651|0x0000000755600000, 0x0000000755800000, 0x0000000755800000|100%| O|  |TAMS 0x0000000755800000| PB 0x0000000755800000| Untracked |  0
| 652|0x0000000755800000, 0x0000000755a00000, 0x0000000755a00000|100%| O|  |TAMS 0x0000000755a00000| PB 0x0000000755a00000| Untracked |  0
| 653|0x0000000755a00000, 0x0000000755c00000, 0x0000000755c00000|100%| O|  |TAMS 0x0000000755c00000| PB 0x0000000755c00000| Untracked |  0
| 654|0x0000000755c00000, 0x0000000755e00000, 0x0000000755e00000|100%| O|  |TAMS 0x0000000755e00000| PB 0x0000000755e00000| Untracked |  0
| 655|0x0000000755e00000, 0x0000000756000000, 0x0000000756000000|100%| O|  |TAMS 0x0000000756000000| PB 0x0000000756000000| Untracked |  0
| 656|0x0000000756000000, 0x0000000756200000, 0x0000000756200000|100%| O|  |TAMS 0x0000000756200000| PB 0x0000000756200000| Untracked |  0
| 657|0x0000000756200000, 0x0000000756400000, 0x0000000756400000|100%| O|  |TAMS 0x0000000756400000| PB 0x0000000756400000| Untracked |  0
| 658|0x0000000756400000, 0x0000000756600000, 0x0000000756600000|100%| O|  |TAMS 0x0000000756600000| PB 0x0000000756600000| Untracked |  0
| 659|0x0000000756600000, 0x0000000756800000, 0x0000000756800000|100%| O|  |TAMS 0x0000000756800000| PB 0x0000000756800000| Untracked |  0
| 660|0x0000000756800000, 0x0000000756a00000, 0x0000000756a00000|100%| O|  |TAMS 0x0000000756a00000| PB 0x0000000756a00000| Untracked |  0
| 661|0x0000000756a00000, 0x0000000756c00000, 0x0000000756c00000|100%| O|  |TAMS 0x0000000756c00000| PB 0x0000000756c00000| Untracked |  0
| 662|0x0000000756c00000, 0x0000000756e00000, 0x0000000756e00000|100%| O|  |TAMS 0x0000000756e00000| PB 0x0000000756e00000| Untracked |  0
| 663|0x0000000756e00000, 0x0000000757000000, 0x0000000757000000|100%| O|  |TAMS 0x0000000757000000| PB 0x0000000757000000| Untracked |  0
| 664|0x0000000757000000, 0x0000000757200000, 0x0000000757200000|100%| O|  |TAMS 0x0000000757200000| PB 0x0000000757200000| Untracked |  0
| 665|0x0000000757200000, 0x0000000757400000, 0x0000000757400000|100%| O|  |TAMS 0x0000000757400000| PB 0x0000000757400000| Untracked |  0
| 666|0x0000000757400000, 0x0000000757600000, 0x0000000757600000|100%| O|  |TAMS 0x0000000757600000| PB 0x0000000757600000| Untracked |  0
| 667|0x0000000757600000, 0x0000000757800000, 0x0000000757800000|100%| O|  |TAMS 0x0000000757800000| PB 0x0000000757800000| Untracked |  0
| 668|0x0000000757800000, 0x0000000757a00000, 0x0000000757a00000|100%| O|  |TAMS 0x0000000757a00000| PB 0x0000000757a00000| Untracked |  0
| 669|0x0000000757a00000, 0x0000000757c00000, 0x0000000757c00000|100%| O|  |TAMS 0x0000000757c00000| PB 0x0000000757c00000| Untracked |  0
| 670|0x0000000757c00000, 0x0000000757e00000, 0x0000000757e00000|100%| O|  |TAMS 0x0000000757e00000| PB 0x0000000757e00000| Untracked |  0
| 671|0x0000000757e00000, 0x0000000758000000, 0x0000000758000000|100%| O|  |TAMS 0x0000000758000000| PB 0x0000000758000000| Untracked |  0
| 672|0x0000000758000000, 0x0000000758200000, 0x0000000758200000|100%| O|  |TAMS 0x0000000758200000| PB 0x0000000758200000| Untracked |  0
| 673|0x0000000758200000, 0x0000000758400000, 0x0000000758400000|100%| O|  |TAMS 0x0000000758400000| PB 0x0000000758400000| Untracked |  0
| 674|0x0000000758400000, 0x0000000758600000, 0x0000000758600000|100%| O|  |TAMS 0x0000000758600000| PB 0x0000000758600000| Untracked |  0
| 675|0x0000000758600000, 0x0000000758800000, 0x0000000758800000|100%| O|  |TAMS 0x0000000758800000| PB 0x0000000758800000| Untracked |  0
| 676|0x0000000758800000, 0x0000000758a00000, 0x0000000758a00000|100%| O|  |TAMS 0x0000000758a00000| PB 0x0000000758a00000| Untracked |  0
| 677|0x0000000758a00000, 0x0000000758c00000, 0x0000000758c00000|100%| O|  |TAMS 0x0000000758c00000| PB 0x0000000758c00000| Untracked |  0
| 678|0x0000000758c00000, 0x0000000758e00000, 0x0000000758e00000|100%| O|  |TAMS 0x0000000758e00000| PB 0x0000000758e00000| Untracked |  0
| 679|0x0000000758e00000, 0x0000000759000000, 0x0000000759000000|100%| O|  |TAMS 0x0000000759000000| PB 0x0000000759000000| Untracked |  0
| 680|0x0000000759000000, 0x0000000759200000, 0x0000000759200000|100%| O|  |TAMS 0x0000000759200000| PB 0x0000000759200000| Untracked |  0
| 681|0x0000000759200000, 0x0000000759400000, 0x0000000759400000|100%| O|  |TAMS 0x0000000759400000| PB 0x0000000759400000| Untracked |  0
| 682|0x0000000759400000, 0x0000000759600000, 0x0000000759600000|100%| O|  |TAMS 0x0000000759600000| PB 0x0000000759600000| Untracked |  0
| 683|0x0000000759600000, 0x0000000759800000, 0x0000000759800000|100%| O|  |TAMS 0x0000000759800000| PB 0x0000000759800000| Untracked |  0
| 684|0x0000000759800000, 0x0000000759a00000, 0x0000000759a00000|100%| O|  |TAMS 0x0000000759a00000| PB 0x0000000759a00000| Untracked |  0
| 685|0x0000000759a00000, 0x0000000759c00000, 0x0000000759c00000|100%| O|  |TAMS 0x0000000759c00000| PB 0x0000000759c00000| Untracked |  0
| 686|0x0000000759c00000, 0x0000000759e00000, 0x0000000759e00000|100%| O|  |TAMS 0x0000000759e00000| PB 0x0000000759e00000| Untracked |  0
| 687|0x0000000759e00000, 0x000000075a000000, 0x000000075a000000|100%| O|  |TAMS 0x000000075a000000| PB 0x000000075a000000| Untracked |  0
| 688|0x000000075a000000, 0x000000075a200000, 0x000000075a200000|100%| O|  |TAMS 0x000000075a200000| PB 0x000000075a200000| Untracked |  0
| 689|0x000000075a200000, 0x000000075a400000, 0x000000075a400000|100%| O|  |TAMS 0x000000075a400000| PB 0x000000075a400000| Untracked |  0
| 690|0x000000075a400000, 0x000000075a600000, 0x000000075a600000|100%| O|  |TAMS 0x000000075a600000| PB 0x000000075a600000| Untracked |  0
| 691|0x000000075a600000, 0x000000075a800000, 0x000000075a800000|100%| O|  |TAMS 0x000000075a800000| PB 0x000000075a800000| Untracked |  0
| 692|0x000000075a800000, 0x000000075aa00000, 0x000000075aa00000|100%| O|  |TAMS 0x000000075aa00000| PB 0x000000075aa00000| Untracked |  0
| 693|0x000000075aa00000, 0x000000075ac00000, 0x000000075ac00000|100%| O|  |TAMS 0x000000075ac00000| PB 0x000000075ac00000| Untracked |  0
| 694|0x000000075ac00000, 0x000000075ae00000, 0x000000075ae00000|100%| O|  |TAMS 0x000000075ae00000| PB 0x000000075ae00000| Untracked |  0
| 695|0x000000075ae00000, 0x000000075b000000, 0x000000075b000000|100%| O|  |TAMS 0x000000075b000000| PB 0x000000075b000000| Untracked |  0
| 696|0x000000075b000000, 0x000000075b200000, 0x000000075b200000|100%| O|  |TAMS 0x000000075b200000| PB 0x000000075b200000| Untracked |  0
| 697|0x000000075b200000, 0x000000075b400000, 0x000000075b400000|100%| O|  |TAMS 0x000000075b200000| PB 0x000000075b200000| Untracked |  0
| 698|0x000000075b400000, 0x000000075b600000, 0x000000075b600000|100%| O|  |TAMS 0x000000075b600000| PB 0x000000075b600000| Untracked |  0
| 699|0x000000075b600000, 0x000000075b800000, 0x000000075b800000|100%| O|  |TAMS 0x000000075b800000| PB 0x000000075b800000| Untracked |  0
| 700|0x000000075b800000, 0x000000075ba00000, 0x000000075ba00000|100%| O|  |TAMS 0x000000075ba00000| PB 0x000000075ba00000| Untracked |  0
| 701|0x000000075ba00000, 0x000000075bc00000, 0x000000075bc00000|100%| O|  |TAMS 0x000000075bc00000| PB 0x000000075bc00000| Untracked |  0
| 702|0x000000075bc00000, 0x000000075be00000, 0x000000075be00000|100%| O|  |TAMS 0x000000075be00000| PB 0x000000075be00000| Untracked |  0
| 703|0x000000075be00000, 0x000000075c000000, 0x000000075c000000|100%| O|  |TAMS 0x000000075c000000| PB 0x000000075c000000| Untracked |  0
| 704|0x000000075c000000, 0x000000075c200000, 0x000000075c200000|100%| O|  |TAMS 0x000000075c200000| PB 0x000000075c200000| Untracked |  0
| 705|0x000000075c200000, 0x000000075c400000, 0x000000075c400000|100%| O|  |TAMS 0x000000075c400000| PB 0x000000075c400000| Untracked |  0
| 706|0x000000075c400000, 0x000000075c600000, 0x000000075c600000|100%| O|  |TAMS 0x000000075c600000| PB 0x000000075c600000| Untracked |  0
| 707|0x000000075c600000, 0x000000075c800000, 0x000000075c800000|100%| O|  |TAMS 0x000000075c800000| PB 0x000000075c800000| Untracked |  0
| 708|0x000000075c800000, 0x000000075ca00000, 0x000000075ca00000|100%| O|  |TAMS 0x000000075ca00000| PB 0x000000075ca00000| Untracked |  0
| 709|0x000000075ca00000, 0x000000075cc00000, 0x000000075cc00000|100%| O|  |TAMS 0x000000075cc00000| PB 0x000000075cc00000| Untracked |  0
| 710|0x000000075cc00000, 0x000000075ce00000, 0x000000075ce00000|100%| O|  |TAMS 0x000000075ce00000| PB 0x000000075ce00000| Untracked |  0
| 711|0x000000075ce00000, 0x000000075d000000, 0x000000075d000000|100%| O|  |TAMS 0x000000075d000000| PB 0x000000075d000000| Untracked |  0
| 712|0x000000075d000000, 0x000000075d200000, 0x000000075d200000|100%| O|  |TAMS 0x000000075d200000| PB 0x000000075d200000| Untracked |  0
| 713|0x000000075d200000, 0x000000075d400000, 0x000000075d400000|100%| O|  |TAMS 0x000000075d400000| PB 0x000000075d400000| Untracked |  0
| 714|0x000000075d400000, 0x000000075d600000, 0x000000075d600000|100%| O|  |TAMS 0x000000075d600000| PB 0x000000075d600000| Untracked |  0
| 715|0x000000075d600000, 0x000000075d800000, 0x000000075d800000|100%| O|  |TAMS 0x000000075d800000| PB 0x000000075d800000| Untracked |  0
| 716|0x000000075d800000, 0x000000075da00000, 0x000000075da00000|100%| O|  |TAMS 0x000000075da00000| PB 0x000000075da00000| Untracked |  0
| 717|0x000000075da00000, 0x000000075dc00000, 0x000000075dc00000|100%| O|  |TAMS 0x000000075dc00000| PB 0x000000075dc00000| Untracked |  0
| 718|0x000000075dc00000, 0x000000075de00000, 0x000000075de00000|100%| O|  |TAMS 0x000000075de00000| PB 0x000000075de00000| Untracked |  0
| 719|0x000000075de00000, 0x000000075e000000, 0x000000075e000000|100%| O|  |TAMS 0x000000075e000000| PB 0x000000075e000000| Untracked |  0
| 720|0x000000075e000000, 0x000000075e200000, 0x000000075e200000|100%| O|  |TAMS 0x000000075e200000| PB 0x000000075e200000| Untracked |  0
| 721|0x000000075e200000, 0x000000075e400000, 0x000000075e400000|100%| O|  |TAMS 0x000000075e400000| PB 0x000000075e400000| Untracked |  0
| 722|0x000000075e400000, 0x000000075e600000, 0x000000075e600000|100%| O|  |TAMS 0x000000075e600000| PB 0x000000075e600000| Untracked |  0
| 723|0x000000075e600000, 0x000000075e800000, 0x000000075e800000|100%| O|  |TAMS 0x000000075e800000| PB 0x000000075e800000| Untracked |  0
| 724|0x000000075e800000, 0x000000075ea00000, 0x000000075ea00000|100%| O|  |TAMS 0x000000075ea00000| PB 0x000000075ea00000| Untracked |  0
| 725|0x000000075ea00000, 0x000000075ec00000, 0x000000075ec00000|100%| O|  |TAMS 0x000000075ec00000| PB 0x000000075ec00000| Untracked |  0
| 726|0x000000075ec00000, 0x000000075ee00000, 0x000000075ee00000|100%| O|  |TAMS 0x000000075ee00000| PB 0x000000075ee00000| Untracked |  0
| 727|0x000000075ee00000, 0x000000075f000000, 0x000000075f000000|100%| O|  |TAMS 0x000000075f000000| PB 0x000000075f000000| Untracked |  0
| 728|0x000000075f000000, 0x000000075f200000, 0x000000075f200000|100%| O|  |TAMS 0x000000075f200000| PB 0x000000075f200000| Untracked |  0
| 729|0x000000075f200000, 0x000000075f400000, 0x000000075f400000|100%| O|  |TAMS 0x000000075f400000| PB 0x000000075f400000| Untracked |  0
| 730|0x000000075f400000, 0x000000075f600000, 0x000000075f600000|100%| O|Cm|TAMS 0x000000075f600000| PB 0x000000075f600000| Updating |  0
| 731|0x000000075f600000, 0x000000075f800000, 0x000000075f800000|100%| O|Cm|TAMS 0x000000075f800000| PB 0x000000075f800000| Updating |  0
| 732|0x000000075f800000, 0x000000075fa00000, 0x000000075fa00000|100%| O|Cm|TAMS 0x000000075fa00000| PB 0x000000075fa00000| Updating |  0
| 733|0x000000075fa00000, 0x000000075fc00000, 0x000000075fc00000|100%| O|  |TAMS 0x000000075fc00000| PB 0x000000075fc00000| Untracked |  0
| 734|0x000000075fc00000, 0x000000075fe00000, 0x000000075fe00000|100%|HS|  |TAMS 0x000000075fe00000| PB 0x000000075fc00000| Complete |  0
| 735|0x000000075fe00000, 0x0000000760000000, 0x0000000760000000|100%|HC|  |TAMS 0x0000000760000000| PB 0x000000075fe00000| Complete |  0
| 736|0x0000000760000000, 0x0000000760200000, 0x0000000760200000|100%|HC|  |TAMS 0x0000000760200000| PB 0x0000000760000000| Complete |  0
| 737|0x0000000760200000, 0x0000000760400000, 0x0000000760400000|100%|HC|  |TAMS 0x0000000760400000| PB 0x0000000760200000| Complete |  0
| 738|0x0000000760400000, 0x0000000760600000, 0x0000000760600000|100%|HC|  |TAMS 0x0000000760600000| PB 0x0000000760400000| Complete |  0
| 739|0x0000000760600000, 0x0000000760800000, 0x0000000760800000|100%|HC|  |TAMS 0x0000000760800000| PB 0x0000000760600000| Complete |  0
| 740|0x0000000760800000, 0x0000000760a00000, 0x0000000760a00000|100%|HC|  |TAMS 0x0000000760a00000| PB 0x0000000760800000| Complete |  0
| 741|0x0000000760a00000, 0x0000000760c00000, 0x0000000760c00000|100%|HC|  |TAMS 0x0000000760c00000| PB 0x0000000760a00000| Complete |  0
| 742|0x0000000760c00000, 0x0000000760e00000, 0x0000000760e00000|100%|HC|  |TAMS 0x0000000760e00000| PB 0x0000000760c00000| Complete |  0
| 743|0x0000000760e00000, 0x0000000760e00000, 0x0000000761000000|  0%| F|  |TAMS 0x0000000760e00000| PB 0x0000000760e00000| Untracked |  0
| 744|0x0000000761000000, 0x0000000761000000, 0x0000000761200000|  0%| F|  |TAMS 0x0000000761000000| PB 0x0000000761000000| Untracked |  0
| 745|0x0000000761200000, 0x0000000761200000, 0x0000000761400000|  0%| F|  |TAMS 0x0000000761200000| PB 0x0000000761200000| Untracked |  0
| 746|0x0000000761400000, 0x0000000761400000, 0x0000000761600000|  0%| F|  |TAMS 0x0000000761400000| PB 0x0000000761400000| Untracked |  0
| 747|0x0000000761600000, 0x0000000761800000, 0x0000000761800000|100%| O|  |TAMS 0x0000000761800000| PB 0x0000000761800000| Untracked |  0
| 748|0x0000000761800000, 0x0000000761a00000, 0x0000000761a00000|100%| O|  |TAMS 0x0000000761a00000| PB 0x0000000761a00000| Untracked |  0
| 749|0x0000000761a00000, 0x0000000761c00000, 0x0000000761c00000|100%| O|  |TAMS 0x0000000761c00000| PB 0x0000000761c00000| Untracked |  0
| 750|0x0000000761c00000, 0x0000000761e00000, 0x0000000761e00000|100%| O|  |TAMS 0x0000000761e00000| PB 0x0000000761e00000| Untracked |  0
| 751|0x0000000761e00000, 0x0000000762000000, 0x0000000762000000|100%| O|  |TAMS 0x0000000762000000| PB 0x0000000762000000| Untracked |  0
| 752|0x0000000762000000, 0x0000000762200000, 0x0000000762200000|100%| O|  |TAMS 0x0000000762200000| PB 0x0000000762200000| Untracked |  0
| 753|0x0000000762200000, 0x0000000762400000, 0x0000000762400000|100%| O|  |TAMS 0x0000000762400000| PB 0x0000000762400000| Untracked |  0
| 754|0x0000000762400000, 0x0000000762600000, 0x0000000762600000|100%| O|  |TAMS 0x0000000762600000| PB 0x0000000762600000| Untracked |  0
| 755|0x0000000762600000, 0x0000000762800000, 0x0000000762800000|100%| O|  |TAMS 0x0000000762800000| PB 0x0000000762800000| Untracked |  0
| 756|0x0000000762800000, 0x0000000762a00000, 0x0000000762a00000|100%| O|  |TAMS 0x0000000762a00000| PB 0x0000000762a00000| Untracked |  0
| 757|0x0000000762a00000, 0x0000000762c00000, 0x0000000762c00000|100%| O|  |TAMS 0x0000000762c00000| PB 0x0000000762c00000| Untracked |  0
| 758|0x0000000762c00000, 0x0000000762e00000, 0x0000000762e00000|100%| O|  |TAMS 0x0000000762e00000| PB 0x0000000762e00000| Untracked |  0
| 759|0x0000000762e00000, 0x0000000763000000, 0x0000000763000000|100%| O|  |TAMS 0x0000000763000000| PB 0x0000000763000000| Untracked |  0
| 760|0x0000000763000000, 0x0000000763200000, 0x0000000763200000|100%| O|  |TAMS 0x0000000763200000| PB 0x0000000763200000| Untracked |  0
| 761|0x0000000763200000, 0x0000000763400000, 0x0000000763400000|100%| O|  |TAMS 0x0000000763400000| PB 0x0000000763400000| Untracked |  0
| 762|0x0000000763400000, 0x0000000763600000, 0x0000000763600000|100%| O|  |TAMS 0x0000000763600000| PB 0x0000000763600000| Untracked |  0
| 763|0x0000000763600000, 0x0000000763800000, 0x0000000763800000|100%| O|  |TAMS 0x0000000763800000| PB 0x0000000763800000| Untracked |  0
| 764|0x0000000763800000, 0x0000000763a00000, 0x0000000763a00000|100%| O|  |TAMS 0x0000000763a00000| PB 0x0000000763a00000| Untracked |  0
| 765|0x0000000763a00000, 0x0000000763c00000, 0x0000000763c00000|100%| O|  |TAMS 0x0000000763c00000| PB 0x0000000763c00000| Untracked |  0
| 766|0x0000000763c00000, 0x0000000763e00000, 0x0000000763e00000|100%| O|  |TAMS 0x0000000763e00000| PB 0x0000000763e00000| Untracked |  0
| 767|0x0000000763e00000, 0x0000000764000000, 0x0000000764000000|100%| O|  |TAMS 0x0000000764000000| PB 0x0000000764000000| Untracked |  0
| 768|0x0000000764000000, 0x0000000764200000, 0x0000000764200000|100%| O|  |TAMS 0x0000000764200000| PB 0x0000000764200000| Untracked |  0
| 769|0x0000000764200000, 0x0000000764400000, 0x0000000764400000|100%| O|  |TAMS 0x0000000764400000| PB 0x0000000764400000| Untracked |  0
| 770|0x0000000764400000, 0x0000000764600000, 0x0000000764600000|100%| O|  |TAMS 0x0000000764600000| PB 0x0000000764600000| Untracked |  0
| 771|0x0000000764600000, 0x0000000764800000, 0x0000000764800000|100%| O|  |TAMS 0x0000000764800000| PB 0x0000000764800000| Untracked |  0
| 772|0x0000000764800000, 0x0000000764a00000, 0x0000000764a00000|100%| O|  |TAMS 0x0000000764a00000| PB 0x0000000764a00000| Untracked |  0
| 773|0x0000000764a00000, 0x0000000764c00000, 0x0000000764c00000|100%| O|  |TAMS 0x0000000764c00000| PB 0x0000000764c00000| Untracked |  0
| 774|0x0000000764c00000, 0x0000000764e00000, 0x0000000764e00000|100%| O|  |TAMS 0x0000000764e00000| PB 0x0000000764e00000| Untracked |  0
| 775|0x0000000764e00000, 0x0000000765000000, 0x0000000765000000|100%| O|  |TAMS 0x0000000765000000| PB 0x0000000765000000| Untracked |  0
| 776|0x0000000765000000, 0x0000000765200000, 0x0000000765200000|100%| O|  |TAMS 0x0000000765200000| PB 0x0000000765200000| Untracked |  0
| 777|0x0000000765200000, 0x0000000765400000, 0x0000000765400000|100%| O|  |TAMS 0x0000000765400000| PB 0x0000000765400000| Untracked |  0
| 778|0x0000000765400000, 0x0000000765600000, 0x0000000765600000|100%| O|  |TAMS 0x0000000765600000| PB 0x0000000765600000| Untracked |  0
| 779|0x0000000765600000, 0x0000000765800000, 0x0000000765800000|100%| O|  |TAMS 0x0000000765800000| PB 0x0000000765800000| Untracked |  0
| 780|0x0000000765800000, 0x0000000765a00000, 0x0000000765a00000|100%| O|  |TAMS 0x0000000765a00000| PB 0x0000000765a00000| Untracked |  0
| 781|0x0000000765a00000, 0x0000000765c00000, 0x0000000765c00000|100%| O|  |TAMS 0x0000000765c00000| PB 0x0000000765c00000| Untracked |  0
| 782|0x0000000765c00000, 0x0000000765e00000, 0x0000000765e00000|100%| O|  |TAMS 0x0000000765e00000| PB 0x0000000765e00000| Untracked |  0
| 783|0x0000000765e00000, 0x0000000766000000, 0x0000000766000000|100%| O|  |TAMS 0x0000000766000000| PB 0x0000000766000000| Untracked |  0
| 784|0x0000000766000000, 0x0000000766200000, 0x0000000766200000|100%| O|  |TAMS 0x0000000766200000| PB 0x0000000766200000| Untracked |  0
| 785|0x0000000766200000, 0x0000000766400000, 0x0000000766400000|100%| O|  |TAMS 0x0000000766400000| PB 0x0000000766400000| Untracked |  0
| 786|0x0000000766400000, 0x0000000766600000, 0x0000000766600000|100%| O|  |TAMS 0x0000000766600000| PB 0x0000000766600000| Untracked |  0
| 787|0x0000000766600000, 0x0000000766800000, 0x0000000766800000|100%| O|  |TAMS 0x0000000766800000| PB 0x0000000766800000| Untracked |  0
| 788|0x0000000766800000, 0x0000000766a00000, 0x0000000766a00000|100%| O|  |TAMS 0x0000000766a00000| PB 0x0000000766a00000| Untracked |  0
| 789|0x0000000766a00000, 0x0000000766c00000, 0x0000000766c00000|100%| O|  |TAMS 0x0000000766c00000| PB 0x0000000766c00000| Untracked |  0
| 790|0x0000000766c00000, 0x0000000766e00000, 0x0000000766e00000|100%| O|  |TAMS 0x0000000766e00000| PB 0x0000000766e00000| Untracked |  0
| 791|0x0000000766e00000, 0x0000000767000000, 0x0000000767000000|100%| O|  |TAMS 0x0000000767000000| PB 0x0000000767000000| Untracked |  0
| 792|0x0000000767000000, 0x0000000767200000, 0x0000000767200000|100%| O|  |TAMS 0x0000000767200000| PB 0x0000000767200000| Untracked |  0
| 793|0x0000000767200000, 0x0000000767400000, 0x0000000767400000|100%| O|  |TAMS 0x0000000767400000| PB 0x0000000767400000| Untracked |  0
| 794|0x0000000767400000, 0x0000000767600000, 0x0000000767600000|100%| O|  |TAMS 0x0000000767600000| PB 0x0000000767600000| Untracked |  0
| 795|0x0000000767600000, 0x0000000767800000, 0x0000000767800000|100%| O|Cm|TAMS 0x0000000767800000| PB 0x0000000767800000| Updating |  0
| 796|0x0000000767800000, 0x0000000767a00000, 0x0000000767a00000|100%| O|Cm|TAMS 0x0000000767a00000| PB 0x0000000767a00000| Updating |  0
| 797|0x0000000767a00000, 0x0000000767c00000, 0x0000000767c00000|100%|HS|  |TAMS 0x0000000767c00000| PB 0x0000000767a00000| Complete |  0
| 798|0x0000000767c00000, 0x0000000767e00000, 0x0000000767e00000|100%|HC|  |TAMS 0x0000000767e00000| PB 0x0000000767c00000| Complete |  0
| 799|0x0000000767e00000, 0x0000000768000000, 0x0000000768000000|100%|HC|  |TAMS 0x0000000768000000| PB 0x0000000767e00000| Complete |  0
| 800|0x0000000768000000, 0x0000000768200000, 0x0000000768200000|100%|HC|  |TAMS 0x0000000768200000| PB 0x0000000768000000| Complete |  0
| 801|0x0000000768200000, 0x0000000768400000, 0x0000000768400000|100%|HC|  |TAMS 0x0000000768400000| PB 0x0000000768200000| Complete |  0
| 802|0x0000000768400000, 0x0000000768600000, 0x0000000768600000|100%|HC|  |TAMS 0x0000000768600000| PB 0x0000000768400000| Complete |  0
| 803|0x0000000768600000, 0x0000000768800000, 0x0000000768800000|100%|HC|  |TAMS 0x0000000768800000| PB 0x0000000768600000| Complete |  0
| 804|0x0000000768800000, 0x0000000768a00000, 0x0000000768a00000|100%|HC|  |TAMS 0x0000000768a00000| PB 0x0000000768800000| Complete |  0
| 805|0x0000000768a00000, 0x0000000768c00000, 0x0000000768c00000|100%|HC|  |TAMS 0x0000000768c00000| PB 0x0000000768a00000| Complete |  0
| 806|0x0000000768c00000, 0x0000000768e00000, 0x0000000768e00000|100%| O|  |TAMS 0x0000000768e00000| PB 0x0000000768e00000| Untracked |  0
| 807|0x0000000768e00000, 0x0000000769000000, 0x0000000769000000|100%| O|  |TAMS 0x0000000769000000| PB 0x0000000769000000| Untracked |  0
| 808|0x0000000769000000, 0x0000000769200000, 0x0000000769200000|100%| O|  |TAMS 0x0000000769200000| PB 0x0000000769200000| Untracked |  0
| 809|0x0000000769200000, 0x0000000769400000, 0x0000000769400000|100%| O|  |TAMS 0x0000000769400000| PB 0x0000000769400000| Untracked |  0
| 810|0x0000000769400000, 0x0000000769600000, 0x0000000769600000|100%| O|  |TAMS 0x0000000769600000| PB 0x0000000769600000| Untracked |  0
| 811|0x0000000769600000, 0x0000000769800000, 0x0000000769800000|100%| O|  |TAMS 0x0000000769800000| PB 0x0000000769800000| Untracked |  0
| 812|0x0000000769800000, 0x0000000769a00000, 0x0000000769a00000|100%| O|  |TAMS 0x0000000769a00000| PB 0x0000000769a00000| Untracked |  0
| 813|0x0000000769a00000, 0x0000000769c00000, 0x0000000769c00000|100%| O|  |TAMS 0x0000000769c00000| PB 0x0000000769c00000| Untracked |  0
| 814|0x0000000769c00000, 0x0000000769e00000, 0x0000000769e00000|100%| O|  |TAMS 0x0000000769e00000| PB 0x0000000769e00000| Untracked |  0
| 815|0x0000000769e00000, 0x000000076a000000, 0x000000076a000000|100%| O|  |TAMS 0x000000076a000000| PB 0x000000076a000000| Untracked |  0
| 816|0x000000076a000000, 0x000000076a200000, 0x000000076a200000|100%| O|  |TAMS 0x000000076a200000| PB 0x000000076a200000| Untracked |  0
| 817|0x000000076a200000, 0x000000076a400000, 0x000000076a400000|100%| O|  |TAMS 0x000000076a400000| PB 0x000000076a400000| Untracked |  0
| 818|0x000000076a400000, 0x000000076a600000, 0x000000076a600000|100%| O|  |TAMS 0x000000076a600000| PB 0x000000076a600000| Untracked |  0
| 819|0x000000076a600000, 0x000000076a800000, 0x000000076a800000|100%| O|  |TAMS 0x000000076a800000| PB 0x000000076a800000| Untracked |  0
| 820|0x000000076a800000, 0x000000076aa00000, 0x000000076aa00000|100%| O|  |TAMS 0x000000076aa00000| PB 0x000000076aa00000| Untracked |  0
| 821|0x000000076aa00000, 0x000000076ac00000, 0x000000076ac00000|100%| O|  |TAMS 0x000000076ac00000| PB 0x000000076ac00000| Untracked |  0
| 822|0x000000076ac00000, 0x000000076ae00000, 0x000000076ae00000|100%| O|  |TAMS 0x000000076ae00000| PB 0x000000076ae00000| Untracked |  0
| 823|0x000000076ae00000, 0x000000076b000000, 0x000000076b000000|100%| O|  |TAMS 0x000000076b000000| PB 0x000000076b000000| Untracked |  0
| 824|0x000000076b000000, 0x000000076b200000, 0x000000076b200000|100%| O|  |TAMS 0x000000076b200000| PB 0x000000076b200000| Untracked |  0
| 825|0x000000076b200000, 0x000000076b400000, 0x000000076b400000|100%| O|  |TAMS 0x000000076b400000| PB 0x000000076b400000| Untracked |  0
| 826|0x000000076b400000, 0x000000076b600000, 0x000000076b600000|100%| O|  |TAMS 0x000000076b600000| PB 0x000000076b600000| Untracked |  0
| 827|0x000000076b600000, 0x000000076b800000, 0x000000076b800000|100%| O|  |TAMS 0x000000076b800000| PB 0x000000076b800000| Untracked |  0
| 828|0x000000076b800000, 0x000000076ba00000, 0x000000076ba00000|100%| O|  |TAMS 0x000000076ba00000| PB 0x000000076ba00000| Untracked |  0
| 829|0x000000076ba00000, 0x000000076bc00000, 0x000000076bc00000|100%| O|  |TAMS 0x000000076bc00000| PB 0x000000076bc00000| Untracked |  0
| 830|0x000000076bc00000, 0x000000076be00000, 0x000000076be00000|100%| O|  |TAMS 0x000000076be00000| PB 0x000000076be00000| Untracked |  0
| 831|0x000000076be00000, 0x000000076c000000, 0x000000076c000000|100%| O|  |TAMS 0x000000076c000000| PB 0x000000076c000000| Untracked |  0
| 832|0x000000076c000000, 0x000000076c200000, 0x000000076c200000|100%| O|  |TAMS 0x000000076c200000| PB 0x000000076c200000| Untracked |  0
| 833|0x000000076c200000, 0x000000076c400000, 0x000000076c400000|100%| O|  |TAMS 0x000000076c400000| PB 0x000000076c400000| Untracked |  0
| 834|0x000000076c400000, 0x000000076c600000, 0x000000076c600000|100%| O|  |TAMS 0x000000076c600000| PB 0x000000076c600000| Untracked |  0
| 835|0x000000076c600000, 0x000000076c800000, 0x000000076c800000|100%| O|  |TAMS 0x000000076c800000| PB 0x000000076c800000| Untracked |  0
| 836|0x000000076c800000, 0x000000076ca00000, 0x000000076ca00000|100%| O|  |TAMS 0x000000076ca00000| PB 0x000000076ca00000| Untracked |  0
| 837|0x000000076ca00000, 0x000000076cc00000, 0x000000076cc00000|100%| O|  |TAMS 0x000000076cc00000| PB 0x000000076cc00000| Untracked |  0
| 838|0x000000076cc00000, 0x000000076ce00000, 0x000000076ce00000|100%| O|  |TAMS 0x000000076ce00000| PB 0x000000076ce00000| Untracked |  0
| 839|0x000000076ce00000, 0x000000076d000000, 0x000000076d000000|100%| O|  |TAMS 0x000000076d000000| PB 0x000000076d000000| Untracked |  0
| 840|0x000000076d000000, 0x000000076d200000, 0x000000076d200000|100%| O|  |TAMS 0x000000076d200000| PB 0x000000076d200000| Untracked |  0
| 841|0x000000076d200000, 0x000000076d400000, 0x000000076d400000|100%| O|  |TAMS 0x000000076d400000| PB 0x000000076d400000| Untracked |  0
| 842|0x000000076d400000, 0x000000076d600000, 0x000000076d600000|100%| O|  |TAMS 0x000000076d600000| PB 0x000000076d600000| Untracked |  0
| 843|0x000000076d600000, 0x000000076d800000, 0x000000076d800000|100%| O|  |TAMS 0x000000076d800000| PB 0x000000076d800000| Untracked |  0
| 844|0x000000076d800000, 0x000000076da00000, 0x000000076da00000|100%| O|  |TAMS 0x000000076da00000| PB 0x000000076da00000| Untracked |  0
| 845|0x000000076da00000, 0x000000076dc00000, 0x000000076dc00000|100%| O|  |TAMS 0x000000076dc00000| PB 0x000000076dc00000| Untracked |  0
| 846|0x000000076dc00000, 0x000000076de00000, 0x000000076de00000|100%| O|  |TAMS 0x000000076de00000| PB 0x000000076de00000| Untracked |  0
| 847|0x000000076de00000, 0x000000076e000000, 0x000000076e000000|100%| O|  |TAMS 0x000000076e000000| PB 0x000000076e000000| Untracked |  0
| 848|0x000000076e000000, 0x000000076e200000, 0x000000076e200000|100%| O|  |TAMS 0x000000076e200000| PB 0x000000076e200000| Untracked |  0
| 849|0x000000076e200000, 0x000000076e400000, 0x000000076e400000|100%| O|  |TAMS 0x000000076e400000| PB 0x000000076e400000| Untracked |  0
| 850|0x000000076e400000, 0x000000076e600000, 0x000000076e600000|100%| O|  |TAMS 0x000000076e600000| PB 0x000000076e600000| Untracked |  0
| 851|0x000000076e600000, 0x000000076e800000, 0x000000076e800000|100%| O|  |TAMS 0x000000076e800000| PB 0x000000076e800000| Untracked |  0
| 852|0x000000076e800000, 0x000000076ea00000, 0x000000076ea00000|100%| O|  |TAMS 0x000000076ea00000| PB 0x000000076ea00000| Untracked |  0
| 853|0x000000076ea00000, 0x000000076ec00000, 0x000000076ec00000|100%| O|  |TAMS 0x000000076ec00000| PB 0x000000076ec00000| Untracked |  0
| 854|0x000000076ec00000, 0x000000076ee00000, 0x000000076ee00000|100%| O|  |TAMS 0x000000076ee00000| PB 0x000000076ee00000| Untracked |  0
| 855|0x000000076ee00000, 0x000000076f000000, 0x000000076f000000|100%| O|  |TAMS 0x000000076f000000| PB 0x000000076f000000| Untracked |  0
| 856|0x000000076f000000, 0x000000076f200000, 0x000000076f200000|100%| O|  |TAMS 0x000000076f200000| PB 0x000000076f200000| Untracked |  0
| 857|0x000000076f200000, 0x000000076f400000, 0x000000076f400000|100%| O|  |TAMS 0x000000076f400000| PB 0x000000076f400000| Untracked |  0
| 858|0x000000076f400000, 0x000000076f600000, 0x000000076f600000|100%| O|  |TAMS 0x000000076f600000| PB 0x000000076f600000| Untracked |  0
| 859|0x000000076f600000, 0x000000076f800000, 0x000000076f800000|100%| O|  |TAMS 0x000000076f800000| PB 0x000000076f800000| Untracked |  0
| 860|0x000000076f800000, 0x000000076fa00000, 0x000000076fa00000|100%| O|  |TAMS 0x000000076fa00000| PB 0x000000076fa00000| Untracked |  0
| 861|0x000000076fa00000, 0x000000076fc00000, 0x000000076fc00000|100%| O|  |TAMS 0x000000076fc00000| PB 0x000000076fc00000| Untracked |  0
| 862|0x000000076fc00000, 0x000000076fe00000, 0x000000076fe00000|100%| O|  |TAMS 0x000000076fe00000| PB 0x000000076fe00000| Untracked |  0
| 863|0x000000076fe00000, 0x0000000770000000, 0x0000000770000000|100%| O|  |TAMS 0x0000000770000000| PB 0x0000000770000000| Untracked |  0
| 864|0x0000000770000000, 0x0000000770200000, 0x0000000770200000|100%| O|  |TAMS 0x0000000770200000| PB 0x0000000770200000| Untracked |  0
| 865|0x0000000770200000, 0x0000000770400000, 0x0000000770400000|100%| O|  |TAMS 0x0000000770400000| PB 0x0000000770400000| Untracked |  0
| 866|0x0000000770400000, 0x0000000770600000, 0x0000000770600000|100%| O|  |TAMS 0x0000000770600000| PB 0x0000000770600000| Untracked |  0
| 867|0x0000000770600000, 0x0000000770800000, 0x0000000770800000|100%| O|  |TAMS 0x0000000770800000| PB 0x0000000770800000| Untracked |  0
| 868|0x0000000770800000, 0x0000000770a00000, 0x0000000770a00000|100%| O|  |TAMS 0x0000000770a00000| PB 0x0000000770a00000| Untracked |  0
| 869|0x0000000770a00000, 0x0000000770c00000, 0x0000000770c00000|100%| O|  |TAMS 0x0000000770c00000| PB 0x0000000770c00000| Untracked |  0
| 870|0x0000000770c00000, 0x0000000770e00000, 0x0000000770e00000|100%| O|  |TAMS 0x0000000770e00000| PB 0x0000000770e00000| Untracked |  0
| 871|0x0000000770e00000, 0x0000000771000000, 0x0000000771000000|100%| O|  |TAMS 0x0000000771000000| PB 0x0000000771000000| Untracked |  0
| 872|0x0000000771000000, 0x0000000771200000, 0x0000000771200000|100%| O|  |TAMS 0x0000000771200000| PB 0x0000000771200000| Untracked |  0
| 873|0x0000000771200000, 0x0000000771400000, 0x0000000771400000|100%| O|  |TAMS 0x0000000771400000| PB 0x0000000771400000| Untracked |  0
| 874|0x0000000771400000, 0x0000000771600000, 0x0000000771600000|100%| O|  |TAMS 0x0000000771600000| PB 0x0000000771600000| Untracked |  0
| 875|0x0000000771600000, 0x0000000771800000, 0x0000000771800000|100%| O|  |TAMS 0x0000000771800000| PB 0x0000000771800000| Untracked |  0
| 876|0x0000000771800000, 0x0000000771a00000, 0x0000000771a00000|100%| O|  |TAMS 0x0000000771a00000| PB 0x0000000771a00000| Untracked |  0
| 877|0x0000000771a00000, 0x0000000771c00000, 0x0000000771c00000|100%| O|  |TAMS 0x0000000771c00000| PB 0x0000000771c00000| Untracked |  0
| 878|0x0000000771c00000, 0x0000000771e00000, 0x0000000771e00000|100%| O|  |TAMS 0x0000000771e00000| PB 0x0000000771e00000| Untracked |  0
| 879|0x0000000771e00000, 0x0000000772000000, 0x0000000772000000|100%| O|  |TAMS 0x0000000772000000| PB 0x0000000772000000| Untracked |  0
| 880|0x0000000772000000, 0x0000000772200000, 0x0000000772200000|100%| O|  |TAMS 0x0000000772200000| PB 0x0000000772200000| Untracked |  0
| 881|0x0000000772200000, 0x0000000772400000, 0x0000000772400000|100%| O|  |TAMS 0x0000000772400000| PB 0x0000000772400000| Untracked |  0
| 882|0x0000000772400000, 0x0000000772600000, 0x0000000772600000|100%| O|  |TAMS 0x0000000772600000| PB 0x0000000772600000| Untracked |  0
| 883|0x0000000772600000, 0x0000000772800000, 0x0000000772800000|100%| O|  |TAMS 0x0000000772800000| PB 0x0000000772800000| Untracked |  0
| 884|0x0000000772800000, 0x0000000772a00000, 0x0000000772a00000|100%| O|  |TAMS 0x0000000772a00000| PB 0x0000000772a00000| Untracked |  0
| 885|0x0000000772a00000, 0x0000000772c00000, 0x0000000772c00000|100%| O|  |TAMS 0x0000000772c00000| PB 0x0000000772c00000| Untracked |  0
| 886|0x0000000772c00000, 0x0000000772e00000, 0x0000000772e00000|100%| O|  |TAMS 0x0000000772e00000| PB 0x0000000772e00000| Untracked |  0
| 887|0x0000000772e00000, 0x0000000773000000, 0x0000000773000000|100%| O|  |TAMS 0x0000000773000000| PB 0x0000000773000000| Untracked |  0
| 888|0x0000000773000000, 0x0000000773200000, 0x0000000773200000|100%| O|Cm|TAMS 0x0000000773200000| PB 0x0000000773200000| Updating |  0
| 889|0x0000000773200000, 0x0000000773400000, 0x0000000773400000|100%| O|Cm|TAMS 0x0000000773400000| PB 0x0000000773400000| Updating |  0
| 890|0x0000000773400000, 0x0000000773600000, 0x0000000773600000|100%| O|Cm|TAMS 0x0000000773600000| PB 0x0000000773600000| Updating |  0
| 891|0x0000000773600000, 0x0000000773800000, 0x0000000773800000|100%| O|  |TAMS 0x0000000773800000| PB 0x0000000773800000| Untracked |  0
| 892|0x0000000773800000, 0x0000000773a00000, 0x0000000773a00000|100%|HS|  |TAMS 0x0000000773a00000| PB 0x0000000773800000| Complete |  0
| 893|0x0000000773a00000, 0x0000000773c00000, 0x0000000773c00000|100%|HC|  |TAMS 0x0000000773c00000| PB 0x0000000773a00000| Complete |  0
| 894|0x0000000773c00000, 0x0000000773e00000, 0x0000000773e00000|100%|HC|  |TAMS 0x0000000773e00000| PB 0x0000000773c00000| Complete |  0
| 895|0x0000000773e00000, 0x0000000774000000, 0x0000000774000000|100%|HC|  |TAMS 0x0000000774000000| PB 0x0000000773e00000| Complete |  0
| 896|0x0000000774000000, 0x0000000774200000, 0x0000000774200000|100%|HC|  |TAMS 0x0000000774200000| PB 0x0000000774000000| Complete |  0
| 897|0x0000000774200000, 0x0000000774400000, 0x0000000774400000|100%|HS|  |TAMS 0x0000000774400000| PB 0x0000000774200000| Complete |  0
| 898|0x0000000774400000, 0x0000000774600000, 0x0000000774600000|100%|HC|  |TAMS 0x0000000774600000| PB 0x0000000774400000| Complete |  0
| 899|0x0000000774600000, 0x0000000774800000, 0x0000000774800000|100%|HC|  |TAMS 0x0000000774800000| PB 0x0000000774600000| Complete |  0
| 900|0x0000000774800000, 0x0000000774a00000, 0x0000000774a00000|100%|HC|  |TAMS 0x0000000774a00000| PB 0x0000000774800000| Complete |  0
| 901|0x0000000774a00000, 0x0000000774c00000, 0x0000000774c00000|100%|HC|  |TAMS 0x0000000774c00000| PB 0x0000000774a00000| Complete |  0
| 902|0x0000000774c00000, 0x0000000774e00000, 0x0000000774e00000|100%|HC|  |TAMS 0x0000000774e00000| PB 0x0000000774c00000| Complete |  0
| 903|0x0000000774e00000, 0x0000000775000000, 0x0000000775000000|100%|HC|  |TAMS 0x0000000775000000| PB 0x0000000774e00000| Complete |  0
| 904|0x0000000775000000, 0x0000000775200000, 0x0000000775200000|100%|HC|  |TAMS 0x0000000775200000| PB 0x0000000775000000| Complete |  0
| 905|0x0000000775200000, 0x0000000775400000, 0x0000000775400000|100%|HC|  |TAMS 0x0000000775400000| PB 0x0000000775200000| Complete |  0
| 906|0x0000000775400000, 0x0000000775600000, 0x0000000775600000|100%|HC|  |TAMS 0x0000000775600000| PB 0x0000000775400000| Complete |  0
| 907|0x0000000775600000, 0x0000000775800000, 0x0000000775800000|100%|HC|  |TAMS 0x0000000775800000| PB 0x0000000775600000| Complete |  0
| 908|0x0000000775800000, 0x0000000775a00000, 0x0000000775a00000|100%|HC|  |TAMS 0x0000000775a00000| PB 0x0000000775800000| Complete |  0
| 909|0x0000000775a00000, 0x0000000775c00000, 0x0000000775c00000|100%|HC|  |TAMS 0x0000000775c00000| PB 0x0000000775a00000| Complete |  0
| 910|0x0000000775c00000, 0x0000000775e00000, 0x0000000775e00000|100%|HC|  |TAMS 0x0000000775e00000| PB 0x0000000775c00000| Complete |  0
| 911|0x0000000775e00000, 0x0000000776000000, 0x0000000776000000|100%|HC|  |TAMS 0x0000000776000000| PB 0x0000000775e00000| Complete |  0
| 912|0x0000000776000000, 0x0000000776200000, 0x0000000776200000|100%|HC|  |TAMS 0x0000000776200000| PB 0x0000000776000000| Complete |  0
| 913|0x0000000776200000, 0x0000000776400000, 0x0000000776400000|100%|HC|  |TAMS 0x0000000776400000| PB 0x0000000776200000| Complete |  0
| 914|0x0000000776400000, 0x0000000776600000, 0x0000000776600000|100%|HS|  |TAMS 0x0000000776600000| PB 0x0000000776400000| Complete |  0
| 915|0x0000000776600000, 0x0000000776800000, 0x0000000776800000|100%|HC|  |TAMS 0x0000000776800000| PB 0x0000000776600000| Complete |  0
| 916|0x0000000776800000, 0x0000000776a00000, 0x0000000776a00000|100%|HC|  |TAMS 0x0000000776a00000| PB 0x0000000776800000| Complete |  0
| 917|0x0000000776a00000, 0x0000000776c00000, 0x0000000776c00000|100%|HS|  |TAMS 0x0000000776c00000| PB 0x0000000776a00000| Complete |  0
| 918|0x0000000776c00000, 0x0000000776e00000, 0x0000000776e00000|100%|HC|  |TAMS 0x0000000776e00000| PB 0x0000000776c00000| Complete |  0
| 919|0x0000000776e00000, 0x0000000777000000, 0x0000000777000000|100%|HC|  |TAMS 0x0000000777000000| PB 0x0000000776e00000| Complete |  0
| 920|0x0000000777000000, 0x0000000777200000, 0x0000000777200000|100%| O|  |TAMS 0x0000000777200000| PB 0x0000000777200000| Untracked |  0
| 921|0x0000000777200000, 0x0000000777400000, 0x0000000777400000|100%| O|  |TAMS 0x0000000777400000| PB 0x0000000777400000| Untracked |  0
| 922|0x0000000777400000, 0x0000000777600000, 0x0000000777600000|100%| O|  |TAMS 0x0000000777600000| PB 0x0000000777600000| Untracked |  0
| 923|0x0000000777600000, 0x0000000777800000, 0x0000000777800000|100%| O|  |TAMS 0x0000000777800000| PB 0x0000000777800000| Untracked |  0
| 924|0x0000000777800000, 0x0000000777a00000, 0x0000000777a00000|100%| O|  |TAMS 0x0000000777a00000| PB 0x0000000777a00000| Untracked |  0
| 925|0x0000000777a00000, 0x0000000777c00000, 0x0000000777c00000|100%| O|  |TAMS 0x0000000777c00000| PB 0x0000000777c00000| Untracked |  0
| 926|0x0000000777c00000, 0x0000000777e00000, 0x0000000777e00000|100%| O|  |TAMS 0x0000000777e00000| PB 0x0000000777e00000| Untracked |  0
| 927|0x0000000777e00000, 0x0000000778000000, 0x0000000778000000|100%| O|  |TAMS 0x0000000778000000| PB 0x0000000778000000| Untracked |  0
| 928|0x0000000778000000, 0x0000000778200000, 0x0000000778200000|100%| O|  |TAMS 0x0000000778200000| PB 0x0000000778200000| Untracked |  0
| 929|0x0000000778200000, 0x0000000778400000, 0x0000000778400000|100%| O|  |TAMS 0x0000000778400000| PB 0x0000000778400000| Untracked |  0
| 930|0x0000000778400000, 0x0000000778600000, 0x0000000778600000|100%| O|  |TAMS 0x0000000778600000| PB 0x0000000778600000| Untracked |  0
| 931|0x0000000778600000, 0x0000000778800000, 0x0000000778800000|100%| O|  |TAMS 0x0000000778800000| PB 0x0000000778800000| Untracked |  0
| 932|0x0000000778800000, 0x0000000778a00000, 0x0000000778a00000|100%| O|  |TAMS 0x0000000778a00000| PB 0x0000000778a00000| Untracked |  0
| 933|0x0000000778a00000, 0x0000000778c00000, 0x0000000778c00000|100%| O|  |TAMS 0x0000000778c00000| PB 0x0000000778c00000| Untracked |  0
| 934|0x0000000778c00000, 0x0000000778e00000, 0x0000000778e00000|100%| O|  |TAMS 0x0000000778e00000| PB 0x0000000778e00000| Untracked |  0
| 935|0x0000000778e00000, 0x0000000779000000, 0x0000000779000000|100%| O|  |TAMS 0x0000000779000000| PB 0x0000000779000000| Untracked |  0
| 936|0x0000000779000000, 0x0000000779200000, 0x0000000779200000|100%| O|  |TAMS 0x0000000779200000| PB 0x0000000779200000| Untracked |  0
| 937|0x0000000779200000, 0x0000000779400000, 0x0000000779400000|100%| O|  |TAMS 0x0000000779400000| PB 0x0000000779400000| Untracked |  0
| 938|0x0000000779400000, 0x0000000779600000, 0x0000000779600000|100%| O|  |TAMS 0x0000000779600000| PB 0x0000000779600000| Untracked |  0
| 939|0x0000000779600000, 0x0000000779800000, 0x0000000779800000|100%| O|  |TAMS 0x0000000779800000| PB 0x0000000779800000| Untracked |  0
| 940|0x0000000779800000, 0x0000000779a00000, 0x0000000779a00000|100%| O|  |TAMS 0x0000000779a00000| PB 0x0000000779a00000| Untracked |  0
| 941|0x0000000779a00000, 0x0000000779c00000, 0x0000000779c00000|100%| O|  |TAMS 0x0000000779c00000| PB 0x0000000779c00000| Untracked |  0
| 942|0x0000000779c00000, 0x0000000779e00000, 0x0000000779e00000|100%| O|  |TAMS 0x0000000779e00000| PB 0x0000000779e00000| Untracked |  0
| 943|0x0000000779e00000, 0x000000077a000000, 0x000000077a000000|100%| O|  |TAMS 0x000000077a000000| PB 0x000000077a000000| Untracked |  0
| 944|0x000000077a000000, 0x000000077a200000, 0x000000077a200000|100%| O|  |TAMS 0x000000077a200000| PB 0x000000077a200000| Untracked |  0
| 945|0x000000077a200000, 0x000000077a400000, 0x000000077a400000|100%| O|  |TAMS 0x000000077a400000| PB 0x000000077a400000| Untracked |  0
| 946|0x000000077a400000, 0x000000077a600000, 0x000000077a600000|100%| O|  |TAMS 0x000000077a600000| PB 0x000000077a600000| Untracked |  0
| 947|0x000000077a600000, 0x000000077a800000, 0x000000077a800000|100%| O|  |TAMS 0x000000077a800000| PB 0x000000077a800000| Untracked |  0
| 948|0x000000077a800000, 0x000000077aa00000, 0x000000077aa00000|100%| O|  |TAMS 0x000000077aa00000| PB 0x000000077aa00000| Untracked |  0
| 949|0x000000077aa00000, 0x000000077ac00000, 0x000000077ac00000|100%| O|  |TAMS 0x000000077ac00000| PB 0x000000077ac00000| Untracked |  0
| 950|0x000000077ac00000, 0x000000077ae00000, 0x000000077ae00000|100%| O|  |TAMS 0x000000077ae00000| PB 0x000000077ae00000| Untracked |  0
| 951|0x000000077ae00000, 0x000000077b000000, 0x000000077b000000|100%| O|  |TAMS 0x000000077b000000| PB 0x000000077b000000| Untracked |  0
| 952|0x000000077b000000, 0x000000077b200000, 0x000000077b200000|100%| O|  |TAMS 0x000000077b200000| PB 0x000000077b200000| Untracked |  0
| 953|0x000000077b200000, 0x000000077b400000, 0x000000077b400000|100%| O|  |TAMS 0x000000077b400000| PB 0x000000077b400000| Untracked |  0
| 954|0x000000077b400000, 0x000000077b600000, 0x000000077b600000|100%| O|  |TAMS 0x000000077b600000| PB 0x000000077b600000| Untracked |  0
| 955|0x000000077b600000, 0x000000077b800000, 0x000000077b800000|100%| O|  |TAMS 0x000000077b800000| PB 0x000000077b800000| Untracked |  0
| 956|0x000000077b800000, 0x000000077ba00000, 0x000000077ba00000|100%| O|  |TAMS 0x000000077ba00000| PB 0x000000077ba00000| Untracked |  0
| 957|0x000000077ba00000, 0x000000077bc00000, 0x000000077bc00000|100%| O|  |TAMS 0x000000077bc00000| PB 0x000000077bc00000| Untracked |  0
| 958|0x000000077bc00000, 0x000000077be00000, 0x000000077be00000|100%| O|  |TAMS 0x000000077be00000| PB 0x000000077be00000| Untracked |  0
| 959|0x000000077be00000, 0x000000077c000000, 0x000000077c000000|100%| O|  |TAMS 0x000000077c000000| PB 0x000000077c000000| Untracked |  0
| 960|0x000000077c000000, 0x000000077c200000, 0x000000077c200000|100%| O|  |TAMS 0x000000077c200000| PB 0x000000077c200000| Untracked |  0
| 961|0x000000077c200000, 0x000000077c400000, 0x000000077c400000|100%| O|  |TAMS 0x000000077c400000| PB 0x000000077c400000| Untracked |  0
| 962|0x000000077c400000, 0x000000077c600000, 0x000000077c600000|100%| O|  |TAMS 0x000000077c600000| PB 0x000000077c600000| Untracked |  0
| 963|0x000000077c600000, 0x000000077c800000, 0x000000077c800000|100%| O|  |TAMS 0x000000077c800000| PB 0x000000077c800000| Untracked |  0
| 964|0x000000077c800000, 0x000000077ca00000, 0x000000077ca00000|100%| O|  |TAMS 0x000000077ca00000| PB 0x000000077ca00000| Untracked |  0
| 965|0x000000077ca00000, 0x000000077cc00000, 0x000000077cc00000|100%| O|  |TAMS 0x000000077cc00000| PB 0x000000077cc00000| Untracked |  0
| 966|0x000000077cc00000, 0x000000077ce00000, 0x000000077ce00000|100%| O|  |TAMS 0x000000077ce00000| PB 0x000000077ce00000| Untracked |  0
| 967|0x000000077ce00000, 0x000000077d000000, 0x000000077d000000|100%| O|  |TAMS 0x000000077d000000| PB 0x000000077d000000| Untracked |  0
| 968|0x000000077d000000, 0x000000077d200000, 0x000000077d200000|100%| O|  |TAMS 0x000000077d200000| PB 0x000000077d200000| Untracked |  0
| 969|0x000000077d200000, 0x000000077d400000, 0x000000077d400000|100%| O|  |TAMS 0x000000077d400000| PB 0x000000077d400000| Untracked |  0
| 970|0x000000077d400000, 0x000000077d600000, 0x000000077d600000|100%| O|  |TAMS 0x000000077d600000| PB 0x000000077d600000| Untracked |  0
| 971|0x000000077d600000, 0x000000077d800000, 0x000000077d800000|100%| O|  |TAMS 0x000000077d800000| PB 0x000000077d800000| Untracked |  0
| 972|0x000000077d800000, 0x000000077da00000, 0x000000077da00000|100%| O|  |TAMS 0x000000077da00000| PB 0x000000077da00000| Untracked |  0
| 973|0x000000077da00000, 0x000000077dc00000, 0x000000077dc00000|100%| O|  |TAMS 0x000000077dc00000| PB 0x000000077dc00000| Untracked |  0
| 974|0x000000077dc00000, 0x000000077de00000, 0x000000077de00000|100%| O|  |TAMS 0x000000077de00000| PB 0x000000077de00000| Untracked |  0
| 975|0x000000077de00000, 0x000000077e000000, 0x000000077e000000|100%| O|  |TAMS 0x000000077e000000| PB 0x000000077e000000| Untracked |  0
| 976|0x000000077e000000, 0x000000077e200000, 0x000000077e200000|100%| O|  |TAMS 0x000000077e200000| PB 0x000000077e200000| Untracked |  0
| 977|0x000000077e200000, 0x000000077e400000, 0x000000077e400000|100%| O|  |TAMS 0x000000077e400000| PB 0x000000077e400000| Untracked |  0
| 978|0x000000077e400000, 0x000000077e600000, 0x000000077e600000|100%| O|  |TAMS 0x000000077e600000| PB 0x000000077e600000| Untracked |  0
| 979|0x000000077e600000, 0x000000077e800000, 0x000000077e800000|100%| O|  |TAMS 0x000000077e800000| PB 0x000000077e800000| Untracked |  0
| 980|0x000000077e800000, 0x000000077ea00000, 0x000000077ea00000|100%| O|  |TAMS 0x000000077ea00000| PB 0x000000077ea00000| Untracked |  0
| 981|0x000000077ea00000, 0x000000077ec00000, 0x000000077ec00000|100%| O|  |TAMS 0x000000077ec00000| PB 0x000000077ec00000| Untracked |  0
| 982|0x000000077ec00000, 0x000000077ee00000, 0x000000077ee00000|100%| O|  |TAMS 0x000000077ee00000| PB 0x000000077ee00000| Untracked |  0
| 983|0x000000077ee00000, 0x000000077f000000, 0x000000077f000000|100%| O|  |TAMS 0x000000077f000000| PB 0x000000077f000000| Untracked |  0
| 984|0x000000077f000000, 0x000000077f200000, 0x000000077f200000|100%| O|  |TAMS 0x000000077f200000| PB 0x000000077f200000| Untracked |  0
| 985|0x000000077f200000, 0x000000077f400000, 0x000000077f400000|100%| O|  |TAMS 0x000000077f400000| PB 0x000000077f400000| Untracked |  0
| 986|0x000000077f400000, 0x000000077f600000, 0x000000077f600000|100%| O|  |TAMS 0x000000077f600000| PB 0x000000077f600000| Untracked |  0
| 987|0x000000077f600000, 0x000000077f800000, 0x000000077f800000|100%| O|  |TAMS 0x000000077f800000| PB 0x000000077f800000| Untracked |  0
| 988|0x000000077f800000, 0x000000077fa00000, 0x000000077fa00000|100%| O|Cm|TAMS 0x000000077fa00000| PB 0x000000077fa00000| Updating |  0
| 989|0x000000077fa00000, 0x000000077fc00000, 0x000000077fc00000|100%| O|Cm|TAMS 0x000000077fc00000| PB 0x000000077fc00000| Updating |  0
| 990|0x000000077fc00000, 0x000000077fe00000, 0x000000077fe00000|100%| O|Cm|TAMS 0x000000077fe00000| PB 0x000000077fe00000| Updating |  0
| 991|0x000000077fe00000, 0x0000000780000000, 0x0000000780000000|100%| O|  |TAMS 0x000000077fe00000| PB 0x000000077fe00000| Untracked |  0
| 992|0x0000000780000000, 0x0000000780200000, 0x0000000780200000|100%| O|  |TAMS 0x0000000780000000| PB 0x0000000780000000| Untracked |  0
| 993|0x0000000780200000, 0x0000000780400000, 0x0000000780400000|100%| O|  |TAMS 0x0000000780200000| PB 0x0000000780200000| Untracked |  0
| 994|0x0000000780400000, 0x0000000780600000, 0x0000000780600000|100%| O|  |TAMS 0x0000000780400000| PB 0x0000000780400000| Untracked |  0
| 995|0x0000000780600000, 0x0000000780800000, 0x0000000780800000|100%| O|  |TAMS 0x0000000780600000| PB 0x0000000780600000| Untracked |  0
| 996|0x0000000780800000, 0x0000000780a00000, 0x0000000780a00000|100%| O|  |TAMS 0x0000000780800000| PB 0x0000000780800000| Untracked |  0
| 997|0x0000000780a00000, 0x0000000780c00000, 0x0000000780c00000|100%| O|  |TAMS 0x0000000780a00000| PB 0x0000000780a00000| Untracked |  0
| 998|0x0000000780c00000, 0x0000000780e00000, 0x0000000780e00000|100%| O|  |TAMS 0x0000000780c00000| PB 0x0000000780c00000| Untracked |  0
| 999|0x0000000780e00000, 0x0000000781000000, 0x0000000781000000|100%| O|  |TAMS 0x0000000780e00000| PB 0x0000000780e00000| Untracked |  0
|1000|0x0000000781000000, 0x0000000781200000, 0x0000000781200000|100%| O|  |TAMS 0x0000000781000000| PB 0x0000000781000000| Untracked |  0
|1001|0x0000000781200000, 0x0000000781400000, 0x0000000781400000|100%| O|  |TAMS 0x0000000781200000| PB 0x0000000781200000| Untracked |  0
|1002|0x0000000781400000, 0x0000000781600000, 0x0000000781600000|100%| O|  |TAMS 0x0000000781400000| PB 0x0000000781400000| Untracked |  0
|1003|0x0000000781600000, 0x0000000781800000, 0x0000000781800000|100%| O|  |TAMS 0x0000000781600000| PB 0x0000000781600000| Untracked |  0
|1004|0x0000000781800000, 0x0000000781a00000, 0x0000000781a00000|100%| O|  |TAMS 0x0000000781800000| PB 0x0000000781800000| Untracked |  0
|1005|0x0000000781a00000, 0x0000000781c00000, 0x0000000781c00000|100%| O|  |TAMS 0x0000000781a00000| PB 0x0000000781a00000| Untracked |  0
|1006|0x0000000781c00000, 0x0000000781e00000, 0x0000000781e00000|100%| O|  |TAMS 0x0000000781c00000| PB 0x0000000781c00000| Untracked |  0
|1007|0x0000000781e00000, 0x0000000782000000, 0x0000000782000000|100%| O|  |TAMS 0x0000000781e00000| PB 0x0000000781e00000| Untracked |  0
|1008|0x0000000782000000, 0x0000000782200000, 0x0000000782200000|100%| O|  |TAMS 0x0000000782000000| PB 0x0000000782000000| Untracked |  0
|1009|0x0000000782200000, 0x0000000782400000, 0x0000000782400000|100%| O|  |TAMS 0x0000000782200000| PB 0x0000000782200000| Untracked |  0
|1010|0x0000000782400000, 0x0000000782600000, 0x0000000782600000|100%| O|  |TAMS 0x0000000782400000| PB 0x0000000782400000| Untracked |  0
|1011|0x0000000782600000, 0x0000000782800000, 0x0000000782800000|100%| O|  |TAMS 0x0000000782600000| PB 0x0000000782600000| Untracked |  0
|1012|0x0000000782800000, 0x0000000782a00000, 0x0000000782a00000|100%| O|  |TAMS 0x0000000782800000| PB 0x0000000782800000| Untracked |  0
|1013|0x0000000782a00000, 0x0000000782c00000, 0x0000000782c00000|100%| O|  |TAMS 0x0000000782a00000| PB 0x0000000782a00000| Untracked |  0
|1014|0x0000000782c00000, 0x0000000782e00000, 0x0000000782e00000|100%| O|  |TAMS 0x0000000782c00000| PB 0x0000000782c00000| Untracked |  0
|1015|0x0000000782e00000, 0x0000000783000000, 0x0000000783000000|100%| O|  |TAMS 0x0000000782e00000| PB 0x0000000782e00000| Untracked |  0
|1016|0x0000000783000000, 0x0000000783200000, 0x0000000783200000|100%| O|  |TAMS 0x0000000783000000| PB 0x0000000783000000| Untracked |  0
|1017|0x0000000783200000, 0x0000000783400000, 0x0000000783400000|100%| O|  |TAMS 0x0000000783200000| PB 0x0000000783200000| Untracked |  0
|1018|0x0000000783400000, 0x0000000783600000, 0x0000000783600000|100%| O|  |TAMS 0x0000000783400000| PB 0x0000000783400000| Untracked |  0
|1019|0x0000000783600000, 0x0000000783800000, 0x0000000783800000|100%| O|  |TAMS 0x0000000783600000| PB 0x0000000783600000| Untracked |  0
|1020|0x0000000783800000, 0x0000000783a00000, 0x0000000783a00000|100%| O|  |TAMS 0x0000000783800000| PB 0x0000000783800000| Untracked |  0
|1021|0x0000000783a00000, 0x0000000783c00000, 0x0000000783c00000|100%| O|  |TAMS 0x0000000783a00000| PB 0x0000000783a00000| Untracked |  0
|1022|0x0000000783c00000, 0x0000000783e00000, 0x0000000783e00000|100%| O|  |TAMS 0x0000000783c00000| PB 0x0000000783c00000| Untracked |  0
|1023|0x0000000783e00000, 0x0000000784000000, 0x0000000784000000|100%| O|  |TAMS 0x0000000783e00000| PB 0x0000000783e00000| Untracked |  0
|1024|0x0000000784000000, 0x0000000784200000, 0x0000000784200000|100%| O|  |TAMS 0x0000000784000000| PB 0x0000000784000000| Untracked |  0
|1025|0x0000000784200000, 0x0000000784400000, 0x0000000784400000|100%| O|  |TAMS 0x0000000784200000| PB 0x0000000784200000| Untracked |  0
|1026|0x0000000784400000, 0x0000000784600000, 0x0000000784600000|100%| O|  |TAMS 0x0000000784400000| PB 0x0000000784400000| Untracked |  0
|1027|0x0000000784600000, 0x0000000784800000, 0x0000000784800000|100%| O|  |TAMS 0x0000000784600000| PB 0x0000000784600000| Untracked |  0
|1028|0x0000000784800000, 0x0000000784a00000, 0x0000000784a00000|100%| O|  |TAMS 0x0000000784800000| PB 0x0000000784800000| Untracked |  0
|1029|0x0000000784a00000, 0x0000000784c00000, 0x0000000784c00000|100%| O|  |TAMS 0x0000000784a00000| PB 0x0000000784a00000| Untracked |  0
|1030|0x0000000784c00000, 0x0000000784e00000, 0x0000000784e00000|100%| O|  |TAMS 0x0000000784c00000| PB 0x0000000784c00000| Untracked |  0
|1031|0x0000000784e00000, 0x0000000785000000, 0x0000000785000000|100%| O|  |TAMS 0x0000000784e00000| PB 0x0000000784e00000| Untracked |  0
|1032|0x0000000785000000, 0x0000000785200000, 0x0000000785200000|100%| O|  |TAMS 0x0000000785000000| PB 0x0000000785000000| Untracked |  0
|1033|0x0000000785200000, 0x0000000785400000, 0x0000000785400000|100%| O|  |TAMS 0x0000000785200000| PB 0x0000000785200000| Untracked |  0
|1034|0x0000000785400000, 0x0000000785600000, 0x0000000785600000|100%| O|  |TAMS 0x0000000785400000| PB 0x0000000785400000| Untracked |  0
|1035|0x0000000785600000, 0x0000000785800000, 0x0000000785800000|100%| O|  |TAMS 0x0000000785600000| PB 0x0000000785600000| Untracked |  0
|1036|0x0000000785800000, 0x0000000785a00000, 0x0000000785a00000|100%| O|  |TAMS 0x0000000785800000| PB 0x0000000785800000| Untracked |  0
|1037|0x0000000785a00000, 0x0000000785c00000, 0x0000000785c00000|100%| O|  |TAMS 0x0000000785a00000| PB 0x0000000785a00000| Untracked |  0
|1038|0x0000000785c00000, 0x0000000785e00000, 0x0000000785e00000|100%| O|  |TAMS 0x0000000785c00000| PB 0x0000000785c00000| Untracked |  0
|1039|0x0000000785e00000, 0x0000000786000000, 0x0000000786000000|100%| O|  |TAMS 0x0000000785e00000| PB 0x0000000785e00000| Untracked |  0
|1040|0x0000000786000000, 0x0000000786200000, 0x0000000786200000|100%| O|  |TAMS 0x0000000786000000| PB 0x0000000786000000| Untracked |  0
|1041|0x0000000786200000, 0x0000000786400000, 0x0000000786400000|100%| O|  |TAMS 0x0000000786200000| PB 0x0000000786200000| Untracked |  0
|1042|0x0000000786400000, 0x0000000786600000, 0x0000000786600000|100%| O|  |TAMS 0x0000000786400000| PB 0x0000000786400000| Untracked |  0
|1043|0x0000000786600000, 0x0000000786800000, 0x0000000786800000|100%| O|  |TAMS 0x0000000786600000| PB 0x0000000786600000| Untracked |  0
|1044|0x0000000786800000, 0x0000000786a00000, 0x0000000786a00000|100%| O|  |TAMS 0x0000000786800000| PB 0x0000000786800000| Untracked |  0
|1045|0x0000000786a00000, 0x0000000786c00000, 0x0000000786c00000|100%| O|  |TAMS 0x0000000786a00000| PB 0x0000000786a00000| Untracked |  0
|1046|0x0000000786c00000, 0x0000000786e00000, 0x0000000786e00000|100%| O|  |TAMS 0x0000000786c00000| PB 0x0000000786c00000| Untracked |  0
|1047|0x0000000786e00000, 0x0000000787000000, 0x0000000787000000|100%| O|  |TAMS 0x0000000786e00000| PB 0x0000000786e00000| Untracked |  0
|1048|0x0000000787000000, 0x0000000787200000, 0x0000000787200000|100%| O|  |TAMS 0x0000000787000000| PB 0x0000000787000000| Untracked |  0
|1049|0x0000000787200000, 0x0000000787400000, 0x0000000787400000|100%| O|  |TAMS 0x0000000787200000| PB 0x0000000787200000| Untracked |  0
|1050|0x0000000787400000, 0x0000000787600000, 0x0000000787600000|100%| O|  |TAMS 0x0000000787400000| PB 0x0000000787400000| Untracked |  0
|1051|0x0000000787600000, 0x0000000787800000, 0x0000000787800000|100%| O|  |TAMS 0x0000000787600000| PB 0x0000000787600000| Untracked |  0
|1052|0x0000000787800000, 0x0000000787900000, 0x0000000787a00000| 50%| O|  |TAMS 0x0000000787800000| PB 0x0000000787800000| Untracked |  0
|1053|0x0000000787a00000, 0x0000000787a00000, 0x0000000787c00000|  0%| F|  |TAMS 0x0000000787a00000| PB 0x0000000787a00000| Untracked |  0
|1054|0x0000000787c00000, 0x0000000787c00000, 0x0000000787e00000|  0%| F|  |TAMS 0x0000000787c00000| PB 0x0000000787c00000| Untracked |  0
|1055|0x0000000787e00000, 0x0000000787e00000, 0x0000000788000000|  0%| F|  |TAMS 0x0000000787e00000| PB 0x0000000787e00000| Untracked |  0
|1056|0x0000000788000000, 0x0000000788000000, 0x0000000788200000|  0%| F|  |TAMS 0x0000000788000000| PB 0x0000000788000000| Untracked |  0
|1057|0x0000000788200000, 0x0000000788200000, 0x0000000788400000|  0%| F|  |TAMS 0x0000000788200000| PB 0x0000000788200000| Untracked |  0
|1058|0x0000000788400000, 0x0000000788400000, 0x0000000788600000|  0%| F|  |TAMS 0x0000000788400000| PB 0x0000000788400000| Untracked |  0
|1059|0x0000000788600000, 0x0000000788600000, 0x0000000788800000|  0%| F|  |TAMS 0x0000000788600000| PB 0x0000000788600000| Untracked |  0
|1060|0x0000000788800000, 0x0000000788800000, 0x0000000788a00000|  0%| F|  |TAMS 0x0000000788800000| PB 0x0000000788800000| Untracked |  0
|1061|0x0000000788a00000, 0x0000000788a00000, 0x0000000788c00000|  0%| F|  |TAMS 0x0000000788a00000| PB 0x0000000788a00000| Untracked |  0
|1062|0x0000000788c00000, 0x0000000788c00000, 0x0000000788e00000|  0%| F|  |TAMS 0x0000000788c00000| PB 0x0000000788c00000| Untracked |  0
|1063|0x0000000788e00000, 0x0000000788e00000, 0x0000000789000000|  0%| F|  |TAMS 0x0000000788e00000| PB 0x0000000788e00000| Untracked |  0
|1064|0x0000000789000000, 0x0000000789000000, 0x0000000789200000|  0%| F|  |TAMS 0x0000000789000000| PB 0x0000000789000000| Untracked |  0
|1065|0x0000000789200000, 0x0000000789200000, 0x0000000789400000|  0%| F|  |TAMS 0x0000000789200000| PB 0x0000000789200000| Untracked |  0
|1066|0x0000000789400000, 0x0000000789400000, 0x0000000789600000|  0%| F|  |TAMS 0x0000000789400000| PB 0x0000000789400000| Untracked |  0
|1067|0x0000000789600000, 0x0000000789600000, 0x0000000789800000|  0%| F|  |TAMS 0x0000000789600000| PB 0x0000000789600000| Untracked |  0
|1068|0x0000000789800000, 0x0000000789800000, 0x0000000789a00000|  0%| F|  |TAMS 0x0000000789800000| PB 0x0000000789800000| Untracked |  0
|1069|0x0000000789a00000, 0x0000000789a00000, 0x0000000789c00000|  0%| F|  |TAMS 0x0000000789a00000| PB 0x0000000789a00000| Untracked |  0
|1070|0x0000000789c00000, 0x0000000789c00000, 0x0000000789e00000|  0%| F|  |TAMS 0x0000000789c00000| PB 0x0000000789c00000| Untracked |  0
|1071|0x0000000789e00000, 0x0000000789e00000, 0x000000078a000000|  0%| F|  |TAMS 0x0000000789e00000| PB 0x0000000789e00000| Untracked |  0
|1072|0x000000078a000000, 0x000000078a000000, 0x000000078a200000|  0%| F|  |TAMS 0x000000078a000000| PB 0x000000078a000000| Untracked |  0
|1073|0x000000078a200000, 0x000000078a200000, 0x000000078a400000|  0%| F|  |TAMS 0x000000078a200000| PB 0x000000078a200000| Untracked |  0
|1074|0x000000078a400000, 0x000000078a400000, 0x000000078a600000|  0%| F|  |TAMS 0x000000078a400000| PB 0x000000078a400000| Untracked |  0
|1075|0x000000078a600000, 0x000000078a600000, 0x000000078a800000|  0%| F|  |TAMS 0x000000078a600000| PB 0x000000078a600000| Untracked |  0
|1076|0x000000078a800000, 0x000000078a800000, 0x000000078aa00000|  0%| F|  |TAMS 0x000000078a800000| PB 0x000000078a800000| Untracked |  0
|1077|0x000000078aa00000, 0x000000078aa00000, 0x000000078ac00000|  0%| F|  |TAMS 0x000000078aa00000| PB 0x000000078aa00000| Untracked |  0
|1078|0x000000078ac00000, 0x000000078ac00000, 0x000000078ae00000|  0%| F|  |TAMS 0x000000078ac00000| PB 0x000000078ac00000| Untracked |  0
|1079|0x000000078ae00000, 0x000000078ae00000, 0x000000078b000000|  0%| F|  |TAMS 0x000000078ae00000| PB 0x000000078ae00000| Untracked |  0
|1080|0x000000078b000000, 0x000000078b000000, 0x000000078b200000|  0%| F|  |TAMS 0x000000078b000000| PB 0x000000078b000000| Untracked |  0
|1081|0x000000078b200000, 0x000000078b200000, 0x000000078b400000|  0%| F|  |TAMS 0x000000078b200000| PB 0x000000078b200000| Untracked |  0
|1082|0x000000078b400000, 0x000000078b400000, 0x000000078b600000|  0%| F|  |TAMS 0x000000078b400000| PB 0x000000078b400000| Untracked |  0
|1083|0x000000078b600000, 0x000000078b600000, 0x000000078b800000|  0%| F|  |TAMS 0x000000078b600000| PB 0x000000078b600000| Untracked |  0
|1084|0x000000078b800000, 0x000000078b800000, 0x000000078ba00000|  0%| F|  |TAMS 0x000000078b800000| PB 0x000000078b800000| Untracked |  0
|1085|0x000000078ba00000, 0x000000078ba00000, 0x000000078bc00000|  0%| F|  |TAMS 0x000000078ba00000| PB 0x000000078ba00000| Untracked |  0
|1086|0x000000078bc00000, 0x000000078bc00000, 0x000000078be00000|  0%| F|  |TAMS 0x000000078bc00000| PB 0x000000078bc00000| Untracked |  0
|1087|0x000000078be00000, 0x000000078be00000, 0x000000078c000000|  0%| F|  |TAMS 0x000000078be00000| PB 0x000000078be00000| Untracked |  0
|1088|0x000000078c000000, 0x000000078c000000, 0x000000078c200000|  0%| F|  |TAMS 0x000000078c000000| PB 0x000000078c000000| Untracked |  0
|1089|0x000000078c200000, 0x000000078c200000, 0x000000078c400000|  0%| F|  |TAMS 0x000000078c200000| PB 0x000000078c200000| Untracked |  0
|1090|0x000000078c400000, 0x000000078c400000, 0x000000078c600000|  0%| F|  |TAMS 0x000000078c400000| PB 0x000000078c400000| Untracked |  0
|1091|0x000000078c600000, 0x000000078c600000, 0x000000078c800000|  0%| F|  |TAMS 0x000000078c600000| PB 0x000000078c600000| Untracked |  0
|1092|0x000000078c800000, 0x000000078c800000, 0x000000078ca00000|  0%| F|  |TAMS 0x000000078c800000| PB 0x000000078c800000| Untracked |  0
|1093|0x000000078ca00000, 0x000000078ca00000, 0x000000078cc00000|  0%| F|  |TAMS 0x000000078ca00000| PB 0x000000078ca00000| Untracked |  0
|1094|0x000000078cc00000, 0x000000078cc00000, 0x000000078ce00000|  0%| F|  |TAMS 0x000000078cc00000| PB 0x000000078cc00000| Untracked |  0
|1095|0x000000078ce00000, 0x000000078ce00000, 0x000000078d000000|  0%| F|  |TAMS 0x000000078ce00000| PB 0x000000078ce00000| Untracked |  0
|1096|0x000000078d000000, 0x000000078d000000, 0x000000078d200000|  0%| F|  |TAMS 0x000000078d000000| PB 0x000000078d000000| Untracked |  0
|1097|0x000000078d200000, 0x000000078d200000, 0x000000078d400000|  0%| F|  |TAMS 0x000000078d200000| PB 0x000000078d200000| Untracked |  0
|1098|0x000000078d400000, 0x000000078d400000, 0x000000078d600000|  0%| F|  |TAMS 0x000000078d400000| PB 0x000000078d400000| Untracked |  0
|1099|0x000000078d600000, 0x000000078d600000, 0x000000078d800000|  0%| F|  |TAMS 0x000000078d600000| PB 0x000000078d600000| Untracked |  0
|1100|0x000000078d800000, 0x000000078d800000, 0x000000078da00000|  0%| F|  |TAMS 0x000000078d800000| PB 0x000000078d800000| Untracked |  0
|1101|0x000000078da00000, 0x000000078da00000, 0x000000078dc00000|  0%| F|  |TAMS 0x000000078da00000| PB 0x000000078da00000| Untracked |  0
|1102|0x000000078dc00000, 0x000000078dc00000, 0x000000078de00000|  0%| F|  |TAMS 0x000000078dc00000| PB 0x000000078dc00000| Untracked |  0
|1103|0x000000078de00000, 0x000000078de00000, 0x000000078e000000|  0%| F|  |TAMS 0x000000078de00000| PB 0x000000078de00000| Untracked |  0
|1104|0x000000078e000000, 0x000000078e000000, 0x000000078e200000|  0%| F|  |TAMS 0x000000078e000000| PB 0x000000078e000000| Untracked |  0
|1105|0x000000078e200000, 0x000000078e200000, 0x000000078e400000|  0%| F|  |TAMS 0x000000078e200000| PB 0x000000078e200000| Untracked |  0
|1106|0x000000078e400000, 0x000000078e400000, 0x000000078e600000|  0%| F|  |TAMS 0x000000078e400000| PB 0x000000078e400000| Untracked |  0
|1107|0x000000078e600000, 0x000000078e600000, 0x000000078e800000|  0%| F|  |TAMS 0x000000078e600000| PB 0x000000078e600000| Untracked |  0
|1108|0x000000078e800000, 0x000000078e800000, 0x000000078ea00000|  0%| F|  |TAMS 0x000000078e800000| PB 0x000000078e800000| Untracked |  0
|1109|0x000000078ea00000, 0x000000078ea00000, 0x000000078ec00000|  0%| F|  |TAMS 0x000000078ea00000| PB 0x000000078ea00000| Untracked |  0
|1110|0x000000078ec00000, 0x000000078ec00000, 0x000000078ee00000|  0%| F|  |TAMS 0x000000078ec00000| PB 0x000000078ec00000| Untracked |  0
|1111|0x000000078ee00000, 0x000000078ee00000, 0x000000078f000000|  0%| F|  |TAMS 0x000000078ee00000| PB 0x000000078ee00000| Untracked |  0
|1112|0x000000078f000000, 0x000000078f000000, 0x000000078f200000|  0%| F|  |TAMS 0x000000078f000000| PB 0x000000078f000000| Untracked |  0
|1113|0x000000078f200000, 0x000000078f200000, 0x000000078f400000|  0%| F|  |TAMS 0x000000078f200000| PB 0x000000078f200000| Untracked |  0
|1114|0x000000078f400000, 0x000000078f400000, 0x000000078f600000|  0%| F|  |TAMS 0x000000078f400000| PB 0x000000078f400000| Untracked |  0
|1115|0x000000078f600000, 0x000000078f600000, 0x000000078f800000|  0%| F|  |TAMS 0x000000078f600000| PB 0x000000078f600000| Untracked |  0
|1116|0x000000078f800000, 0x000000078f800000, 0x000000078fa00000|  0%| F|  |TAMS 0x000000078f800000| PB 0x000000078f800000| Untracked |  0
|1117|0x000000078fa00000, 0x000000078fa00000, 0x000000078fc00000|  0%| F|  |TAMS 0x000000078fa00000| PB 0x000000078fa00000| Untracked |  0
|1118|0x000000078fc00000, 0x000000078fc00000, 0x000000078fe00000|  0%| F|  |TAMS 0x000000078fc00000| PB 0x000000078fc00000| Untracked |  0
|1119|0x000000078fe00000, 0x000000078fe00000, 0x0000000790000000|  0%| F|  |TAMS 0x000000078fe00000| PB 0x000000078fe00000| Untracked |  0
|1120|0x0000000790000000, 0x0000000790000000, 0x0000000790200000|  0%| F|  |TAMS 0x0000000790000000| PB 0x0000000790000000| Untracked |  0
|1121|0x0000000790200000, 0x0000000790200000, 0x0000000790400000|  0%| F|  |TAMS 0x0000000790200000| PB 0x0000000790200000| Untracked |  0
|1122|0x0000000790400000, 0x0000000790400000, 0x0000000790600000|  0%| F|  |TAMS 0x0000000790400000| PB 0x0000000790400000| Untracked |  0
|1123|0x0000000790600000, 0x0000000790600000, 0x0000000790800000|  0%| F|  |TAMS 0x0000000790600000| PB 0x0000000790600000| Untracked |  0
|1124|0x0000000790800000, 0x0000000790800000, 0x0000000790a00000|  0%| F|  |TAMS 0x0000000790800000| PB 0x0000000790800000| Untracked |  0
|1125|0x0000000790a00000, 0x0000000790a00000, 0x0000000790c00000|  0%| F|  |TAMS 0x0000000790a00000| PB 0x0000000790a00000| Untracked |  0
|1126|0x0000000790c00000, 0x0000000790c00000, 0x0000000790e00000|  0%| F|  |TAMS 0x0000000790c00000| PB 0x0000000790c00000| Untracked |  0
|1127|0x0000000790e00000, 0x0000000790e00000, 0x0000000791000000|  0%| F|  |TAMS 0x0000000790e00000| PB 0x0000000790e00000| Untracked |  0
|1128|0x0000000791000000, 0x0000000791000000, 0x0000000791200000|  0%| F|  |TAMS 0x0000000791000000| PB 0x0000000791000000| Untracked |  0
|1129|0x0000000791200000, 0x0000000791200000, 0x0000000791400000|  0%| F|  |TAMS 0x0000000791200000| PB 0x0000000791200000| Untracked |  0
|1130|0x0000000791400000, 0x0000000791400000, 0x0000000791600000|  0%| F|  |TAMS 0x0000000791400000| PB 0x0000000791400000| Untracked |  0
|1131|0x0000000791600000, 0x0000000791800000, 0x0000000791800000|100%| S|CS|TAMS 0x0000000791600000| PB 0x0000000791600000| Complete |  0
|1132|0x0000000791800000, 0x0000000791a00000, 0x0000000791a00000|100%| S|CS|TAMS 0x0000000791800000| PB 0x0000000791800000| Complete |  0
|1133|0x0000000791a00000, 0x0000000791c00000, 0x0000000791c00000|100%| S|CS|TAMS 0x0000000791a00000| PB 0x0000000791a00000| Complete |  0
|1134|0x0000000791c00000, 0x0000000791e00000, 0x0000000791e00000|100%| S|CS|TAMS 0x0000000791c00000| PB 0x0000000791c00000| Complete |  0
|1135|0x0000000791e00000, 0x0000000792000000, 0x0000000792000000|100%| S|CS|TAMS 0x0000000791e00000| PB 0x0000000791e00000| Complete |  0
|1136|0x0000000792000000, 0x0000000792200000, 0x0000000792200000|100%| S|CS|TAMS 0x0000000792000000| PB 0x0000000792000000| Complete |  0
|1137|0x0000000792200000, 0x0000000792400000, 0x0000000792400000|100%| S|CS|TAMS 0x0000000792200000| PB 0x0000000792200000| Complete |  0
|1138|0x0000000792400000, 0x0000000792600000, 0x0000000792600000|100%| S|CS|TAMS 0x0000000792400000| PB 0x0000000792400000| Complete |  0
|1139|0x0000000792600000, 0x0000000792800000, 0x0000000792800000|100%| S|CS|TAMS 0x0000000792600000| PB 0x0000000792600000| Complete |  0
|1140|0x0000000792800000, 0x0000000792a00000, 0x0000000792a00000|100%| S|CS|TAMS 0x0000000792800000| PB 0x0000000792800000| Complete |  0
|1141|0x0000000792a00000, 0x0000000792c00000, 0x0000000792c00000|100%| S|CS|TAMS 0x0000000792a00000| PB 0x0000000792a00000| Complete |  0
|1142|0x0000000792c00000, 0x0000000792e00000, 0x0000000792e00000|100%| S|CS|TAMS 0x0000000792c00000| PB 0x0000000792c00000| Complete |  0
|1143|0x0000000792e00000, 0x0000000793000000, 0x0000000793000000|100%| S|CS|TAMS 0x0000000792e00000| PB 0x0000000792e00000| Complete |  0
|1144|0x0000000793000000, 0x0000000793200000, 0x0000000793200000|100%| S|CS|TAMS 0x0000000793000000| PB 0x0000000793000000| Complete |  0
|1145|0x0000000793200000, 0x0000000793400000, 0x0000000793400000|100%| S|CS|TAMS 0x0000000793200000| PB 0x0000000793200000| Complete |  0
|1146|0x0000000793400000, 0x0000000793400000, 0x0000000793600000|  0%| F|  |TAMS 0x0000000793400000| PB 0x0000000793400000| Untracked |  0
|1147|0x0000000793600000, 0x0000000793600000, 0x0000000793800000|  0%| F|  |TAMS 0x0000000793600000| PB 0x0000000793600000| Untracked |  0
|1148|0x0000000793800000, 0x0000000793800000, 0x0000000793a00000|  0%| F|  |TAMS 0x0000000793800000| PB 0x0000000793800000| Untracked |  0
|1149|0x0000000793a00000, 0x0000000793a00000, 0x0000000793c00000|  0%| F|  |TAMS 0x0000000793a00000| PB 0x0000000793a00000| Untracked |  0
|1150|0x0000000793c00000, 0x0000000793c00000, 0x0000000793e00000|  0%| F|  |TAMS 0x0000000793c00000| PB 0x0000000793c00000| Untracked |  0
|1151|0x0000000793e00000, 0x0000000793e00000, 0x0000000794000000|  0%| F|  |TAMS 0x0000000793e00000| PB 0x0000000793e00000| Untracked |  0
|1152|0x0000000794000000, 0x0000000794000000, 0x0000000794200000|  0%| F|  |TAMS 0x0000000794000000| PB 0x0000000794000000| Untracked |  0
|1153|0x0000000794200000, 0x0000000794200000, 0x0000000794400000|  0%| F|  |TAMS 0x0000000794200000| PB 0x0000000794200000| Untracked |  0
|1154|0x0000000794400000, 0x0000000794400000, 0x0000000794600000|  0%| F|  |TAMS 0x0000000794400000| PB 0x0000000794400000| Untracked |  0
|1155|0x0000000794600000, 0x0000000794600000, 0x0000000794800000|  0%| F|  |TAMS 0x0000000794600000| PB 0x0000000794600000| Untracked |  0
|1156|0x0000000794800000, 0x0000000794800000, 0x0000000794a00000|  0%| F|  |TAMS 0x0000000794800000| PB 0x0000000794800000| Untracked |  0
|1157|0x0000000794a00000, 0x0000000794a00000, 0x0000000794c00000|  0%| F|  |TAMS 0x0000000794a00000| PB 0x0000000794a00000| Untracked |  0
|1158|0x0000000794c00000, 0x0000000794c00000, 0x0000000794e00000|  0%| F|  |TAMS 0x0000000794c00000| PB 0x0000000794c00000| Untracked |  0
|1159|0x0000000794e00000, 0x0000000794e00000, 0x0000000795000000|  0%| F|  |TAMS 0x0000000794e00000| PB 0x0000000794e00000| Untracked |  0
|1160|0x0000000795000000, 0x0000000795000000, 0x0000000795200000|  0%| F|  |TAMS 0x0000000795000000| PB 0x0000000795000000| Untracked |  0
|1161|0x0000000795200000, 0x0000000795200000, 0x0000000795400000|  0%| F|  |TAMS 0x0000000795200000| PB 0x0000000795200000| Untracked |  0
|1162|0x0000000795400000, 0x0000000795400000, 0x0000000795600000|  0%| F|  |TAMS 0x0000000795400000| PB 0x0000000795400000| Untracked |  0
|1163|0x0000000795600000, 0x0000000795600000, 0x0000000795800000|  0%| F|  |TAMS 0x0000000795600000| PB 0x0000000795600000| Untracked |  0
|1164|0x0000000795800000, 0x0000000795800000, 0x0000000795a00000|  0%| F|  |TAMS 0x0000000795800000| PB 0x0000000795800000| Untracked |  0
|1165|0x0000000795a00000, 0x0000000795a00000, 0x0000000795c00000|  0%| F|  |TAMS 0x0000000795a00000| PB 0x0000000795a00000| Untracked |  0
|1166|0x0000000795c00000, 0x0000000795c00000, 0x0000000795e00000|  0%| F|  |TAMS 0x0000000795c00000| PB 0x0000000795c00000| Untracked |  0
|1167|0x0000000795e00000, 0x0000000795e00000, 0x0000000796000000|  0%| F|  |TAMS 0x0000000795e00000| PB 0x0000000795e00000| Untracked |  0
|1168|0x0000000796000000, 0x0000000796000000, 0x0000000796200000|  0%| F|  |TAMS 0x0000000796000000| PB 0x0000000796000000| Untracked |  0
|1169|0x0000000796200000, 0x0000000796200000, 0x0000000796400000|  0%| F|  |TAMS 0x0000000796200000| PB 0x0000000796200000| Untracked |  0
|1170|0x0000000796400000, 0x0000000796400000, 0x0000000796600000|  0%| F|  |TAMS 0x0000000796400000| PB 0x0000000796400000| Untracked |  0
|1171|0x0000000796600000, 0x0000000796600000, 0x0000000796800000|  0%| F|  |TAMS 0x0000000796600000| PB 0x0000000796600000| Untracked |  0
|1172|0x0000000796800000, 0x0000000796800000, 0x0000000796a00000|  0%| F|  |TAMS 0x0000000796800000| PB 0x0000000796800000| Untracked |  0
|1173|0x0000000796a00000, 0x0000000796a00000, 0x0000000796c00000|  0%| F|  |TAMS 0x0000000796a00000| PB 0x0000000796a00000| Untracked |  0
|1174|0x0000000796c00000, 0x0000000796c00000, 0x0000000796e00000|  0%| F|  |TAMS 0x0000000796c00000| PB 0x0000000796c00000| Untracked |  0
|1175|0x0000000796e00000, 0x0000000796e00000, 0x0000000797000000|  0%| F|  |TAMS 0x0000000796e00000| PB 0x0000000796e00000| Untracked |  0
|1176|0x0000000797000000, 0x0000000797000000, 0x0000000797200000|  0%| F|  |TAMS 0x0000000797000000| PB 0x0000000797000000| Untracked |  0
|1177|0x0000000797200000, 0x0000000797200000, 0x0000000797400000|  0%| F|  |TAMS 0x0000000797200000| PB 0x0000000797200000| Untracked |  0
|1178|0x0000000797400000, 0x0000000797400000, 0x0000000797600000|  0%| F|  |TAMS 0x0000000797400000| PB 0x0000000797400000| Untracked |  0
|1179|0x0000000797600000, 0x0000000797800000, 0x0000000797800000|100%| E|  |TAMS 0x0000000797600000| PB 0x0000000797600000| Complete |  0
|1180|0x0000000797800000, 0x0000000797a00000, 0x0000000797a00000|100%| E|CS|TAMS 0x0000000797800000| PB 0x0000000797800000| Complete |  0
|1181|0x0000000797a00000, 0x0000000797c00000, 0x0000000797c00000|100%| E|CS|TAMS 0x0000000797a00000| PB 0x0000000797a00000| Complete |  0
|1182|0x0000000797c00000, 0x0000000797e00000, 0x0000000797e00000|100%| E|CS|TAMS 0x0000000797c00000| PB 0x0000000797c00000| Complete |  0
|1183|0x0000000797e00000, 0x0000000798000000, 0x0000000798000000|100%| E|CS|TAMS 0x0000000797e00000| PB 0x0000000797e00000| Complete |  0
|1184|0x0000000798000000, 0x0000000798200000, 0x0000000798200000|100%| E|CS|TAMS 0x0000000798000000| PB 0x0000000798000000| Complete |  0
|1185|0x0000000798200000, 0x0000000798400000, 0x0000000798400000|100%| E|CS|TAMS 0x0000000798200000| PB 0x0000000798200000| Complete |  0
|1186|0x0000000798400000, 0x0000000798600000, 0x0000000798600000|100%| E|CS|TAMS 0x0000000798400000| PB 0x0000000798400000| Complete |  0
|1187|0x0000000798600000, 0x0000000798800000, 0x0000000798800000|100%| E|CS|TAMS 0x0000000798600000| PB 0x0000000798600000| Complete |  0
|1188|0x0000000798800000, 0x0000000798a00000, 0x0000000798a00000|100%| E|CS|TAMS 0x0000000798800000| PB 0x0000000798800000| Complete |  0
|1189|0x0000000798a00000, 0x0000000798c00000, 0x0000000798c00000|100%| E|CS|TAMS 0x0000000798a00000| PB 0x0000000798a00000| Complete |  0
|1190|0x0000000798c00000, 0x0000000798e00000, 0x0000000798e00000|100%| E|CS|TAMS 0x0000000798c00000| PB 0x0000000798c00000| Complete |  0
|1191|0x0000000798e00000, 0x0000000799000000, 0x0000000799000000|100%| E|CS|TAMS 0x0000000798e00000| PB 0x0000000798e00000| Complete |  0
|1192|0x0000000799000000, 0x0000000799200000, 0x0000000799200000|100%| E|CS|TAMS 0x0000000799000000| PB 0x0000000799000000| Complete |  0
|1193|0x0000000799200000, 0x0000000799400000, 0x0000000799400000|100%| E|CS|TAMS 0x0000000799200000| PB 0x0000000799200000| Complete |  0
|1194|0x0000000799400000, 0x0000000799600000, 0x0000000799600000|100%| E|CS|TAMS 0x0000000799400000| PB 0x0000000799400000| Complete |  0
|1195|0x0000000799600000, 0x0000000799800000, 0x0000000799800000|100%| E|CS|TAMS 0x0000000799600000| PB 0x0000000799600000| Complete |  0
|1196|0x0000000799800000, 0x0000000799a00000, 0x0000000799a00000|100%| E|CS|TAMS 0x0000000799800000| PB 0x0000000799800000| Complete |  0
|1197|0x0000000799a00000, 0x0000000799c00000, 0x0000000799c00000|100%| E|CS|TAMS 0x0000000799a00000| PB 0x0000000799a00000| Complete |  0
|1198|0x0000000799c00000, 0x0000000799e00000, 0x0000000799e00000|100%| E|CS|TAMS 0x0000000799c00000| PB 0x0000000799c00000| Complete |  0
|1199|0x0000000799e00000, 0x000000079a000000, 0x000000079a000000|100%| E|CS|TAMS 0x0000000799e00000| PB 0x0000000799e00000| Complete |  0
|1200|0x000000079a000000, 0x000000079a200000, 0x000000079a200000|100%| E|CS|TAMS 0x000000079a000000| PB 0x000000079a000000| Complete |  0
|1201|0x000000079a200000, 0x000000079a400000, 0x000000079a400000|100%| E|CS|TAMS 0x000000079a200000| PB 0x000000079a200000| Complete |  0
|1202|0x000000079a400000, 0x000000079a600000, 0x000000079a600000|100%| E|CS|TAMS 0x000000079a400000| PB 0x000000079a400000| Complete |  0
|1203|0x000000079a600000, 0x000000079a800000, 0x000000079a800000|100%| E|CS|TAMS 0x000000079a600000| PB 0x000000079a600000| Complete |  0
|1204|0x000000079a800000, 0x000000079aa00000, 0x000000079aa00000|100%| E|CS|TAMS 0x000000079a800000| PB 0x000000079a800000| Complete |  0
|1205|0x000000079aa00000, 0x000000079ac00000, 0x000000079ac00000|100%| E|CS|TAMS 0x000000079aa00000| PB 0x000000079aa00000| Complete |  0
|1206|0x000000079ac00000, 0x000000079ae00000, 0x000000079ae00000|100%| E|CS|TAMS 0x000000079ac00000| PB 0x000000079ac00000| Complete |  0
|1207|0x000000079ae00000, 0x000000079b000000, 0x000000079b000000|100%| E|CS|TAMS 0x000000079ae00000| PB 0x000000079ae00000| Complete |  0
|1208|0x000000079b000000, 0x000000079b200000, 0x000000079b200000|100%| E|CS|TAMS 0x000000079b000000| PB 0x000000079b000000| Complete |  0
|1209|0x000000079b200000, 0x000000079b400000, 0x000000079b400000|100%| E|CS|TAMS 0x000000079b200000| PB 0x000000079b200000| Complete |  0
|1210|0x000000079b400000, 0x000000079b600000, 0x000000079b600000|100%| E|CS|TAMS 0x000000079b400000| PB 0x000000079b400000| Complete |  0
|1211|0x000000079b600000, 0x000000079b800000, 0x000000079b800000|100%| E|CS|TAMS 0x000000079b600000| PB 0x000000079b600000| Complete |  0
|1212|0x000000079b800000, 0x000000079ba00000, 0x000000079ba00000|100%| E|CS|TAMS 0x000000079b800000| PB 0x000000079b800000| Complete |  0
|1213|0x000000079ba00000, 0x000000079bc00000, 0x000000079bc00000|100%| E|CS|TAMS 0x000000079ba00000| PB 0x000000079ba00000| Complete |  0
|1214|0x000000079bc00000, 0x000000079be00000, 0x000000079be00000|100%| E|CS|TAMS 0x000000079bc00000| PB 0x000000079bc00000| Complete |  0
|1215|0x000000079be00000, 0x000000079c000000, 0x000000079c000000|100%| E|CS|TAMS 0x000000079be00000| PB 0x000000079be00000| Complete |  0
|1216|0x000000079c000000, 0x000000079c200000, 0x000000079c200000|100%| E|CS|TAMS 0x000000079c000000| PB 0x000000079c000000| Complete |  0
|1217|0x000000079c200000, 0x000000079c400000, 0x000000079c400000|100%| E|CS|TAMS 0x000000079c200000| PB 0x000000079c200000| Complete |  0
|1218|0x000000079c400000, 0x000000079c600000, 0x000000079c600000|100%| E|CS|TAMS 0x000000079c400000| PB 0x000000079c400000| Complete |  0
|1219|0x000000079c600000, 0x000000079c800000, 0x000000079c800000|100%| E|CS|TAMS 0x000000079c600000| PB 0x000000079c600000| Complete |  0
|1220|0x000000079c800000, 0x000000079ca00000, 0x000000079ca00000|100%| E|CS|TAMS 0x000000079c800000| PB 0x000000079c800000| Complete |  0
|1221|0x000000079ca00000, 0x000000079cc00000, 0x000000079cc00000|100%| E|CS|TAMS 0x000000079ca00000| PB 0x000000079ca00000| Complete |  0
|1222|0x000000079cc00000, 0x000000079ce00000, 0x000000079ce00000|100%| E|CS|TAMS 0x000000079cc00000| PB 0x000000079cc00000| Complete |  0
|1223|0x000000079ce00000, 0x000000079d000000, 0x000000079d000000|100%| E|CS|TAMS 0x000000079ce00000| PB 0x000000079ce00000| Complete |  0
|1224|0x000000079d000000, 0x000000079d200000, 0x000000079d200000|100%| E|CS|TAMS 0x000000079d000000| PB 0x000000079d000000| Complete |  0
|1225|0x000000079d200000, 0x000000079d400000, 0x000000079d400000|100%| E|CS|TAMS 0x000000079d200000| PB 0x000000079d200000| Complete |  0
|1226|0x000000079d400000, 0x000000079d600000, 0x000000079d600000|100%| E|CS|TAMS 0x000000079d400000| PB 0x000000079d400000| Complete |  0
|1227|0x000000079d600000, 0x000000079d800000, 0x000000079d800000|100%| E|CS|TAMS 0x000000079d600000| PB 0x000000079d600000| Complete |  0
|1228|0x000000079d800000, 0x000000079da00000, 0x000000079da00000|100%| E|CS|TAMS 0x000000079d800000| PB 0x000000079d800000| Complete |  0
|1229|0x000000079da00000, 0x000000079dc00000, 0x000000079dc00000|100%| E|CS|TAMS 0x000000079da00000| PB 0x000000079da00000| Complete |  0
|1230|0x000000079dc00000, 0x000000079de00000, 0x000000079de00000|100%| E|CS|TAMS 0x000000079dc00000| PB 0x000000079dc00000| Complete |  0
|1231|0x000000079de00000, 0x000000079e000000, 0x000000079e000000|100%| E|CS|TAMS 0x000000079de00000| PB 0x000000079de00000| Complete |  0
|1232|0x000000079e000000, 0x000000079e200000, 0x000000079e200000|100%| E|CS|TAMS 0x000000079e000000| PB 0x000000079e000000| Complete |  0
|1233|0x000000079e200000, 0x000000079e400000, 0x000000079e400000|100%| E|CS|TAMS 0x000000079e200000| PB 0x000000079e200000| Complete |  0
|1234|0x000000079e400000, 0x000000079e600000, 0x000000079e600000|100%| E|CS|TAMS 0x000000079e400000| PB 0x000000079e400000| Complete |  0
|1235|0x000000079e600000, 0x000000079e800000, 0x000000079e800000|100%| E|CS|TAMS 0x000000079e600000| PB 0x000000079e600000| Complete |  0
|1236|0x000000079e800000, 0x000000079ea00000, 0x000000079ea00000|100%| E|CS|TAMS 0x000000079e800000| PB 0x000000079e800000| Complete |  0
|1237|0x000000079ea00000, 0x000000079ec00000, 0x000000079ec00000|100%| E|CS|TAMS 0x000000079ea00000| PB 0x000000079ea00000| Complete |  0
|1238|0x000000079ec00000, 0x000000079ee00000, 0x000000079ee00000|100%| E|CS|TAMS 0x000000079ec00000| PB 0x000000079ec00000| Complete |  0
|1239|0x000000079ee00000, 0x000000079f000000, 0x000000079f000000|100%| E|CS|TAMS 0x000000079ee00000| PB 0x000000079ee00000| Complete |  0
|2012|0x00000007ff800000, 0x00000007ffa00000, 0x00000007ffa00000|100%| E|CS|TAMS 0x00000007ff800000| PB 0x00000007ff800000| Complete |  0
|2013|0x00000007ffa00000, 0x00000007ffc00000, 0x00000007ffc00000|100%| E|CS|TAMS 0x00000007ffa00000| PB 0x00000007ffa00000| Complete |  0
|2014|0x00000007ffc00000, 0x00000007ffe00000, 0x00000007ffe00000|100%| E|CS|TAMS 0x00000007ffc00000| PB 0x00000007ffc00000| Complete |  0
|2015|0x00000007ffe00000, 0x0000000800000000, 0x0000000800000000|100%| E|CS|TAMS 0x00000007ffe00000| PB 0x00000007ffe00000| Complete |  0

Card table byte_map: [0x000002822b0e0000,0x000002822b8c0000] _byte_map_base: 0x00000282278c0000

Marking Bits: (CMBitMap*) 0x000002821ef22360
 Bits: [0x000002822b8c0000, 0x000002822f7c0000)

Polling page: 0x000002821cd10000

Metaspace:

Usage:
  Non-class:     83.07 MB used.
      Class:     14.70 MB used.
       Both:     97.77 MB used.

Virtual space:
  Non-class space:      128.00 MB reserved,      83.88 MB ( 66%) committed,  2 nodes.
      Class space:        1.00 GB reserved,      15.25 MB (  1%) committed,  1 nodes.
             Both:        1.12 GB reserved,      99.12 MB (  9%) committed. 

Chunk freelists:
   Non-Class:  11.85 MB
       Class:  1001.00 KB
        Both:  12.82 MB

MaxMetaspaceSize: unlimited
CompressedClassSpaceSize: 1.00 GB
Initial GC threshold: 21.00 MB
Current GC threshold: 165.25 MB
CDS: on
 - commit_granule_bytes: 65536.
 - commit_granule_words: 8192.
 - virtual_space_node_default_size: 8388608.
 - enlarge_chunks_in_place: 1.
 - use_allocation_guard: 0.


Internal statistics:

num_allocs_failed_limit: 9.
num_arena_births: 1672.
num_arena_deaths: 530.
num_vsnodes_births: 3.
num_vsnodes_deaths: 0.
num_space_committed: 1586.
num_space_uncommitted: 0.
num_chunks_returned_to_freelist: 600.
num_chunks_taken_from_freelist: 5439.
num_chunk_merges: 164.
num_chunk_splits: 3861.
num_chunks_enlarged: 3050.
num_inconsistent_stats: 0.

CodeCache: size=49152Kb used=7409Kb max_used=17424Kb free=41742Kb
 bounds [0x00000282275d0000, 0x00000282286e0000, 0x000002822a5d0000]
 total_blobs=5275, nmethods=4469, adapters=730, full_count=0
Compilation: enabled, stopped_count=0, restarted_count=0

Compilation events (20 events):
Event: 94.878 Thread 0x0000028232533a40 12683   !   1       sun.nio.ch.SocketChannelImpl::beginWrite (52 bytes)
Event: 94.878 Thread 0x0000028232533a40 nmethod 12683 0x0000028227a74288 code [0x0000028227a743e0, 0x0000028227a74870]
Event: 94.878 Thread 0x0000028232533a40 12684       1       sun.nio.ch.IOUtil::write (12 bytes)
Event: 94.878 Thread 0x0000028232533a40 nmethod 12684 0x0000028227a25408 code [0x0000028227a25520, 0x0000028227a255f8]
Event: 94.878 Thread 0x0000028232533a40 12685   !   1       sun.nio.ch.IOUtil::write (178 bytes)
Event: 94.878 Thread 0x0000028232533a40 nmethod 12685 0x0000028227811d08 code [0x0000028227811ec0, 0x00000282278122e0]
Event: 94.878 Thread 0x0000028232533a40 12686   !   1       sun.nio.ch.IOUtil::writeFromNativeBuffer (169 bytes)
Event: 94.879 Thread 0x0000028232533a40 nmethod 12686 0x00000282279cd508 code [0x00000282279cd700, 0x00000282279cde60]
Event: 94.893 Thread 0x0000028232533a40 12687       1       com.fasterxml.jackson.core.json.UTF8JsonGenerator::_writeBytes (63 bytes)
Event: 94.894 Thread 0x0000028232533a40 nmethod 12687 0x000002822819e588 code [0x000002822819e6c0, 0x000002822819e940]
Event: 94.939 Thread 0x0000028232533a40 12688       1       io.micrometer.core.instrument.AbstractTimer::record (71 bytes)
Event: 94.940 Thread 0x0000028232533a40 nmethod 12688 0x000002822782f088 code [0x000002822782f200, 0x000002822782f590]
Event: 95.756 Thread 0x0000028232533a40 12689       1       io.micrometer.core.instrument.cumulative.CumulativeTimer::recordNonNegative (37 bytes)
Event: 95.756 Thread 0x0000028232533a40 nmethod 12689 0x00000282281bde08 code [0x00000282281bdf80, 0x00000282281be190]
Event: 96.106 Thread 0x0000028232533a40 12690       1       java.util.HashMap::valuesToArray (81 bytes)
Event: 96.106 Thread 0x0000028232533a40 nmethod 12690 0x0000028227bfd288 code [0x0000028227bfd3a0, 0x0000028227bfd5f8]
Event: 96.933 Thread 0x0000028232533a40 12691   !   1       org.apache.tomcat.util.net.NioEndpoint$Poller::events (275 bytes)
Event: 96.936 Thread 0x0000028232533a40 nmethod 12691 0x000002822784c308 code [0x000002822784c540, 0x000002822784d060]
Event: 96.936 Thread 0x0000028232533a40 12692  s    1       org.apache.tomcat.util.collections.SynchronizedQueue::size (23 bytes)
Event: 96.936 Thread 0x0000028232533a40 nmethod 12692 0x0000028227c43188 code [0x0000028227c432a0, 0x0000028227c434e0]

GC Heap History (20 events):
Event: 87.111 GC heap before
{Heap before GC invocations=48 (full 0):
 garbage-first heap   total reserved 4128768K, committed 1626112K, used 1024000K [0x0000000704000000, 0x0000000800000000)
  region size 2048K, 159 young (325632K), 3 survivors (6144K)
 Metaspace       used 100114K, committed 101504K, reserved 1179648K
  class space    used 15049K, committed 15616K, reserved 1048576K
}
Event: 87.215 GC heap after
{Heap after GC invocations=49 (full 0):
 garbage-first heap   total reserved 4128768K, committed 1626112K, used 934304K [0x0000000704000000, 0x0000000800000000)
  region size 2048K, 20 young (40960K), 20 survivors (40960K)
 Metaspace       used 100114K, committed 101504K, reserved 1179648K
  class space    used 15049K, committed 15616K, reserved 1048576K
}
Event: 88.681 GC heap before
{Heap before GC invocations=49 (full 0):
 garbage-first heap   total reserved 4128768K, committed 1626112K, used 1208736K [0x0000000704000000, 0x0000000800000000)
  region size 2048K, 139 young (284672K), 20 survivors (40960K)
 Metaspace       used 100114K, committed 101504K, reserved 1179648K
  class space    used 15049K, committed 15616K, reserved 1048576K
}
Event: 88.804 GC heap after
{Heap after GC invocations=50 (full 0):
 garbage-first heap   total reserved 4128768K, committed 1626112K, used 1101824K [0x0000000704000000, 0x0000000800000000)
  region size 2048K, 18 young (36864K), 18 survivors (36864K)
 Metaspace       used 100114K, committed 101504K, reserved 1179648K
  class space    used 15049K, committed 15616K, reserved 1048576K
}
Event: 89.343 GC heap before
{Heap before GC invocations=50 (full 0):
 garbage-first heap   total reserved 4128768K, committed 1626112K, used 1196032K [0x0000000704000000, 0x0000000800000000)
  region size 2048K, 65 young (133120K), 18 survivors (36864K)
 Metaspace       used 100114K, committed 101504K, reserved 1179648K
  class space    used 15049K, committed 15616K, reserved 1048576K
}
Event: 89.410 GC heap after
{Heap after GC invocations=51 (full 0):
 garbage-first heap   total reserved 4128768K, committed 1626112K, used 1165312K [0x0000000704000000, 0x0000000800000000)
  region size 2048K, 14 young (28672K), 14 survivors (28672K)
 Metaspace       used 100114K, committed 101504K, reserved 1179648K
  class space    used 15049K, committed 15616K, reserved 1048576K
}
Event: 90.515 GC heap before
{Heap before GC invocations=52 (full 0):
 garbage-first heap   total reserved 4128768K, committed 1878016K, used 1310720K [0x0000000704000000, 0x0000000800000000)
  region size 2048K, 99 young (202752K), 14 survivors (28672K)
 Metaspace       used 100114K, committed 101504K, reserved 1179648K
  class space    used 15049K, committed 15616K, reserved 1048576K
}
Event: 90.620 GC heap after
{Heap after GC invocations=53 (full 0):
 garbage-first heap   total reserved 4128768K, committed 1878016K, used 1252352K [0x0000000704000000, 0x0000000800000000)
  region size 2048K, 13 young (26624K), 13 survivors (26624K)
 Metaspace       used 100114K, committed 101504K, reserved 1179648K
  class space    used 15049K, committed 15616K, reserved 1048576K
}
Event: 92.406 GC heap before
{Heap before GC invocations=53 (full 0):
 garbage-first heap   total reserved 4128768K, committed 1878016K, used 1541120K [0x0000000704000000, 0x0000000800000000)
  region size 2048K, 133 young (272384K), 13 survivors (26624K)
 Metaspace       used 100114K, committed 101504K, reserved 1179648K
  class space    used 15049K, committed 15616K, reserved 1048576K
}
Event: 92.591 GC heap after
{Heap after GC invocations=54 (full 0):
 garbage-first heap   total reserved 4128768K, committed 1878016K, used 1410048K [0x0000000704000000, 0x0000000800000000)
  region size 2048K, 17 young (34816K), 17 survivors (34816K)
 Metaspace       used 100114K, committed 101504K, reserved 1179648K
  class space    used 15049K, committed 15616K, reserved 1048576K
}
Event: 93.754 GC heap before
{Heap before GC invocations=54 (full 0):
 garbage-first heap   total reserved 4128768K, committed 1878016K, used 1594368K [0x0000000704000000, 0x0000000800000000)
  region size 2048K, 107 young (219136K), 17 survivors (34816K)
 Metaspace       used 100114K, committed 101504K, reserved 1179648K
  class space    used 15049K, committed 15616K, reserved 1048576K
}
Event: 93.863 GC heap after
{Heap after GC invocations=55 (full 0):
 garbage-first heap   total reserved 4128768K, committed 2060288K, used 1530880K [0x0000000704000000, 0x0000000800000000)
  region size 2048K, 14 young (28672K), 14 survivors (28672K)
 Metaspace       used 100114K, committed 101504K, reserved 1179648K
  class space    used 15049K, committed 15616K, reserved 1048576K
}
Event: 95.616 GC heap before
{Heap before GC invocations=56 (full 0):
 garbage-first heap   total reserved 4128768K, committed 2547712K, used 1737728K [0x0000000704000000, 0x0000000800000000)
  region size 2048K, 117 young (239616K), 14 survivors (28672K)
 Metaspace       used 100114K, committed 101504K, reserved 1179648K
  class space    used 15049K, committed 15616K, reserved 1048576K
}
Event: 95.754 GC heap after
{Heap after GC invocations=57 (full 0):
 garbage-first heap   total reserved 4128768K, committed 2547712K, used 1662976K [0x0000000704000000, 0x0000000800000000)
  region size 2048K, 15 young (30720K), 15 survivors (30720K)
 Metaspace       used 100114K, committed 101504K, reserved 1179648K
  class space    used 15049K, committed 15616K, reserved 1048576K
}
Event: 97.958 GC heap before
{Heap before GC invocations=57 (full 0):
 garbage-first heap   total reserved 4128768K, committed 2547712K, used 1953792K [0x0000000704000000, 0x0000000800000000)
  region size 2048K, 148 young (303104K), 15 survivors (30720K)
 Metaspace       used 100114K, committed 101504K, reserved 1179648K
  class space    used 15049K, committed 15616K, reserved 1048576K
}
Event: 98.120 GC heap after
{Heap after GC invocations=58 (full 0):
 garbage-first heap   total reserved 4128768K, committed 2547712K, used 1844224K [0x0000000704000000, 0x0000000800000000)
  region size 2048K, 19 young (38912K), 19 survivors (38912K)
 Metaspace       used 100114K, committed 101504K, reserved 1179648K
  class space    used 15049K, committed 15616K, reserved 1048576K
}
Event: 99.968 GC heap before
{Heap before GC invocations=58 (full 0):
 garbage-first heap   total reserved 4128768K, committed 2547712K, used 2145280K [0x0000000704000000, 0x0000000800000000)
  region size 2048K, 138 young (282624K), 19 survivors (38912K)
 Metaspace       used 100114K, committed 101504K, reserved 1179648K
  class space    used 15049K, committed 15616K, reserved 1048576K
}
Event: 100.146 GC heap after
{Heap after GC invocations=59 (full 0):
 garbage-first heap   total reserved 4128768K, committed 2547712K, used 2054144K [0x0000000704000000, 0x0000000800000000)
  region size 2048K, 18 young (36864K), 18 survivors (36864K)
 Metaspace       used 100114K, committed 101504K, reserved 1179648K
  class space    used 15049K, committed 15616K, reserved 1048576K
}
Event: 101.544 GC heap before
{Heap before GC invocations=59 (full 0):
 garbage-first heap   total reserved 4128768K, committed 2547712K, used 2254848K [0x0000000704000000, 0x0000000800000000)
  region size 2048K, 116 young (237568K), 18 survivors (36864K)
 Metaspace       used 100114K, committed 101504K, reserved 1179648K
  class space    used 15049K, committed 15616K, reserved 1048576K
}
Event: 101.687 GC heap after
{Heap after GC invocations=60 (full 0):
 garbage-first heap   total reserved 4128768K, committed 2547712K, used 2186240K [0x0000000704000000, 0x0000000800000000)
  region size 2048K, 15 young (30720K), 15 survivors (30720K)
 Metaspace       used 100114K, committed 101504K, reserved 1179648K
  class space    used 15049K, committed 15616K, reserved 1048576K
}

Dll operation events (10 events):
Event: 0.007 Loaded shared library C:\Program Files\Java\jdk-23\bin\java.dll
Event: 0.099 Loaded shared library C:\Program Files\Java\jdk-23\bin\net.dll
Event: 0.100 Loaded shared library C:\Program Files\Java\jdk-23\bin\nio.dll
Event: 0.104 Loaded shared library C:\Program Files\Java\jdk-23\bin\zip.dll
Event: 0.179 Loaded shared library C:\Program Files\Java\jdk-23\bin\verify.dll
Event: 0.187 Loaded shared library C:\Program Files\Java\jdk-23\bin\jimage.dll
Event: 1.207 Loaded shared library C:\Program Files\Java\jdk-23\bin\sunmscapi.dll
Event: 3.074 Loaded shared library C:\Program Files\Java\jdk-23\bin\management.dll
Event: 3.076 Loaded shared library C:\Program Files\Java\jdk-23\bin\management_ext.dll
Event: 3.775 Loaded shared library C:\Program Files\Java\jdk-23\bin\extnet.dll

Deoptimization events (4 events):
Event: 4.771 Thread 0x000002821caca240 DEOPT PACKING pc=0x000002822806d55c sp=0x000000a87f9f9000
Event: 4.771 Thread 0x000002821caca240 DEOPT UNPACKING pc=0x00000282276284c2 sp=0x000000a87f9f8498 mode 0
Event: 8.858 Thread 0x000002827b3da400 DEOPT PACKING pc=0x00000282283193d2 sp=0x000000a8022f9980
Event: 8.858 Thread 0x000002827b3da400 DEOPT UNPACKING pc=0x00000282276284c2 sp=0x000000a8022f8de8 mode 0

Classes loaded (20 events):
Event: 78.504 Loading class jdk/internal/icu/impl/UCharacterProperty$BiDiIntProperty done
Event: 78.504 Loading class jdk/internal/icu/impl/UCharacterProperty$1 done
Event: 78.504 Loading class jdk/internal/icu/impl/UCharacterProperty$IsAcceptable
Event: 78.504 Loading class jdk/internal/icu/impl/UCharacterProperty$IsAcceptable done
Event: 78.504 Loading class jdk/internal/icu/impl/Trie2_16
Event: 78.504 Loading class jdk/internal/icu/impl/Trie2
Event: 78.505 Loading class jdk/internal/icu/impl/Trie2 done
Event: 78.505 Loading class jdk/internal/icu/impl/Trie2_16 done
Event: 78.505 Loading class jdk/internal/icu/impl/Trie2$1
Event: 78.505 Loading class jdk/internal/icu/impl/Trie2$ValueMapper
Event: 78.505 Loading class jdk/internal/icu/impl/Trie2$ValueMapper done
Event: 78.505 Loading class jdk/internal/icu/impl/Trie2$1 done
Event: 78.505 Loading class jdk/internal/icu/impl/Trie2$UTrie2Header
Event: 78.505 Loading class jdk/internal/icu/impl/Trie2$UTrie2Header done
Event: 78.783 Loading class java/util/zip/GZIPInputStream
Event: 78.783 Loading class java/util/zip/GZIPInputStream done
Event: 84.090 Loading class java/time/format/DateTimeParseContext
Event: 84.091 Loading class java/time/format/DateTimeParseContext done
Event: 84.091 Loading class java/time/format/Parsed
Event: 84.091 Loading class java/time/format/Parsed done

Classes unloaded (20 events):
Event: 84.190 Thread 0x00000282324fa2c0 Unloading class 0x0000028234109c00 'java/lang/invoke/LambdaForm$MH+0x0000028234109c00'
Event: 84.190 Thread 0x00000282324fa2c0 Unloading class 0x0000028234109800 'java/lang/invoke/LambdaForm$MH+0x0000028234109800'
Event: 84.190 Thread 0x00000282324fa2c0 Unloading class 0x00000282340b4000 'java/lang/invoke/LambdaForm$DMH+0x00000282340b4000'
Event: 84.190 Thread 0x00000282324fa2c0 Unloading class 0x0000028234088c00 'java/lang/invoke/LambdaForm$MH+0x0000028234088c00'
Event: 84.190 Thread 0x00000282324fa2c0 Unloading class 0x000002823403c000 'java/lang/invoke/LambdaForm$MH+0x000002823403c000'
Event: 84.190 Thread 0x00000282324fa2c0 Unloading class 0x000002823401bc00 'java/lang/invoke/LambdaForm$MH+0x000002823401bc00'
Event: 84.190 Thread 0x00000282324fa2c0 Unloading class 0x000002823401b400 'java/lang/invoke/LambdaForm$MH+0x000002823401b400'
Event: 84.190 Thread 0x00000282324fa2c0 Unloading class 0x000002823401ac00 'java/lang/invoke/LambdaForm$MH+0x000002823401ac00'
Event: 84.190 Thread 0x00000282324fa2c0 Unloading class 0x000002823401a800 'java/lang/invoke/LambdaForm$MH+0x000002823401a800'
Event: 84.190 Thread 0x00000282324fa2c0 Unloading class 0x0000028234019800 'java/lang/invoke/LambdaForm$MH+0x0000028234019800'
Event: 84.190 Thread 0x00000282324fa2c0 Unloading class 0x0000028234018c00 'java/lang/invoke/LambdaForm$MH+0x0000028234018c00'
Event: 84.190 Thread 0x00000282324fa2c0 Unloading class 0x0000028234018800 'java/lang/invoke/LambdaForm$MH+0x0000028234018800'
Event: 84.190 Thread 0x00000282324fa2c0 Unloading class 0x0000028234018000 'java/lang/invoke/LambdaForm$MH+0x0000028234018000'
Event: 84.190 Thread 0x00000282324fa2c0 Unloading class 0x0000028234017c00 'java/lang/invoke/LambdaForm$MH+0x0000028234017c00'
Event: 84.190 Thread 0x00000282324fa2c0 Unloading class 0x0000028234017800 'java/lang/invoke/LambdaForm$MH+0x0000028234017800'
Event: 84.190 Thread 0x00000282324fa2c0 Unloading class 0x0000028234016800 'java/lang/invoke/LambdaForm$MH+0x0000028234016800'
Event: 84.190 Thread 0x00000282324fa2c0 Unloading class 0x0000028234015800 'java/lang/invoke/LambdaForm$MH+0x0000028234015800'
Event: 84.190 Thread 0x00000282324fa2c0 Unloading class 0x0000028234015000 'java/lang/invoke/LambdaForm$MH+0x0000028234015000'
Event: 84.190 Thread 0x00000282324fa2c0 Unloading class 0x0000028234014800 'java/lang/invoke/LambdaForm$MH+0x0000028234014800'
Event: 84.479 Thread 0x00000282324fa2c0 Unloading class 0x0000028234ee3400 'java/lang/invoke/LambdaForm$MH+0x0000028234ee3400'

Classes redefined (0 events):
No events

Internal exceptions (20 events):
Event: 8.596 Thread 0x0000028232665390 Exception <a 'java/lang/NoSuchMethodError'{0x0000000713b15698}: 'long java.lang.invoke.DirectMethodHandle$Holder.invokeStatic(java.lang.Object, java.lang.Object, java.lang.Object)'> (0x0000000713b15698) 
thrown [s\open\src\hotspot\share\interpreter\linkResolver.cpp, line 796]
Event: 8.663 Thread 0x000002827b3da400 Exception <a 'java/lang/NoSuchMethodError'{0x00000007128a1020}: 'java.lang.Object java.lang.invoke.DirectMethodHandle$Holder.invokeSpecial(java.lang.Object, java.lang.Object, java.lang.Object, java.lang.Object, java.lang.Object, long)'> (0x00000007128a1020) 
thrown [s\open\src\hotspot\share\interpreter\linkResolver.cpp, line 796]
Event: 8.663 Thread 0x000002827b3da400 Exception <a 'java/lang/NoSuchMethodError'{0x00000007128a4808}: 'java.lang.Object java.lang.invoke.Invokers$Holder.linkToTargetMethod(java.lang.Object, java.lang.Object, java.lang.Object, long, java.lang.Object)'> (0x00000007128a4808) 
thrown [s\open\src\hotspot\share\interpreter\linkResolver.cpp, line 796]
Event: 8.694 Thread 0x000002821caca240 Exception <a 'java/lang/NoSuchMethodError'{0x00000007126f9c78}: 'void java.lang.invoke.DirectMethodHandle$Holder.invokeSpecialIFC(java.lang.Object, java.lang.Object, int, java.lang.Object, java.lang.Object, java.lang.Object, java.lang.Object)'> (0x00000007126f9c78) 
thrown [s\open\src\hotspot\share\interpreter\linkResolver.cpp, line 796]
Event: 8.775 Thread 0x000002821caca240 Exception <a 'java/lang/NoSuchMethodError'{0x000000070d7834f0}: 'java.lang.Object java.lang.invoke.DirectMethodHandle$Holder.newInvokeSpecial(java.lang.Object, java.lang.Object, java.lang.Object, long)'> (0x000000070d7834f0) 
thrown [s\open\src\hotspot\share\interpreter\linkResolver.cpp, line 796]
Event: 8.775 Thread 0x000002821caca240 Exception <a 'java/lang/NoSuchMethodError'{0x000000070d787398}: 'java.lang.Object java.lang.invoke.DirectMethodHandle$Holder.invokeSpecial(java.lang.Object, java.lang.Object, java.lang.Object, java.lang.Object, long)'> (0x000000070d787398) 
thrown [s\open\src\hotspot\share\interpreter\linkResolver.cpp, line 796]
Event: 8.776 Thread 0x000002821caca240 Exception <a 'java/lang/NoSuchMethodError'{0x000000070d78ab20}: 'java.lang.Object java.lang.invoke.Invokers$Holder.linkToTargetMethod(java.lang.Object, java.lang.Object, long, java.lang.Object)'> (0x000000070d78ab20) 
thrown [s\open\src\hotspot\share\interpreter\linkResolver.cpp, line 796]
Event: 8.819 Thread 0x000002827b3d9d70 Exception <a 'java/lang/IncompatibleClassChangeError'{0x000000070d0b5658}: Found class java.lang.Object, but interface was expected> (0x000000070d0b5658) 
thrown [s\open\src\hotspot\share\interpreter\linkResolver.cpp, line 863]
Event: 8.821 Thread 0x000002827b3da400 Exception <a 'java/lang/NoSuchMethodError'{0x000000070d0dda10}: 'java.lang.Object java.lang.invoke.DelegatingMethodHandle$Holder.reinvoke_L(java.lang.Object, java.lang.Object, int, int, java.lang.Object, java.lang.Object, java.lang.Object, java.lang.Object)'> (0x000000070d0dda10) 
thrown [s\open\src\hotspot\share\interpreter\linkResolver.cpp, line 796]
Event: 8.825 Thread 0x000002827b3d9d70 Exception <a 'java/lang/IncompatibleClassChangeError'{0x000000070ce0cf88}: Found class java.lang.Object, but interface was expected> (0x000000070ce0cf88) 
thrown [s\open\src\hotspot\share\interpreter\linkResolver.cpp, line 863]
Event: 8.825 Thread 0x000002827b3da400 Exception <a 'java/lang/NoSuchMethodError'{0x000000070ce283b0}: 'long java.lang.invoke.Invokers$Holder.invokeExact_MT(java.lang.Object, java.lang.Object)'> (0x000000070ce283b0) 
thrown [s\open\src\hotspot\share\interpreter\linkResolver.cpp, line 796]
Event: 8.905 Thread 0x000002821caca240 Exception <a 'java/lang/NoSuchMethodError'{0x000000070c8c1970}: 'int java.lang.invoke.DirectMethodHandle$Holder.invokeStatic(java.lang.Object, java.lang.Object, int, java.lang.Object)'> (0x000000070c8c1970) 
thrown [s\open\src\hotspot\share\interpreter\linkResolver.cpp, line 796]
Event: 9.271 Thread 0x000002827b3dc4d0 Exception <a 'java/lang/NoSuchMethodError'{0x000000070d4a2818}: 'java.lang.Object java.lang.invoke.DirectMethodHandle$Holder.invokeStaticInit(java.lang.Object, java.lang.Object, java.lang.Object, java.lang.Object, java.lang.Object, java.lang.Object)'> (0x000000070d4a2818) 
thrown [s\open\src\hotspot\share\interpreter\linkResolver.cpp, line 796]
Event: 9.322 Thread 0x000002827b3da400 Exception <a 'java/lang/NoSuchMethodError'{0x000000070d2d9810}: 'java.lang.Object java.lang.invoke.DirectMethodHandle$Holder.newInvokeSpecial(java.lang.Object, java.lang.Object, java.lang.Object, java.lang.Object, long)'> (0x000000070d2d9810) 
thrown [s\open\src\hotspot\share\interpreter\linkResolver.cpp, line 796]
Event: 9.400 Thread 0x000002827b3da400 Exception <a 'java/lang/IncompatibleClassChangeError'{0x000000070d15b608}: Found class java.lang.Object, but interface was expected> (0x000000070d15b608) 
thrown [s\open\src\hotspot\share\interpreter\linkResolver.cpp, line 863]
Event: 9.424 Thread 0x000002827b3da400 Exception <a 'java/lang/NoSuchMethodError'{0x000000070cf006f0}: method resolution failed> (0x000000070cf006f0) 
thrown [s\open\src\hotspot\share\prims\methodHandles.cpp, line 1145]
Event: 9.475 Thread 0x000002827b3da400 Exception <a 'java/lang/NoSuchMethodError'{0x000000070cc9aad0}: 'java.lang.Object java.lang.invoke.DirectMethodHandle$Holder.invokeInterface(java.lang.Object, java.lang.Object, java.lang.Object, java.lang.Object, java.lang.Object)'> (0x000000070cc9aad0) 
thrown [s\open\src\hotspot\share\interpreter\linkResolver.cpp, line 796]
Event: 84.144 Thread 0x000002827b3daa90 Exception <a 'java/lang/NoSuchMethodError'{0x0000000713ad5a40}: 'long java.lang.invoke.DirectMethodHandle$Holder.invokeVirtual(java.lang.Object, java.lang.Object, java.lang.Object)'> (0x0000000713ad5a40) 
thrown [s\open\src\hotspot\share\interpreter\linkResolver.cpp, line 796]
Event: 84.833 Thread 0x000002827b3d89c0 Exception <a 'java/lang/NoSuchMethodError'{0x000000072872fd10}: 'long java.lang.invoke.DirectMethodHandle$Holder.invokeSpecial(java.lang.Object, java.lang.Object, java.lang.Object, long)'> (0x000000072872fd10) 
thrown [s\open\src\hotspot\share\interpreter\linkResolver.cpp, line 796]
Event: 84.834 Thread 0x000002827b3d89c0 Exception <a 'java/lang/NoSuchMethodError'{0x000000072873bc50}: 'java.lang.Object java.lang.invoke.Invokers$Holder.linkToTargetMethod(java.lang.Object, long, java.lang.Object)'> (0x000000072873bc50) 
thrown [s\open\src\hotspot\share\interpreter\linkResolver.cpp, line 796]

VM Operations (20 events):
Event: 89.934 Executing VM operation: G1PauseCleanup done
Event: 90.515 Executing VM operation: G1CollectForAllocation (G1 Evacuation Pause)
Event: 90.620 Executing VM operation: G1CollectForAllocation (G1 Evacuation Pause) done
Event: 92.406 Executing VM operation: G1CollectForAllocation (G1 Evacuation Pause)
Event: 92.592 Executing VM operation: G1CollectForAllocation (G1 Evacuation Pause) done
Event: 93.754 Executing VM operation: G1CollectForAllocation (G1 Evacuation Pause)
Event: 93.863 Executing VM operation: G1CollectForAllocation (G1 Evacuation Pause) done
Event: 94.662 Executing VM operation: G1PauseRemark
Event: 94.666 Executing VM operation: G1PauseRemark done
Event: 94.937 Executing VM operation: G1PauseCleanup
Event: 94.938 Executing VM operation: G1PauseCleanup done
Event: 95.616 Executing VM operation: G1CollectForAllocation (G1 Evacuation Pause)
Event: 95.754 Executing VM operation: G1CollectForAllocation (G1 Evacuation Pause) done
Event: 97.958 Executing VM operation: G1CollectForAllocation (G1 Evacuation Pause)
Event: 98.120 Executing VM operation: G1CollectForAllocation (G1 Evacuation Pause) done
Event: 99.968 Executing VM operation: G1CollectForAllocation (G1 Evacuation Pause)
Event: 100.146 Executing VM operation: G1CollectForAllocation (G1 Evacuation Pause) done
Event: 101.544 Executing VM operation: G1CollectForAllocation (G1 Evacuation Pause)
Event: 101.687 Executing VM operation: G1CollectForAllocation (G1 Evacuation Pause) done
Event: 103.064 Executing VM operation: G1PauseRemark

Memory protections (0 events):
No events

Nmethod flushes (20 events):
Event: 85.838 Thread 0x00000282324fa2c0 flushing  nmethod 0x0000028228501008
Event: 85.838 Thread 0x00000282324fa2c0 flushing  nmethod 0x0000028228501688
Event: 85.838 Thread 0x00000282324fa2c0 flushing  nmethod 0x0000028228501988
Event: 85.838 Thread 0x00000282324fa2c0 flushing  nmethod 0x0000028228501d08
Event: 85.838 Thread 0x00000282324fa2c0 flushing  nmethod 0x0000028228502d08
Event: 85.838 Thread 0x00000282324fa2c0 flushing  nmethod 0x0000028228503008
Event: 85.838 Thread 0x00000282324fa2c0 flushing  nmethod 0x0000028228524908
Event: 85.838 Thread 0x00000282324fa2c0 flushing  nmethod 0x0000028228525608
Event: 85.838 Thread 0x00000282324fa2c0 flushing  nmethod 0x0000028228527588
Event: 85.838 Thread 0x00000282324fa2c0 flushing  nmethod 0x0000028228529388
Event: 85.838 Thread 0x00000282324fa2c0 flushing  nmethod 0x0000028228550308
Event: 85.838 Thread 0x00000282324fa2c0 flushing  nmethod 0x0000028228550f08
Event: 85.838 Thread 0x00000282324fa2c0 flushing  nmethod 0x0000028228551208
Event: 85.838 Thread 0x00000282324fa2c0 flushing  nmethod 0x0000028228623188
Event: 85.838 Thread 0x00000282324fa2c0 flushing  nmethod 0x0000028228624088
Event: 85.838 Thread 0x00000282324fa2c0 flushing  nmethod 0x00000282286b1408
Event: 85.838 Thread 0x00000282324fa2c0 flushing  nmethod 0x00000282286b1708
Event: 85.838 Thread 0x00000282324fa2c0 flushing  nmethod 0x00000282286b1d08
Event: 85.838 Thread 0x00000282324fa2c0 flushing  nmethod 0x00000282286b2008
Event: 85.838 Thread 0x00000282324fa2c0 flushing  nmethod 0x00000282286b2708

Events (20 events):
Event: 8.480 Thread 0x000002821caca240 Thread added: 0x000002827b3ddf10
Event: 9.159 Thread 0x000002821caca240 Thread exited: 0x000002821caca240
Event: 9.159 Thread 0x000002827b3db7b0 Thread added: 0x000002827b3db7b0
Event: 9.241 Thread 0x000002827b3da400 Thread added: 0x000002827b3dc4d0
Event: 10.002 Thread 0x000002827821a190 Thread exited: 0x000002827821a190
Event: 10.240 Thread 0x0000028232616ed0 Thread exited: 0x0000028232616ed0
Event: 12.242 Thread 0x0000028232616130 Thread exited: 0x0000028232616130
Event: 13.654 Thread 0x0000028232615390 Thread exited: 0x0000028232615390
Event: 78.503 Thread 0x0000028232533a40 Thread added: 0x000002827b622220
Event: 78.990 Thread 0x0000028232533a40 Thread added: 0x000002827b620db0
Event: 78.991 Thread 0x0000028232533a40 Thread added: 0x000002827b623d60
Event: 82.465 Thread 0x000002827b623d60 Thread exited: 0x000002827b623d60
Event: 82.465 Thread 0x000002827b620db0 Thread exited: 0x000002827b620db0
Event: 83.855 Thread 0x0000028232533a40 Thread added: 0x000002827b620db0
Event: 83.855 Thread 0x0000028232533a40 Thread added: 0x000002827b621b50
Event: 85.738 Thread 0x000002827b621b50 Thread exited: 0x000002827b621b50
Event: 85.938 Thread 0x0000028232533a40 Thread added: 0x000002827b621480
Event: 87.216 Thread 0x000002827b621480 Thread exited: 0x000002827b621480
Event: 89.464 Thread 0x000002827b620db0 Thread exited: 0x000002827b620db0
Event: 91.217 Thread 0x000002827b622220 Thread exited: 0x000002827b622220


Dynamic libraries:
0x00007ff640d60000 - 0x00007ff640d70000 	C:\Program Files\Java\jdk-23\bin\java.exe
0x00007ff8920e0000 - 0x00007ff892347000 	C:\WINDOWS\SYSTEM32\ntdll.dll
0x00007ff890ea0000 - 0x00007ff890f69000 	C:\WINDOWS\System32\KERNEL32.DLL
0x00007ff88eb30000 - 0x00007ff88ef21000 	C:\WINDOWS\System32\KERNELBASE.dll
0x00007ff88fc50000 - 0x00007ff88fd9b000 	C:\WINDOWS\System32\ucrtbase.dll
0x00007ff886bb0000 - 0x00007ff886bcb000 	C:\Program Files\Java\jdk-23\bin\VCRUNTIME140.dll
0x00007ff884a70000 - 0x00007ff884a87000 	C:\Program Files\Java\jdk-23\bin\jli.dll
0x00007ff891c70000 - 0x00007ff891e35000 	C:\WINDOWS\System32\USER32.dll
0x00007ff88fe50000 - 0x00007ff88fe77000 	C:\WINDOWS\System32\win32u.dll
0x00007ff873730000 - 0x00007ff8739c3000 	C:\WINDOWS\WinSxS\amd64_microsoft.windows.common-controls_6595b64144ccf1df_6.0.26100.8037_none_3e092faae333b53b\COMCTL32.dll
0x00007ff890740000 - 0x00007ff89076b000 	C:\WINDOWS\System32\GDI32.dll
0x00007ff891b70000 - 0x00007ff891c19000 	C:\WINDOWS\System32\msvcrt.dll
0x00007ff88f7a0000 - 0x00007ff88f8cb000 	C:\WINDOWS\System32\gdi32full.dll
0x00007ff88ea80000 - 0x00007ff88eb23000 	C:\WINDOWS\System32\msvcp_win.dll
0x00007ff890cc0000 - 0x00007ff890cf1000 	C:\WINDOWS\System32\IMM32.DLL
0x00007ff886ba0000 - 0x00007ff886bac000 	C:\Program Files\Java\jdk-23\bin\vcruntime140_1.dll
0x00007ff875b50000 - 0x00007ff875bde000 	C:\Program Files\Java\jdk-23\bin\msvcp140.dll
0x00007ffffaf50000 - 0x00007ffffbc9f000 	C:\Program Files\Java\jdk-23\bin\server\jvm.dll
0x00007ff890de0000 - 0x00007ff890e9b000 	C:\WINDOWS\System32\ADVAPI32.dll
0x00007ff891270000 - 0x00007ff891317000 	C:\WINDOWS\System32\sechost.dll
0x00007ff891140000 - 0x00007ff891258000 	C:\WINDOWS\System32\RPCRT4.dll
0x00007ff890020000 - 0x00007ff890094000 	C:\WINDOWS\System32\WS2_32.dll
0x00007ff88d5c0000 - 0x00007ff88d61e000 	C:\WINDOWS\SYSTEM32\POWRPROF.dll
0x00007ff882270000 - 0x00007ff8822a5000 	C:\WINDOWS\SYSTEM32\WINMM.dll
0x00007ff881b00000 - 0x00007ff881b0b000 	C:\WINDOWS\SYSTEM32\VERSION.dll
0x00007ff88d5a0000 - 0x00007ff88d5b4000 	C:\WINDOWS\SYSTEM32\UMPDC.dll
0x00007ff88d870000 - 0x00007ff88d88b000 	C:\WINDOWS\SYSTEM32\kernel.appcore.dll
0x00007ff8862e0000 - 0x00007ff8862ea000 	C:\Program Files\Java\jdk-23\bin\jimage.dll
0x00007ff88c440000 - 0x00007ff88c682000 	C:\WINDOWS\SYSTEM32\DBGHELP.DLL
0x00007ff8900a0000 - 0x00007ff890422000 	C:\WINDOWS\System32\combase.dll
0x00007ff890d00000 - 0x00007ff890dd7000 	C:\WINDOWS\System32\OLEAUT32.dll
0x00007ff87d780000 - 0x00007ff87d7bb000 	C:\WINDOWS\SYSTEM32\dbgcore.DLL
0x00007ff88fda0000 - 0x00007ff88fe45000 	C:\WINDOWS\System32\bcryptPrimitives.dll
0x00007ff8821b0000 - 0x00007ff8821ce000 	C:\Program Files\Java\jdk-23\bin\java.dll
0x00007ff88fe80000 - 0x00007ff890015000 	C:\WINDOWS\System32\ole32.dll
0x00007ff891400000 - 0x00007ff891b5f000 	C:\WINDOWS\System32\SHELL32.dll
0x00007ff88f8d0000 - 0x00007ff88fa3a000 	C:\WINDOWS\System32\wintypes.dll
0x00007ff88ef30000 - 0x00007ff88f794000 	C:\WINDOWS\System32\windows.storage.dll
0x00007ff890440000 - 0x00007ff890537000 	C:\WINDOWS\System32\SHCORE.dll
0x00007ff890f70000 - 0x00007ff890fd7000 	C:\WINDOWS\System32\shlwapi.dll
0x00007ff88e8e0000 - 0x00007ff88e909000 	C:\WINDOWS\SYSTEM32\profapi.dll
0x00007ff884d90000 - 0x00007ff884da0000 	C:\Program Files\Java\jdk-23\bin\net.dll
0x00007ff88dde0000 - 0x00007ff88de4b000 	C:\WINDOWS\system32\mswsock.dll
0x00007ff882190000 - 0x00007ff8821a6000 	C:\Program Files\Java\jdk-23\bin\nio.dll
0x00007ff882170000 - 0x00007ff882187000 	C:\Program Files\Java\jdk-23\bin\zip.dll
0x00007ff87d8c0000 - 0x00007ff87d8d0000 	C:\Program Files\Java\jdk-23\bin\verify.dll
0x00007ff87d8b0000 - 0x00007ff87d8be000 	C:\Program Files\Java\jdk-23\bin\sunmscapi.dll
0x00007ff88fa40000 - 0x00007ff88fbb7000 	C:\WINDOWS\System32\CRYPT32.dll
0x00007ff88e2e0000 - 0x00007ff88e310000 	C:\WINDOWS\SYSTEM32\ncrypt.dll
0x00007ff88e290000 - 0x00007ff88e2cf000 	C:\WINDOWS\SYSTEM32\NTASN1.dll
0x00007ff88e0c0000 - 0x00007ff88e0db000 	C:\WINDOWS\SYSTEM32\CRYPTSP.dll
0x00007ff88d7d0000 - 0x00007ff88d809000 	C:\WINDOWS\system32\rsaenh.dll
0x00007ff88de90000 - 0x00007ff88dec2000 	C:\WINDOWS\SYSTEM32\USERENV.dll
0x00007ff88e8b0000 - 0x00007ff88e8da000 	C:\WINDOWS\SYSTEM32\bcrypt.dll
0x00007ff88e0e0000 - 0x00007ff88e0ec000 	C:\WINDOWS\SYSTEM32\CRYPTBASE.dll
0x00007ff88d260000 - 0x00007ff88d293000 	C:\WINDOWS\SYSTEM32\IPHLPAPI.DLL
0x00007ff891260000 - 0x00007ff89126a000 	C:\WINDOWS\System32\NSI.dll
0x00007ff87d8a0000 - 0x00007ff87d8aa000 	C:\Program Files\Java\jdk-23\bin\management.dll
0x00007ff87d890000 - 0x00007ff87d89b000 	C:\Program Files\Java\jdk-23\bin\management_ext.dll
0x00007ff891c30000 - 0x00007ff891c38000 	C:\WINDOWS\System32\PSAPI.DLL
0x00007ff88d2a0000 - 0x00007ff88d3ca000 	C:\WINDOWS\SYSTEM32\DNSAPI.dll
0x00007ff886620000 - 0x00007ff88662b000 	C:\Windows\System32\rasadhlp.dll
0x00007ff889180000 - 0x00007ff889206000 	C:\WINDOWS\System32\fwpuclnt.dll
0x00007ff87d880000 - 0x00007ff87d889000 	C:\Program Files\Java\jdk-23\bin\extnet.dll
0x00007ff84d900000 - 0x00007ff84d908000 	C:\WINDOWS\system32\wshunix.dll

dbghelp: loaded successfully - version: 4.0.5 - missing functions: none
symbol engine: initialized successfully - sym options: 0x614 - pdb path: .;C:\Program Files\Java\jdk-23\bin;C:\WINDOWS\SYSTEM32;C:\WINDOWS\WinSxS\amd64_microsoft.windows.common-controls_6595b64144ccf1df_6.0.26100.8037_none_3e092faae333b53b;C:\Program Files\Java\jdk-23\bin\server

VM Arguments:
jvm_args: -XX:TieredStopAtLevel=1 
java_command: demo.ticket_app.TicketAppApplication
java_class_path (initial): D:\ticket\ticket-app\target\classes;C:\Users\ASUS\.m2\repository\org\springframework\boot\spring-boot\3.5.13\spring-boot-3.5.13.jar;C:\Users\ASUS\.m2\repository\org\springframework\boot\spring-boot-autoconfigure\3.5.13\spring-boot-autoconfigure-3.5.13.jar;C:\Users\ASUS\.m2\repository\org\apache\logging\log4j\log4j-to-slf4j\2.24.3\log4j-to-slf4j-2.24.3.jar;C:\Users\ASUS\.m2\repository\org\apache\logging\log4j\log4j-api\2.24.3\log4j-api-2.24.3.jar;C:\Users\ASUS\.m2\repository\org\slf4j\jul-to-slf4j\2.0.17\jul-to-slf4j-2.0.17.jar;C:\Users\ASUS\.m2\repository\jakarta\annotation\jakarta.annotation-api\2.1.1\jakarta.annotation-api-2.1.1.jar;C:\Users\ASUS\.m2\repository\org\yaml\snakeyaml\2.4\snakeyaml-2.4.jar;C:\Users\ASUS\.m2\repository\org\springframework\boot\spring-boot-actuator-autoconfigure\3.5.13\spring-boot-actuator-autoconfigure-3.5.13.jar;C:\Users\ASUS\.m2\repository\org\springframework\boot\spring-boot-actuator\3.5.13\spring-boot-actuator-3.5.13.jar;C:\Users\ASUS\.m2\repository\io\micrometer\micrometer-observation\1.15.10\micrometer-observation-1.15.10.jar;C:\Users\ASUS\.m2\repository\io\micrometer\micrometer-commons\1.15.10\micrometer-commons-1.15.10.jar;C:\Users\ASUS\.m2\repository\io\micrometer\micrometer-jakarta9\1.15.10\micrometer-jakarta9-1.15.10.jar;C:\Users\ASUS\.m2\repository\io\micrometer\micrometer-core\1.15.10\micrometer-core-1.15.10.jar;C:\Users\ASUS\.m2\repository\org\hdrhistogram\HdrHistogram\2.2.2\HdrHistogram-2.2.2.jar;C:\Users\ASUS\.m2\repository\org\latencyutils\LatencyUtils\2.0.3\LatencyUtils-2.0.3.jar;C:\Users\ASUS\.m2\repository\com\zaxxer\HikariCP\6.3.3\HikariCP-6.3.3.jar;C:\Users\ASUS\.m2\repository\org\springframework\spring-jdbc\6.2.17\spring-jdbc-6.2.17.jar;C:\Users\ASUS\.m2\repository\org\hibernate\orm\hibernate-core\6.6.45.Final\hibernate-core-6.6.45.Final.jar;C:\Users\ASUS\.m2\repository\jakarta\persistence\jakarta.persistence-api\3.1.0\jakarta.persistence-api-3.1.0.jar;C:\Users\ASUS\.m2\repository\jakarta\transaction\jakarta.transaction-api\2.0.1\jakarta.transaction-api-2.0.1.jar;C:\Users\ASUS\.m2\repository\org\jboss\logging\jboss-logging\3.6.3.Final\jboss-logging-3.6.3.Final.jar;C:\Users\ASUS\.m2\repository\org\hibernate\common\hibernate-commons-annotations\7.0.3.Final\hibernate-commons-annotations-7.0.3.Final.jar;C:\Users\ASUS\.m2\repository\io\smallrye\jandex\3.2.0\jandex-3.2.0.jar;C:\Users\ASUS\.m2\repository\com\fasterxml\classmate\1.7.3\classmate-1.7.3.jar;C:\Users\ASUS\.m2\repository\net\bytebuddy\byte-buddy\1.17.8\byte-buddy-1.17.8.jar;C:\Users\ASUS\.m2\repository\org\glassfish\jaxb\jaxb-runtime\4.0.6\jaxb-runtime-4.0.6.jar;C:\Users\ASUS\.m2\repository\org\glassfish\jaxb\jaxb-core\4.0.6\jaxb-core-4.0.6.jar;C:\Users\ASUS\.m2\repository\org\glassfish\jaxb\txw2\4.0.6\txw2-4.0.6.jar;C:\Users\ASUS\.m2\repository\com\sun\istack\istack-commons-runtime\4.1.2\istack-commons-runtime-4.1.2.jar;C:\Users\ASUS\.m2\repository\jakarta\inject\jakarta.inject-api\2.0.1\jakarta.inject-api-2.0.1.jar;C:\Users\ASUS\.m2\repository\org\antlr\antlr4-runtime\4.13.0\antlr4-runtime-4.13.0.jar;C:\Users\ASUS\.m2\repository\org\springframework\data\spring-data-jpa\3.5.10\spring-data-jpa-3.5.10.jar;C:\Users\ASUS\.m2\repository\org\springframework\data\spring-data-commons\3.5.10\spring-data-commons-3.5.10.jar;C:\Users\ASUS\.m2\repository\org\springframework\spring-orm\6.2.17\spring-orm-6.2.17.jar;C:\Users\ASUS\.m2\repository\org\springframework\spring-beans\6.2.17\spring-beans-6.2.17.jar;C:\Users\ASUS\.m2\repository\org\slf4j\slf4j-api\2.0.17\slf4j-api-2.0.17.jar;C:\Users\ASUS\.m2\repository\org\springframework\spring-aspects\6.2.17\spring-aspects-6.2.17.jar;C:\Users\ASUS\.m2\repository\org\aspectj\aspectjweaver\1.9.25.1\aspectjweaver-1.9.25.1.jar;C:\Users\ASUS\.m2\repository\io\lettuce\lettuce-core\6.6.0.RELEASE\lettuce-core-6.6.0.RELEASE.jar;C:\Users\ASUS\.m2\repository\redis\clients\authentication\redis-authx-core\0.1.1-beta2\redis-authx-core-0.1.1-beta2.jar;C:\Users\ASUS\.m2\repository\io\netty\netty-common\4.1.132.Final\netty-common-4.1.132.Final.jar;C:\Users\ASUS\.m2\repository\io\netty\netty-handler\4.1.132.Final\netty-handler-4.1.132.Final.jar;C:\Users\ASUS\.m2\repository\io\netty\netty-resolver\4.1.132.Final\netty-resolver-4.1.132.Final.jar;C:\Users\ASUS\.m2\repository\io\netty\netty-buffer\4.1.132.Final\netty-buffer-4.1.132.Final.jar;C:\Users\ASUS\.m2\repository\io\netty\netty-transport-native-unix-common\4.1.132.Final\netty-transport-native-unix-common-4.1.132.Final.jar;C:\Users\ASUS\.m2\repository\io\netty\netty-codec\4.1.132.Final\netty-codec-4.1.132.Final.jar;C:\Users\ASUS\.m2\repository\io\netty\netty-transport\4.1.132.Final\netty-transport-4.1.132.Final.jar;C:\Users\ASUS\.m2\repository\io\projectreactor\reactor-core\3.7.17\reactor-core-3.7.17.jar;C:\Users\ASUS\.m2\repository\org\reactivestreams\reactive-streams\1.0.4\reactive-streams-1.0.4.jar;C:\Users\ASUS\.m2\repository\org\springframework\data\spring-data-redis\3.5.10\spring-data-redis-3.5.10.jar;C:\Users\ASUS\.m2\repository\org\springframework\data\spring-data-keyvalue\3.5.10\spring-data-keyvalue-3.5.10.jar;C:\Users\ASUS\.m2\repository\org\springframework\spring-oxm\6.2.17\spring-oxm-6.2.17.jar;C:\Users\ASUS\.m2\repository\org\springframework\spring-context-support\6.2.17\spring-context-support-6.2.17.jar;C:\Users\ASUS\.m2\repository\org\eclipse\angus\jakarta.mail\2.0.5\jakarta.mail-2.0.5.jar;C:\Users\ASUS\.m2\repository\jakarta\activation\jakarta.activation-api\2.1.4\jakarta.activation-api-2.1.4.jar;C:\Users\ASUS\.m2\repository\org\eclipse\angus\angus-activation\2.0.3\angus-activation-2.0.3.jar;C:\Users\ASUS\.m2\repository\org\springframework\spring-aop\6.2.17\spring-aop-6.2.17.jar;C:\Users\ASUS\.m2\repository\org\springframework\security\spring-security-config\6.5.9\spring-security-config-6.5.9.jar;C:\Users\ASUS\.m2\repository\org\springframework\security\spring-security-web\6.5.9\spring-security-web-6.5.9.jar;C:\Users\ASUS\.m2\repository\org\springframework\spring-expression\6.2.17\spring-expression-6.2.17.jar;C:\Users\ASUS\.m2\repository\org\apache\tomcat\embed\tomcat-embed-el\10.1.53\tomcat-embed-el-10.1.53.jar;C:\Users\ASUS\.m2\repository\org\hibernate\validator\hibernate-validator\8.0.3.Final\hibernate-validator-8.0.3.Final.jar;C:\Users\ASUS\.m2\repository\jakarta\validation\jakarta.validation-api\3.0.2\jakarta.validation-api-3.0.2.jar;C:\Users\ASUS\.m2\repository\com\fasterxml\jackson\datatype\jackson-datatype-jdk8\2.21.2\jackson-datatype-jdk8-2.21.2.jar;C:\Users\ASUS\.m2\repository\com\fasterxml\jackson\module\jackson-module-parameter-names\2.21.2\jackson-module-parameter-names-2.21.2.jar;C:\Users\ASUS\.m2\repository\org\apache\tomcat\embed\tomcat-embed-core\10.1.53\tomcat-embed-core-10.1.53.jar;C:\Users\ASUS\.m2\repository\org\apache\tomcat\embed\tomcat-embed-websocket\10.1.53\tomcat-embed-websocket-10.1.53.jar;C:\Users\ASUS\.m2\repository\org\springframework\spring-web\6.2.17\spring-web-6.2.17.jar;C:\Users\ASUS\.m2\repository\org\springframework\spring-webmvc\6.2.17\spring-webmvc-6.2.17.jar;C:\Users\ASUS\.m2\repository\com\github\javafaker\javafaker\1.0.2\javafaker-1.0.2.jar;C:\Users\ASUS\.m2\repository\org\apache\commons\commons-lang3\3.17.0\commons-lang3-3.17.0.jar;C:\Users\ASUS\.m2\repository\org\yaml\snakeyaml\1.23\snakeyaml-1.23-android.jar;C:\Users\ASUS\.m2\repository\com\github\mifmif\generex\1.0.2\generex-1.0.2.jar;C:\Users\ASUS\.m2\repository\dk\brics\automaton\automaton\1.11-8\automaton-1.11-8.jar;C:\Users\ASUS\.m2\repository\com\google\api-client\google-api-client\2.7.2\google-api-client-2.7.2.jar;C:\Users\ASUS\.m2\repository\commons-codec\commons-codec\1.18.0\commons-codec-1.18.0.jar;C:\Users\ASUS\.m2\repository\com\google\auth\google-auth-library-credentials\1.30.0\google-auth-library-credentials-1.30.0.jar;C:\Users\ASUS\.m2\repository\com\google\auth\google-auth-library-oauth2-http\1.30.0\google-auth-library-oauth2-http-1.30.0.jar;C:\Users\ASUS\.m2\repository\com\google\auto\value\auto-value-annotations\1.11.0\auto-value-annotations-1.11.0.jar;C:\Users\ASUS\.m2\repository\com\google\code\findbugs\jsr305\3.0.2\jsr305-3.0.2.jar;C:\Users\ASUS\.m2\repository\com\google\errorprone\error_prone_annotations\2.35.1\error_prone_annotations-2.35.1.jar;C:\Users\ASUS\.m2\repository\com\google\guava\guava\33.1.0-jre\guava-33.1.0-jre.jar;C:\Users\ASUS\.m2\repository\com\google\guava\failureaccess\1.0.2\failureaccess-1.0.2.jar;C:\Users\ASUS\.m2\repository\com\google\guava\listenablefuture\9999.0-empty-to-avoid-conflict-with-guava\listenablefuture-9999.0-empty-to-avoid-conflict-with-guava.jar;C:\Users\ASUS\.m2\repository\com\google\j2objc\j2objc-annotations\3.0.0\j2objc-annotations-3.0.0.jar;C:\Users\ASUS\.m2\repository\com\google\http-client\google-http-client-apache-v2\1.45.2\google-http-client-apache-v2-1.45.2.jar;C:\Users\ASUS\.m2\repository\org\apache\httpcomponents\httpcore\4.4.16\httpcore-4.4.16.jar;C:\Users\ASUS\.m2\repository\org\apache\httpcomponents\httpclient\4.5.14\httpclient-4.5.14.jar;C:\Users\ASUS\.m2\repository\commons-logging\commons-logging\1.2\commons-logging-1.2.jar;C:\Users\ASUS\.m2\repository\com\google\http-client\google-http-client\1.45.2\google-http-client-1.45.2.jar;C:\Users\ASUS\.m2\repository\io\grpc\grpc-context\1.68.2\grpc-context-1.68.2.jar;C:\Users\ASUS\.m2\repository\io\grpc\grpc-api\1.68.2\grpc-api-1.68.2.jar;C:\Users\ASUS\.m2\repository\io\opencensus\opencensus-api\0.31.1\opencensus-api-0.31.1.jar;C:\Users\ASUS\.m2\repository\io\opencensus\opencensus-contrib-http-util\0.31.1\opencensus-contrib-http-util-0.31.1.jar;C:\Users\ASUS\.m2\repository\com\google\oauth-client\google-oauth-client\1.36.0\google-oauth-client-1.36.0.jar;C:\Users\ASUS\.m2\repository\com\google\http-client\google-http-client-gson\1.45.3\google-http-client-gson-1.45.3.jar;C:\Users\ASUS\.m2\repository\com\google\code\gson\gson\2.13.2\gson-2.13.2.jar;C:\Users\ASUS\.m2\repository\org\springframework\kafka\spring-kafka\3.3.14\spring-kafka-3.3.14.jar;C:\Users\ASUS\.m2\repository\org\springframework\spring-context\6.2.17\spring-context-6.2.17.jar;C:\Users\ASUS\.m2\repository\org\springframework\spring-messaging\6.2.17\spring-messaging-6.2.17.jar;C:\Users\ASUS\.m2\repository\org\springframework\spring-tx\6.2.17\spring-tx-6.2.17.jar;C:\Users\ASUS\.m2\repository\org\springframework\retry\spring-retry\2.0.12\spring-retry-2.0.12.jar;C:\Users\ASUS\.m2\repository\org\apache\kafka\kafka-clients\3.9.2\kafka-clients-3.9.2.jar;C:\Users\ASUS\.m2\repository\com\github\luben\zstd-jni\1.5.6-4\zstd-jni-1.5.6-4.jar;C:\Users\ASUS\.m2\repository\at\yawk\lz4\lz4-java\1.10.1\lz4-java-1.10.1.jar;C:\Users\ASUS\.m2\repository\org\xerial\snappy\snappy-java\1.1.10.5\snappy-java-1.1.10.5.jar;C:\Users\ASUS\.m2\repository\com\fasterxml\jackson\datatype\jackson-datatype-jsr310\2.21.2\jackson-datatype-jsr310-2.21.2.jar;C:\Users\ASUS\.m2\repository\com\fasterxml\jackson\core\jackson-annotations\2.21\jackson-annotations-2.21.jar;C:\Users\ASUS\.m2\repository\com\fasterxml\jackson\core\jackson-core\2.21.2\jackson-core-2.21.2.jar;C:\Users\ASUS\.m2\repository\com\fasterxml\jackson\core\jackson-databind\2.21.2\jackson-databind-2.21.2.jar;C:\Users\ASUS\.m2\repository\io\jsonwebtoken\jjwt-api\0.11.5\jjwt-api-0.11.5.jar;C:\Users\ASUS\.m2\repository\io\jsonwebtoken\jjwt-impl\0.11.5\jjwt-impl-0.11.5.jar;C:\Users\ASUS\.m2\repository\io\jsonwebtoken\jjwt-jackson\0.11.5\jjwt-jackson-0.11.5.jar;C:\Users\ASUS\.m2\repository\org\postgresql\postgresql\42.7.10\postgresql-42.7.10.jar;C:\Users\ASUS\.m2\repository\org\checkerframework\checker-qual\3.52.0\checker-qual-3.52.0.jar;C:\Users\ASUS\.m2\repository\jakarta\xml\bind\jakarta.xml.bind-api\4.0.4\jakarta.xml.bind-api-4.0.4.jar;C:\Users\ASUS\.m2\repository\org\springframework\spring-core\6.2.17\spring-core-6.2.17.jar;C:\Users\ASUS\.m2\repository\org\springframework\spring-jcl\6.2.17\spring-jcl-6.2.17.jar;C:\Users\ASUS\.m2\repository\ch\qos\logback\logback-core\1.5.32\logback-core-1.5.32.jar;C:\Users\ASUS\.m2\repository\ch\qos\logback\logback-classic\1.5.32\logback-classic-1.5.32.jar;C:\Users\ASUS\.m2\repository\org\springframework\security\spring-security-core\6.5.9\spring-security-core-6.5.9.jar;C:\Users\ASUS\.m2\repository\org\springframework\security\spring-security-crypto\6.5.9\spring-security-crypto-6.5.9.jar
Launcher Type: SUN_STANDARD

[Global flags]
     intx CICompilerCount                          = 4                                         {product} {ergonomic}
     uint ConcGCThreads                            = 3                                         {product} {ergonomic}
     uint G1ConcRefinementThreads                  = 10                                        {product} {ergonomic}
   size_t G1HeapRegionSize                         = 2097152                                   {product} {ergonomic}
   size_t InitialHeapSize                          = 264241152                                 {product} {ergonomic}
   size_t MarkStackSize                            = 4194304                                   {product} {ergonomic}
   size_t MarkStackSizeMax                         = 536870912                                 {product} {ergonomic}
   size_t MaxHeapSize                              = 4227858432                                {product} {ergonomic}
   size_t MaxNewSize                               = 2535456768                                {product} {ergonomic}
   size_t MinHeapDeltaBytes                        = 2097152                                   {product} {ergonomic}
   size_t MinHeapSize                              = 8388608                                   {product} {ergonomic}
    uintx NonNMethodCodeHeapSize                   = 4096                                   {pd product} {ergonomic}
    uintx NonProfiledCodeHeapSize                  = 0                                      {pd product} {ergonomic}
     bool ProfileInterpreter                       = false                                  {pd product} {command line}
    uintx ProfiledCodeHeapSize                     = 0                                      {pd product} {ergonomic}
   size_t SoftMaxHeapSize                          = 4227858432                             {manageable} {ergonomic}
     intx TieredStopAtLevel                        = 1                                         {product} {command line}
     bool UseCompressedOops                        = true                           {product lp64_product} {ergonomic}
     bool UseG1GC                                  = true                                      {product} {ergonomic}
     bool UseLargePagesIndividualAllocation        = false                                  {pd product} {ergonomic}

Logging:
Log output configuration:
 #0: stdout all=warning uptime,level,tags foldmultilines=false
 #1: stderr all=off uptime,level,tags foldmultilines=false

Environment Variables:
PATH=C:\Program Files\Common Files\Oracle\Java\javapath;C:\Program Files (x86)\Common Files\Oracle\Java\javapath;C:\WINDOWS\system32;C:\WINDOWS;C:\WINDOWS\System32\Wbem;C:\WINDOWS\System32\WindowsPowerShell\v1.0\;C:\WINDOWS\System32\OpenSSH\;C:\Program Files (x86)\NVIDIA Corporation\PhysX\Common;C:\Program Files (x86)\Windows Kits\10\Windows Performance Toolkit\;C:\Program Files\Git\cmd;C:\Program Files\dotnet\;C:\Program Files\NVIDIA Corporation\NVIDIA app\NvDLISR;C:\WINDOWS\system32;C:\WINDOWS;C:\WINDOWS\System32\Wbem;C:\WINDOWS\System32\WindowsPowerShell\v1.0\;C:\WINDOWS\System32\OpenSSH\;C:\Program Files\nodejs\;C:\Program Files\Microsoft SQL Server\150\Tools\Binn\;C:\Program Files\Microsoft SQL Server\Client SDK\ODBC\170\Tools\Binn\;C:\Program Files\Cloudflare\Cloudflare WARP\;C:\Program Files\Docker\Docker\resources\bin;C:\apache-maven-3.9.14\bin;C:\Users\ASUS\AppData\Local\Programs\Python\Python313\Scripts\;C:\Users\ASUS\AppData\Local\Programs\Python\Python313\;C:\Users\ASUS\AppData\Local\Microsoft\WindowsApps;C:\Users\ASUS\AppData\Local\Programs\Microsoft VS Code\bin;C:\Users\ASUS\AppData\Local\Android\Sdk;D:\SDK\flutter\bin;C:\msys64_update\ucrt64\bin;C:\Program Files\Java\jdk-22\bin;C:\Users\ASUS\.lmstudio\bin;C:\Users\ASUS\AppData\Roaming\npm;C:\Users\ASUS\.dotnet\tools;C:\Program Files\nodejs;C:\Program Files\JetBrains\IntelliJ IDEA Community Edition 2025.2.2\bin;C:\Users\ASUS\AppData\Local\Programs\MiKTeX\miktex\bin\x64\;C:\Users\ASUS\AppData\Local\Programs\Windsurf\bin;D:\Download\Antigravity\bin;c:\Users\ASUS\.antigravity\extensions\vscjava.vscode-java-debug-0.58.5-universal\bundled\scripts\noConfigScripts
USERNAME=ASUS
LANG=en_US.UTF-8
OS=Windows_NT
PROCESSOR_IDENTIFIER=Intel64 Family 6 Model 141 Stepping 1, GenuineIntel
TMP=C:\Users\ASUS\AppData\Local\Temp
TEMP=C:\Users\ASUS\AppData\Local\Temp




Periodic native trim disabled

---------------  S Y S T E M  ---------------

OS:
 Windows 11 , 64 bit Build 26100 (10.0.26100.7920)
OS uptime: 0 days 0:39 hours
Hyper-V role detected

CPU: total 12 (initial active 12) (6 cores per cpu, 2 threads per core) family 6 model 141 stepping 1 microcode 0x34, cx8, cmov, fxsr, ht, mmx, 3dnowpref, sse, sse2, sse3, ssse3, sse4.1, sse4.2, popcnt, lzcnt, tsc, tscinvbit, avx, avx2, aes, erms, clmul, bmi1, bmi2, adx, avx512f, avx512dq, avx512cd, avx512bw, avx512vl, sha, fma, vzeroupper, avx512_vpopcntdq, avx512_vpclmulqdq, avx512_vaes, avx512_vnni, clflush, clflushopt, clwb, avx512_vbmi2, avx512_vbmi, hv, rdtscp, rdpid, fsrm, gfni, avx512_bitalg, f16c, cet_ibt, cet_ss, avx512_ifma
Processor Information for the first 12 processors :
  Max Mhz: 2688, Current Mhz: 2688, Mhz Limit: 2688

Memory: 4k page, system-wide physical 16122M (877M free)
TotalPageFile size 27627M (AvailPageFile size 477M)
current process WorkingSet (physical memory assigned to process): 2619M, peak: 2619M
current process commit charge ("private bytes"): 2824M, peak: 3796M

vm_info: Java HotSpot(TM) 64-Bit Server VM (23+37-2369) for windows-amd64 JRE (23+37-2369), built on 2024-08-20T16:01:23Z with MS VC++ 17.6 (VS2022)

END.
